mine_id,month,year,planned_production_tpd,actual_production_tpd,rainfall_mm,equipment_availability_pct,blasting_days,haul_road_condition,crusher_capacity_tpd,num_dumpers,num_shovels,shortfall_risk,lag_1,lag_2,lag_3
Mine_A_Dongri_Buzurg,1,2016,1788.4778467142824,1624.88837898358,33.022363751703104,0.9006666891951361,19,4,2105.501863822433,8,3,Medium,1624.88837898358,1624.88837898358,1624.88837898358
Mine_A_Dongri_Buzurg,2,2016,1308.2745928904228,1502.049258170452,25.08361441749428,0.9777461536649906,24,4,1553.3369446839774,7,4,Low,1624.88837898358,1624.88837898358,1624.88837898358
Mine_A_Dongri_Buzurg,3,2016,1089.358004410593,701.3307084466079,32.85005822765167,0.8895505152661788,19,3,1386.763866431456,5,4,High,1502.049258170452,1624.88837898358,1624.88837898358
Mine_A_Dongri_Buzurg,4,2016,1818.5449737612566,1484.2888760577869,37.96709526311429,0.9536506916639027,23,3,2204.5480397721067,7,3,High,701.3307084466079,1502.049258170452,1624.88837898358
Mine_A_Dongri_Buzurg,5,2016,1631.9610379319595,1026.2351309238397,25.235103799976528,0.9268106045526658,19,5,1977.0621282406935,5,2,High,1484.2888760577869,701.3307084466079,1502.049258170452
Mine_A_Dongri_Buzurg,6,2016,1037.2747211515646,312.8456463072522,308.3799978313217,0.7171234759779765,11,1,1234.8828595880764,6,4,High,1026.2351309238397,1484.2888760577869,701.3307084466079
Mine_A_Dongri_Buzurg,7,2016,1881.4398074086148,564.4319422225844,408.4505367098916,0.7254502150295248,8,1,2189.9406662678575,8,2,High,312.8456463072522,1026.2351309238397,1484.2888760577869
Mine_A_Dongri_Buzurg,8,2016,1667.9279200461428,500.37837601384285,371.49472414667105,0.7816371409220082,12,2,2126.09949398815,7,2,High,564.4319422225844,312.8456463072522,1026.2351309238397
Mine_A_Dongri_Buzurg,9,2016,1001.1279777657641,300.33839332972923,225.71500690923025,0.8156503988773322,6,1,1185.7452532071454,7,2,High,500.37837601384285,564.4319422225844,312.8456463072522
Mine_A_Dongri_Buzurg,10,2016,1547.4291366508605,1192.9164570182054,13.935349719418024,0.8759999832107755,23,5,1995.0889012822881,6,2,High,300.33839332972923,500.37837601384285,564.4319422225844
Mine_A_Dongri_Buzurg,11,2016,1677.8789303816661,2097.3486629770828,9.48470664516086,0.9680651098806149,23,5,2106.0812492737755,8,4,Low,1192.9164570182054,300.33839332972923,500.37837601384285
Mine_A_Dongri_Buzurg,12,2016,1671.964648175644,1203.1841044689083,21.881840737014166,0.8515484786427717,21,4,2018.842613426039,6,3,High,2097.3486629770828,1192.9164570182054,300.33839332972923
Mine_A_Dongri_Buzurg,1,2017,1197.8860746335502,1087.6768605678021,27.11377990089785,0.8868133638364741,15,5,1392.3970249287927,7,4,Medium,1203.1841044689083,2097.3486629770828,1192.9164570182054
Mine_A_Dongri_Buzurg,2,2017,1475.7750076481639,1220.2981920649615,13.645303119934704,0.9517907108278056,25,5,1892.1796190946493,6,2,High,1087.6768605678021,1203.1841044689083,2097.3486629770828
Mine_A_Dongri_Buzurg,3,2017,1083.5520956094258,566.1937405114451,4.804775326124022,0.970771942235308,20,3,1209.3648284830351,5,2,High,1220.2981920649615,1087.6768605678021,1203.1841044689083
Mine_A_Dongri_Buzurg,4,2017,1419.9305258085008,731.9028196346458,36.265198744517704,0.9039268264372926,22,3,1829.3376873665052,5,2,High,566.1937405114451,1220.2981920649615,1087.6768605678021
Mine_A_Dongri_Buzurg,5,2017,1697.5107633586895,1108.2547814853644,2.088775466462045,0.8705207651345761,16,4,2054.4135857307524,5,4,High,731.9028196346458,566.1937405114451,1220.2981920649615
Mine_A_Dongri_Buzurg,6,2017,1061.6401382820252,318.49204148460757,277.67288235360473,0.7974168189516849,11,1,1214.175827318849,5,3,High,1108.2547814853644,731.9028196346458,566.1937405114451
Mine_A_Dongri_Buzurg,7,2017,1386.0986253371336,415.8295876011401,368.38203781676975,0.7275753234359821,8,1,1739.3719416866045,5,2,High,318.49204148460757,1108.2547814853644,731.9028196346458
Mine_A_Dongri_Buzurg,8,2017,1223.2196962546618,366.96590887639854,277.48369813880504,0.7701454892967614,14,1,1371.9401189810392,5,4,High,415.8295876011401,318.49204148460757,1108.2547814853644
Mine_A_Dongri_Buzurg,9,2017,1249.9475952050318,374.98427856150954,280.40329019255387,0.6644216425278279,8,2,1561.1267438299685,6,4,High,366.96590887639854,415.8295876011401,318.49204148460757
Mine_A_Dongri_Buzurg,10,2017,1226.6412981339413,936.0996743913987,31.587127993774473,0.8541415090220924,21,3,1539.5929342545398,7,3,High,374.98427856150954,366.96590887639854,415.8295876011401
Mine_A_Dongri_Buzurg,11,2017,1843.2542663038435,1266.2187056769214,19.040011454360872,0.8695460720104399,15,5,2116.211519010264,6,3,High,936.0996743913987,374.98427856150954,366.96590887639854
Mine_A_Dongri_Buzurg,12,2017,1458.1021321108549,1229.4971955000472,19.00406743348436,0.9553859454095952,16,5,1742.9311310473531,8,2,High,1266.2187056769214,936.0996743913987,374.98427856150954
Mine_A_Dongri_Buzurg,1,2018,1508.5316066113023,841.1418512029503,18.893436494359165,0.9085900965662291,22,3,1772.1699792565273,5,2,High,1229.4971955000472,1266.2187056769214,936.0996743913987
Mine_A_Dongri_Buzurg,2,2018,1745.8697034429224,2011.6939348074377,23.090026281256332,0.9472369494384869,24,4,2116.2502490909133,7,4,Low,841.1418512029503,1229.4971955000472,1266.2187056769214
Mine_A_Dongri_Buzurg,3,2018,1222.7686915842257,1528.4608644802822,15.062068430612104,0.9663478615969737,24,5,1414.4713687617398,7,4,Low,2011.6939348074377,841.1418512029503,1229.4971955000472
Mine_A_Dongri_Buzurg,4,2018,1809.7178303500243,1115.7267769977673,18.940329253542618,0.9168044044029853,15,4,2329.626054110795,5,3,High,1528.4608644802822,2011.6939348074377,841.1418512029503
Mine_A_Dongri_Buzurg,5,2018,1781.9997524915143,1317.5212403265843,17.948128064670374,0.9245189958692799,22,3,2126.3944487866333,5,4,High,1115.7267769977673,1528.4608644802822,2011.6939348074377
Mine_A_Dongri_Buzurg,6,2018,1140.995444413789,342.2986333241367,339.59503082800705,0.8079555309817472,8,1,1320.9801101805933,5,4,High,1317.5212403265843,1115.7267769977673,1528.4608644802822
Mine_A_Dongri_Buzurg,7,2018,1221.5100689848177,366.45302069544533,256.65856935117586,0.6798440585558061,7,1,1472.7064981233702,8,2,High,342.2986333241367,1317.5212403265843,1115.7267769977673
Mine_A_Dongri_Buzurg,8,2018,1792.3934802564897,537.7180440769469,349.7511004287606,0.7392871382268019,13,1,2074.334523135875,6,2,High,366.45302069544533,342.2986333241367,1317.5212403265843
Mine_A_Dongri_Buzurg,9,2018,1309.8028293209395,392.94084879628184,262.3804349550621,0.7002580277476029,13,1,1557.5034751479036,7,2,High,537.7180440769469,366.45302069544533,342.2986333241367
Mine_A_Dongri_Buzurg,10,2018,1161.0645133042253,1043.4386016750614,1.6820034520818217,0.9262960590967044,20,3,1432.6731697651473,7,4,High,392.94084879628184,537.7180440769469,366.45302069544533
Mine_A_Dongri_Buzurg,11,2018,1485.3226307647758,1286.8260174134944,19.717620146131196,0.8690885644845019,15,4,1776.8440738964061,8,4,High,1043.4386016750614,392.94084879628184,537.7180440769469
Mine_A_Dongri_Buzurg,12,2018,1968.628781449544,2388.8547482792505,3.2410217723383017,0.9078893310071737,22,5,2181.1035546381836,8,4,Low,1286.8260174134944,1043.4386016750614,392.94084879628184
Mine_A_Dongri_Buzurg,1,2019,1633.3148177882042,1440.3638165076666,10.058575221849013,0.9492709203009243,16,3,1982.647660986702,8,4,High,2388.8547482792505,1286.8260174134944,1043.4386016750614
Mine_A_Dongri_Buzurg,2,2019,1965.5075526946384,1159.7296241287409,13.943091364682857,0.8652510811733423,20,4,2208.580764162508,5,2,High,1440.3638165076666,2388.8547482792505,1286.8260174134944
Mine_A_Dongri_Buzurg,3,2019,1063.129195885631,551.0507087307883,1.2402729547099556,0.8850229165772107,15,4,1330.954671333621,5,2,High,1159.7296241287409,1440.3638165076666,2388.8547482792505
Mine_A_Dongri_Buzurg,4,2019,1396.9364377524419,1216.0353916734314,1.414484427528988,0.8516045832784901,15,5,1636.6048063054136,7,4,High,551.0507087307883,1159.7296241287409,1440.3638165076666
Mine_A_Dongri_Buzurg,5,2019,1755.0255908674653,1618.6547982098045,30.365043034624392,0.9218978954207284,16,5,1997.7790246407844,8,3,Medium,1216.0353916734314,551.0507087307883,1159.7296241287409
Mine_A_Dongri_Buzurg,6,2019,1968.2864831101112,590.4859449330334,366.47095525704003,0.773335370635983,8,2,2271.06098330011,5,3,High,1618.6547982098045,1216.0353916734314,551.0507087307883
Mine_A_Dongri_Buzurg,7,2019,1641.1603887043884,492.3481166113165,355.82231263998483,0.7999634225475631,6,1,1878.4401157115165,6,2,High,590.4859449330334,1618.6547982098045,1216.0353916734314
Mine_A_Dongri_Buzurg,8,2019,1961.98252673233,588.5947580196989,429.62346531780645,0.6843650954774485,7,1,2184.1361884853227,6,3,High,492.3481166113165,590.4859449330334,1618.6547982098045
Mine_A_Dongri_Buzurg,9,2019,1528.839051497057,458.6517154491171,228.69685522364546,0.6596854825729707,10,2,1823.5428382551136,5,3,High,588.5947580196989,492.3481166113165,590.4859449330334
Mine_A_Dongri_Buzurg,10,2019,1007.5634146406073,572.9800304344461,14.19071826660231,0.9362599979540299,25,3,1234.472713768265,5,2,High,458.6517154491171,588.5947580196989,492.3481166113165
Mine_A_Dongri_Buzurg,11,2019,1402.4183754765113,903.579263745379,27.176424497245108,0.8855051503122273,15,4,1545.4744316534614,8,2,High,572.9800304344461,458.6517154491171,588.5947580196989
Mine_A_Dongri_Buzurg,12,2019,1701.0068094032677,1588.177891123441,6.133431236740803,0.9227977140167718,18,4,2165.2683270608195,7,4,Medium,903.579263745379,572.9800304344461,458.6517154491171
Mine_A_Dongri_Buzurg,1,2020,1547.67535201082,1421.824532429207,30.448427440220065,0.9027750182322456,20,3,1758.482497939993,7,4,Medium,1588.177891123441,903.579263745379,572.9800304344461
Mine_A_Dongri_Buzurg,2,2020,1508.1204273825792,1386.97364264945,21.815676648322473,0.9306273692043553,25,5,1729.2062533157668,7,2,Medium,1421.824532429207,1588.177891123441,903.579263745379
Mine_A_Dongri_Buzurg,3,2020,1974.6475929889423,1587.2972530782463,7.6167639978929325,0.8698189947699597,21,3,2438.6380827825624,6,4,High,1386.97364264945,1421.824532429207,1588.177891123441
Mine_A_Dongri_Buzurg,4,2020,1663.8810596638405,1431.9223423151102,30.823605737043515,0.9344254906009805,24,5,2015.2330001846851,5,3,High,1587.2972530782463,1386.97364264945,1421.824532429207
Mine_A_Dongri_Buzurg,5,2020,1551.4785654566867,1592.9351522673726,39.57168926850278,0.9586765618511053,19,5,1745.1637768657897,8,3,Low,1431.9223423151102,1587.2972530782463,1386.97364264945
Mine_A_Dongri_Buzurg,6,2020,1844.760891524064,553.4282674572191,318.287950381784,0.770639400233178,10,1,2034.9815800261224,7,3,High,1592.9351522673726,1431.9223423151102,1587.2972530782463
Mine_A_Dongri_Buzurg,7,2020,1729.2202068154315,711.7453554103969,281.7125575197371,0.7082164788550989,14,2,1996.7478566978236,8,4,High,553.4282674572191,1592.9351522673726,1431.9223423151102
Mine_A_Dongri_Buzurg,8,2020,1745.8264491828113,523.7479347548434,431.88732277252956,0.8057825543221395,9,2,2216.873459024525,6,2,High,711.7453554103969,553.4282674572191,1592.9351522673726
Mine_A_Dongri_Buzurg,9,2020,1190.2705267689873,357.0811580306962,279.37508745652417,0.6978147681738158,8,1,1372.01563866978,7,3,High,523.7479347548434,711.7453554103969,553.4282674572191
Mine_A_Dongri_Buzurg,10,2020,1011.7007369281846,552.4004983407632,34.92727650409887,0.9490197759816488,18,3,1239.2137769534475,5,2,High,357.0811580306962,523.7479347548434,711.7453554103969
Mine_A_Dongri_Buzurg,11,2020,1869.9607308837462,1906.7436290479475,6.771591734073508,0.9530430163509385,23,4,2345.6340791035113,8,3,Low,552.4004983407632,357.0811580306962,523.7479347548434
Mine_A_Dongri_Buzurg,12,2020,1084.9618736293132,1160.6813378721888,34.33630561347962,0.9445040610734794,23,5,1330.6637654329393,7,3,Low,1906.7436290479475,552.4004983407632,357.0811580306962
Mine_A_Dongri_Buzurg,1,2021,1863.2764837571206,1131.7413532151018,30.23431861123725,0.8788649950146444,16,4,2143.497987406493,7,2,High,1160.6813378721888,1906.7436290479475,552.4004983407632
Mine_A_Dongri_Buzurg,2,2021,1380.061229432659,1159.8723654526843,27.670424480601262,0.9667552456891246,16,5,1695.7035202888878,6,3,High,1131.7413532151018,1160.6813378721888,1906.7436290479475
Mine_A_Dongri_Buzurg,3,2021,1533.4421476828438,1097.7542447855799,29.455124274632176,0.9607820560687463,15,4,1963.7985794078927,6,3,High,1159.8723654526843,1131.7413532151018,1160.6813378721888
Mine_A_Dongri_Buzurg,4,2021,1226.3228118796887,1113.1869043380643,4.791462886896083,0.9352375396359671,25,4,1471.090361103419,6,3,Medium,1097.7542447855799,1159.8723654526843,1131.7413532151018
Mine_A_Dongri_Buzurg,5,2021,1112.5672263958538,950.2366666210357,31.002927495987116,0.917212005915251,16,4,1349.5767501624234,8,3,High,1113.1869043380643,1097.7542447855799,1159.8723654526843
Mine_A_Dongri_Buzurg,6,2021,1732.9810820400455,519.8943246120136,266.34374873440134,0.791468390512856,11,1,2156.7628788076267,7,3,High,950.2366666210357,1113.1869043380643,1097.7542447855799
Mine_A_Dongri_Buzurg,7,2021,1835.2301366722784,781.6469890673576,222.31832621264974,0.817995191121903,14,2,2295.468426047283,5,4,High,519.8943246120136,950.2366666210357,1113.1869043380643
Mine_A_Dongri_Buzurg,8,2021,1675.045229007838,502.5135687023514,280.0350994705295,0.7432209460951736,8,1,2173.8921625346334,5,2,High,781.6469890673576,519.8943246120136,950.2366666210357
Mine_A_Dongri_Buzurg,9,2021,1695.6473199958627,629.0142085018733,249.91541729525795,0.7960141461568429,11,2,2165.394551217808,7,3,High,502.5135687023514,781.6469890673576,519.8943246120136
Mine_A_Dongri_Buzurg,10,2021,1404.009017383342,903.993401736193,39.65652600821068,0.9126353200102836,17,3,1627.678205206942,8,2,High,629.0142085018733,502.5135687023514,781.6469890673576
Mine_A_Dongri_Buzurg,11,2021,1737.0674563495375,1848.1722433080163,0.562965844412151,0.8690563978245949,22,4,2128.7385908621022,8,4,Low,903.993401736193,629.0142085018733,502.5135687023514
Mine_A_Dongri_Buzurg,12,2021,1627.3623041683445,1638.9575959060862,36.95266333726647,0.9596314784439572,23,4,2057.0330036423325,7,3,Low,1848.1722433080163,903.993401736193,629.0142085018733
Mine_A_Dongri_Buzurg,1,2022,1768.6220118713704,1548.9855838615272,20.894541256862894,0.9545870076199636,20,3,2046.809127681146,6,4,High,1638.9575959060862,1848.1722433080163,903.993401736193
Mine_A_Dongri_Buzurg,2,2022,1397.140557772233,1381.4701475041118,20.73841575089817,0.902037840456025,19,5,1715.5929428983698,8,3,Low,1548.9855838615272,1638.9575959060862,1848.1722433080163
Mine_A_Dongri_Buzurg,3,2022,1295.9251616681222,758.7184903136895,15.820922923557807,0.9042936919780064,24,4,1597.3328020723557,5,2,High,1381.4701475041118,1548.9855838615272,1638.9575959060862
Mine_A_Dongri_Buzurg,4,2022,1772.1233231764754,1452.734905931706,20.583327301474952,0.942604883464845,20,5,2145.199746123315,5,3,High,758.7184903136895,1381.4701475041118,1548.9855838615272
Mine_A_Dongri_Buzurg,5,2022,1245.7857567251476,827.555489782886,18.495704468081495,0.8986232429543369,20,3,1568.0417829888956,6,3,High,1452.734905931706,758.7184903136895,1381.4701475041118
Mine_A_Dongri_Buzurg,6,2022,1047.1543533341094,314.1463060002328,276.8259645539866,0.6943061858920979,14,2,1342.3413908741743,6,4,High,827.555489782886,1452.734905931706,758.7184903136895
Mine_A_Dongri_Buzurg,7,2022,1582.0673119912658,474.62019359737974,399.94329823891644,0.7447882702481037,8,2,2049.7627165009862,6,3,High,314.1463060002328,827.555489782886,1452.734905931706
Mine_A_Dongri_Buzurg,8,2022,1223.4256343254285,367.02769029762857,379.81899949357273,0.7209396957684024,9,2,1409.9200798565907,7,2,High,474.62019359737974,314.1463060002328,827.555489782886
Mine_A_Dongri_Buzurg,9,2022,1754.4383997061896,526.3315199118568,242.96345077267895,0.7706187635681482,9,1,2222.645401073428,6,3,High,367.02769029762857,474.62019359737974,314.1463060002328
Mine_A_Dongri_Buzurg,10,2022,1530.206869705227,845.4197318970997,7.307758773161641,0.8948651238689631,21,4,1827.9666846002774,5,2,High,526.3315199118568,367.02769029762857,474.62019359737974
Mine_A_Dongri_Buzurg,11,2022,1785.1312863373637,1137.8624140304003,33.24812415044556,0.9570975935499557,24,3,2004.9731868885365,6,2,High,845.4197318970997,526.3315199118568,367.02769029762857
Mine_A_Dongri_Buzurg,12,2022,1892.1463498778598,1347.9663866965132,19.019404580707757,0.9615604873234216,17,3,2279.694392938636,7,3,High,1137.8624140304003,845.4197318970997,526.3315199118568
Mine_A_Dongri_Buzurg,1,2023,1020.3508804834556,712.8783576629212,38.29202148436121,0.8794333634506246,16,4,1183.2913315682204,5,4,High,1347.9663866965132,1137.8624140304003,845.4197318970997
Mine_A_Dongri_Buzurg,2,2023,1529.443418326181,1683.771539419741,21.329154628747744,0.9605146135088838,21,5,1936.1134554972546,8,3,Low,712.8783576629212,1347.9663866965132,1137.8624140304003
Mine_A_Dongri_Buzurg,3,2023,1570.9992652187489,952.3379377247591,33.6633688850569,0.9318318866850717,16,3,1903.9807486856962,6,3,High,1683.771539419741,712.8783576629212,1347.9663866965132
Mine_A_Dongri_Buzurg,4,2023,1178.611101371643,892.1805215029841,24.21094487376104,0.9140201751852438,21,4,1384.9751523853229,5,3,High,952.3379377247591,1683.771539419741,712.8783576629212
Mine_A_Dongri_Buzurg,5,2023,1247.6487714011475,970.4963754920448,12.050468587232643,0.8860621358477607,23,4,1458.586345479147,8,2,High,892.1805215029841,952.3379377247591,1683.771539419741
Mine_A_Dongri_Buzurg,6,2023,1716.6238974455764,514.987169233673,250.424156047717,0.7786465436301908,9,1,2165.6100718811686,5,3,High,970.4963754920448,892.1805215029841,952.3379377247591
Mine_A_Dongri_Buzurg,7,2023,1507.8664225106463,452.35992675319386,429.6077958841536,0.7927719304908285,9,2,1772.9898594214537,8,3,High,514.987169233673,970.4963754920448,892.1805215029841
Mine_A_Dongri_Buzurg,8,2023,1970.5062362269096,591.1518708680728,296.28566942684984,0.7445695048015541,13,2,2460.5219098066045,5,3,High,452.35992675319386,514.987169233673,970.4963754920448
Mine_A_Dongri_Buzurg,9,2023,1478.8290194717163,443.64870584151487,398.27581806720065,0.7053191040982602,5,2,1649.3596118921487,5,2,High,591.1518708680728,452.35992675319386,514.987169233673
Mine_A_Dongri_Buzurg,10,2023,1441.2946790110282,943.3361442746542,20.841906338559713,0.9348106490916185,15,4,1724.7918192967252,5,4,High,443.64870584151487,591.1518708680728,452.35992675319386
Mine_A_Dongri_Buzurg,11,2023,1869.2255556262621,1102.3772057269339,36.47976605380197,0.9276178183490651,16,4,2162.8743360649764,6,2,High,943.3361442746542,443.64870584151487,591.1518708680728
Mine_A_Dongri_Buzurg,12,2023,1895.7219067341607,2013.9839346766457,17.92455582384313,0.9664066812066575,20,5,2127.403561568929,6,4,Low,1102.3772057269339,943.3361442746542,443.64870584151487
Mine_A_Dongri_Buzurg,1,2024,1149.3854451431393,783.4953093710769,5.6619550212583425,0.9602343039364276,18,3,1410.650694203503,5,4,High,2013.9839346766457,1102.3772057269339,943.3361442746542
Mine_A_Dongri_Buzurg,2,2024,1291.2126542453216,701.0403092784741,20.872938604759383,0.8714801880368538,18,4,1536.3679317496583,5,2,High,783.4953093710769,2013.9839346766457,1102.3772057269339
Mine_A_Dongri_Buzurg,3,2024,1934.5760777385806,1423.8873784341436,12.530642180981285,0.8927894109491218,25,3,2277.4182659327857,8,2,High,701.0403092784741,783.4953093710769,2013.9839346766457
Mine_A_Dongri_Buzurg,4,2024,1997.2612227632026,2496.576528454003,22.690130699910355,0.9651720494622793,25,4,2314.2275286896293,8,4,Low,1423.8873784341436,701.0403092784741,783.4953093710769
Mine_A_Dongri_Buzurg,5,2024,1315.1480674507718,1258.8678392044415,19.69706876354039,0.9521729353417924,24,5,1625.2606450592968,8,2,Low,2496.576528454003,1423.8873784341436,701.0403092784741
Mine_A_Dongri_Buzurg,6,2024,1182.415624211993,354.7246872635979,410.344782565879,0.6882265425126446,14,2,1409.751208444186,5,2,High,1258.8678392044415,2496.576528454003,1423.8873784341436
Mine_A_Dongri_Buzurg,7,2024,1846.5800119277592,553.9740035783277,348.76248968883124,0.6950106345077119,12,2,2345.486912859313,8,4,High,354.7246872635979,1258.8678392044415,2496.576528454003
Mine_A_Dongri_Buzurg,8,2024,1690.6295810552442,557.3995525645133,307.12346652541044,0.7876180285351786,14,1,2078.8505936028732,8,4,High,553.9740035783277,354.7246872635979,1258.8678392044415
Mine_A_Dongri_Buzurg,9,2024,1609.1746081984597,482.7523824595379,400.9678891315749,0.6511151564621249,12,2,2002.107792592594,8,2,High,557.3995525645133,553.9740035783277,354.7246872635979
Mine_A_Dongri_Buzurg,10,2024,1480.8033886726205,736.4270494890426,0.2625549486447021,0.9687554183536898,17,3,1843.2794492518676,5,2,High,482.7523824595379,557.3995525645133,553.9740035783277
Mine_A_Dongri_Buzurg,11,2024,1915.8056141016784,1396.7350541498765,6.33165376488424,0.9779900299988045,18,5,2420.9720045881018,6,2,High,736.4270494890426,482.7523824595379,557.3995525645133
Mine_A_Dongri_Buzurg,12,2024,1065.415393973499,842.6050119124193,19.153741787422366,0.9079376013742271,24,3,1292.9943428050576,8,2,High,1396.7350541498765,736.4270494890426,482.7523824595379
Mine_A_Dongri_Buzurg,1,2025,1937.929346890246,1613.0581556584764,38.75971069299486,0.8549191084421729,20,5,2260.56287081603,5,4,High,842.6050119124193,1396.7350541498765,736.4270494890426
Mine_A_Dongri_Buzurg,2,2025,1734.1536040820042,1064.9418758223194,7.07032190697972,0.8874056588995073,17,4,1953.2783000431018,7,2,High,1613.0581556584764,842.6050119124193,1396.7350541498765
Mine_A_Dongri_Buzurg,3,2025,1161.1655744380382,770.5228635469682,27.603289622898902,0.9290805214840804,21,5,1468.0907113600033,5,2,High,1064.9418758223194,1613.0581556584764,842.6050119124193
Mine_A_Dongri_Buzurg,4,2025,1220.1884318114614,597.1874234764127,6.358290463304037,0.9076784414278093,15,3,1356.4825421077003,6,2,High,770.5228635469682,1064.9418758223194,1613.0581556584764
Mine_A_Dongri_Buzurg,5,2025,1061.9576731946158,795.0359826442755,7.897596496274453,0.9390159453709558,15,5,1260.3062011625839,6,3,High,597.1874234764127,770.5228635469682,1064.9418758223194
Mine_A_Dongri_Buzurg,6,2025,1358.9264963014643,407.67794889043927,252.93502802073866,0.7308275375108859,7,2,1599.1692144213655,5,2,High,795.0359826442755,597.1874234764127,770.5228635469682
Mine_A_Dongri_Buzurg,7,2025,1883.332343524787,564.999703057436,438.4281971635595,0.655686734725599,5,2,2298.8543749852283,7,2,High,407.67794889043927,795.0359826442755,597.1874234764127
Mine_A_Dongri_Buzurg,8,2025,1110.9246833981158,333.27740501943475,255.07864264751498,0.7458538399452592,10,1,1317.9048043351872,8,2,High,564.999703057436,407.67794889043927,795.0359826442755
Mine_A_Dongri_Buzurg,9,2025,1205.099901634074,361.5299704902222,362.4702571717987,0.7679862006626763,14,2,1442.4015757247098,5,4,High,333.27740501943475,564.999703057436,407.67794889043927
Mine_A_Dongri_Buzurg,10,2025,1516.4127470069338,1234.481995253618,32.73610253985443,0.8971816782397298,17,5,1895.1219669332374,5,4,High,361.5299704902222,333.27740501943475,564.999703057436
Mine_A_Dongri_Buzurg,11,2025,1041.3754009838967,1057.8887426190693,7.1968542547949665,0.9683267922034254,22,3,1271.9474087527146,7,4,Low,1234.481995253618,361.5299704902222,333.27740501943475
Mine_A_Dongri_Buzurg,12,2025,1497.2436196044923,958.2848784657511,32.78960342155643,0.8504948637721323,15,4,1859.3362693647518,6,3,High,1057.8887426190693,1234.481995253618,361.5299704902222
Mine_B_Chikla,1,2016,1029.1931110057105,706.9027976208416,27.413359812192585,0.92984508506541,20,3,1255.5044919720242,8,2,High,706.9027976208416,706.9027976208416,706.9027976208416
Mine_B_Chikla,2,2016,1139.4031864882968,746.0593554543933,11.119956538439876,0.8724811713652457,23,3,1339.5048502604307,7,2,High,706.9027976208416,706.9027976208416,706.9027976208416
Mine_B_Chikla,3,2016,1179.9661206140004,766.6303936001202,27.645079788515964,0.9660654187944598,22,3,1371.9516044194502,5,2,High,746.0593554543933,706.9027976208416,706.9027976208416
Mine_B_Chikla,4,2016,1036.9760928690198,778.5064368236375,0.9850364333616346,0.9567042412522044,16,3,1337.3632176387232,6,4,High,766.6303936001202,746.0593554543933,706.9027976208416
Mine_B_Chikla,5,2016,1114.5649234143118,727.7152264440456,26.42439914845739,0.9258479906684742,16,4,1275.5654139682656,5,3,High,778.5064368236375,766.6303936001202,746.0593554543933
Mine_B_Chikla,6,2016,846.7040613973304,254.0112184191991,266.7679340913245,0.7961962513604458,9,1,1069.0896573663138,7,3,High,727.7152264440456,778.5064368236375,766.6303936001202
Mine_B_Chikla,7,2016,688.9860862386669,206.69582587160005,307.50314276327464,0.7055422329113012,7,1,859.408995915976,6,3,High,254.0112184191991,727.7152264440456,778.5064368236375
Mine_B_Chikla,8,2016,1091.5115051385715,327.45345154157144,380.828545359089,0.7994037150417106,5,2,1251.1087652380447,8,3,High,206.69582587160005,254.0112184191991,727.7152264440456
Mine_B_Chikla,9,2016,1020.0230526524181,306.00691579572543,317.5901894920757,0.659820019222773,5,2,1234.5028441764277,5,2,High,327.45345154157144,206.69582587160005,254.0112184191991
Mine_B_Chikla,10,2016,743.1832497331683,821.6007887745817,13.208688841776986,0.9522475414029685,21,4,910.8252601108393,8,4,Low,306.00691579572543,327.45345154157144,206.69582587160005
Mine_B_Chikla,11,2016,972.8080418401278,653.7627219937484,9.72952099285989,0.8510054371215582,22,3,1108.71492017261,8,2,High,821.6007887745817,306.00691579572543,327.45345154157144
Mine_B_Chikla,12,2016,807.3723644326615,759.8057612802257,26.801033257733934,0.9528701715681337,20,4,985.8183741758286,8,3,Medium,653.7627219937484,821.6007887745817,306.00691579572543
Mine_B_Chikla,1,2017,1062.1598759355795,979.2866207537622,10.885359177581035,0.9346083081733662,20,4,1366.5093688841853,8,3,Medium,759.8057612802257,653.7627219937484,821.6007887745817
Mine_B_Chikla,2,2017,952.4529324814578,619.9546458864157,27.425014707587504,0.8746963452411171,23,3,1179.4114565146112,6,3,High,979.2866207537622,759.8057612802257,653.7627219937484
Mine_B_Chikla,3,2017,881.6780414230648,959.0059708578563,8.971027520934882,0.8674580770743946,21,5,1117.7179869257275,7,4,Low,619.9546458864157,979.2866207537622,759.8057612802257
Mine_B_Chikla,4,2017,679.3579860016289,710.6232819234584,0.34188783291618563,0.9633054052520753,24,4,864.0552871160866,6,4,Low,959.0059708578563,619.9546458864157,979.2866207537622
Mine_B_Chikla,5,2017,916.5444614179523,718.6418258277954,30.12517298122871,0.9036033034366763,24,5,1174.0484861365974,6,2,High,710.6232819234584,959.0059708578563,619.9546458864157
Mine_B_Chikla,6,2017,796.1192291652693,238.83576874958078,421.0013205976703,0.6540052083189565,8,2,984.448806476447,5,3,High,718.6418258277954,710.6232819234584,959.0059708578563
Mine_B_Chikla,7,2017,722.7722324068202,274.8919398489075,256.04720336104737,0.7156708470079458,11,2,888.4199275923565,6,4,High,238.83576874958078,718.6418258277954,710.6232819234584
Mine_B_Chikla,8,2017,620.017098636928,186.0051295910784,407.31240819579546,0.6734598957664895,5,2,723.5282018673718,6,2,High,274.8919398489075,238.83576874958078,718.6418258277954
Mine_B_Chikla,9,2017,955.5228904379671,286.65686713139013,388.46830753532856,0.6639720689103281,5,2,1214.5330123468177,8,4,High,186.0051295910784,274.8919398489075,238.83576874958078
Mine_B_Chikla,10,2017,602.6513557475993,272.17024094114527,37.18149547051642,0.8551719489438097,20,3,679.4661328232206,5,2,High,286.65686713139013,186.0051295910784,274.8919398489075
Mine_B_Chikla,11,2017,1111.3397743826981,542.3765740242633,4.33304363609607,0.8949449966708866,15,4,1357.934360746999,5,2,High,272.17024094114527,286.65686713139013,186.0051295910784
Mine_B_Chikla,12,2017,1118.4294222171836,1311.3011339065354,21.061822969679053,0.9135828221465322,24,5,1376.9506916653852,7,4,Low,542.3765740242633,272.17024094114527,286.65686713139013
Mine_B_Chikla,1,2018,816.9500829315034,514.735077778714,23.780709820495783,0.8501865907223296,15,4,936.439336683661,8,2,High,1311.3011339065354,542.3765740242633,272.17024094114527
Mine_B_Chikla,2,2018,1192.5663428743849,991.9003814881919,19.035352109255683,0.8941688883983875,20,5,1320.5359137871203,6,3,High,514.735077778714,1311.3011339065354,542.3765740242633
Mine_B_Chikla,3,2018,756.491423886458,495.6083112236332,11.29383645704307,0.8654863044712843,24,4,975.7584679197704,5,2,High,991.9003814881919,514.735077778714,1311.3011339065354
Mine_B_Chikla,4,2018,1074.370210781797,827.1814311536725,29.536236214761153,0.9684972150813088,18,3,1361.501096981299,7,3,High,495.6083112236332,991.9003814881919,514.735077778714
Mine_B_Chikla,5,2018,1160.1627121190666,802.7530869123859,28.446414376269114,0.9633336739068714,16,3,1328.1393260408747,6,3,High,827.1814311536725,495.6083112236332,991.9003814881919
Mine_B_Chikla,6,2018,999.9018361496233,299.970550844887,363.5568881427991,0.7309532911959317,12,2,1146.3570346135411,6,3,High,802.7530869123859,827.1814311536725,495.6083112236332
Mine_B_Chikla,7,2018,617.6986052038878,185.30958156116634,436.88657917588057,0.7674829644313101,13,1,798.6788030553095,7,3,High,299.970550844887,802.7530869123859,827.1814311536725
Mine_B_Chikla,8,2018,694.9638198228779,208.48914594686337,390.0627489670936,0.8181000527495865,11,2,900.543910937726,5,4,High,185.30958156116634,299.970550844887,802.7530869123859
Mine_B_Chikla,9,2018,759.9589100722505,227.98767302167516,348.54845014020975,0.7786821181993784,14,1,896.0606276859869,6,3,High,208.48914594686337,185.30958156116634,299.970550844887
Mine_B_Chikla,10,2018,1125.0663516027294,936.985151371701,37.81763919744284,0.9402295763541608,22,5,1366.8361767562953,7,2,High,227.98767302167516,208.48914594686337,185.30958156116634
Mine_B_Chikla,11,2018,673.1499182708126,578.8852401291266,6.822052468025386,0.9050929581586163,17,4,781.212280044337,8,3,High,936.985151371701,227.98767302167516,208.48914594686337
Mine_B_Chikla,12,2018,946.846447306443,628.7101814842674,22.108515627521786,0.9690295122523659,18,4,1067.090139306739,6,2,High,578.8852401291266,936.985151371701,227.98767302167516
Mine_B_Chikla,1,2019,1128.7681764358538,866.8104858994993,35.797029085498025,0.9027764286748302,17,4,1410.0583327538152,6,4,High,628.7101814842674,578.8852401291266,936.985151371701
Mine_B_Chikla,2,2019,984.040208856025,927.5175345676862,9.06318186870191,0.8643158594671483,22,5,1257.9911398627771,6,4,Medium,866.8104858994993,628.7101814842674,578.8852401291266
Mine_B_Chikla,3,2019,664.795211157848,459.63532644273363,39.777667686840054,0.9489799733416908,21,5,752.6054794449939,5,2,High,927.5175345676862,866.8104858994993,628.7101814842674
Mine_B_Chikla,4,2019,970.1934747501364,795.6488097108792,7.433382246427511,0.9725522770681891,21,3,1071.9014298568009,7,3,High,459.63532644273363,927.5175345676862,866.8104858994993
Mine_B_Chikla,5,2019,933.2932852810685,529.3106812340419,32.19351321911069,0.8830859218830537,15,4,1059.7344813821435,7,2,High,795.6488097108792,459.63532644273363,927.5175345676862
Mine_B_Chikla,6,2019,792.8366608434643,237.85099825303928,390.9725811620783,0.6791886159067908,12,1,874.3996451373013,7,4,High,529.3106812340419,795.6488097108792,459.63532644273363
Mine_B_Chikla,7,2019,757.0224421368571,227.1067326410571,337.88714908523826,0.7992053025632494,11,1,949.7329172426339,5,3,High,237.85099825303928,529.3106812340419,795.6488097108792
Mine_B_Chikla,8,2019,909.2375983069106,272.7712794920732,415.9411101400209,0.8075008411158335,12,2,1146.493064187197,5,2,High,227.1067326410571,237.85099825303928,529.3106812340419
Mine_B_Chikla,9,2019,970.9529826754127,291.28589480262383,367.81508447082047,0.7444484627603796,9,1,1227.3137520872301,7,2,High,272.7712794920732,227.1067326410571,237.85099825303928
Mine_B_Chikla,10,2019,778.9406228701419,564.3266504649297,23.100501844129724,0.963812134049339,18,5,981.319296651881,5,3,High,291.28589480262383,272.7712794920732,227.1067326410571
Mine_B_Chikla,11,2019,1161.0892362573406,921.1177445496419,25.79453322691132,0.9051243597161885,23,5,1437.761522700385,5,3,High,564.3266504649297,291.28589480262383,272.7712794920732
Mine_B_Chikla,12,2019,851.0536417221607,561.1730783613361,24.808257857660085,0.9678782240057077,15,4,991.2102531319705,8,2,High,921.1177445496419,564.3266504649297,291.28589480262383
Mine_B_Chikla,1,2020,668.9406897606905,456.98155156303966,32.97957125244968,0.9242700009609723,22,5,815.9666059508112,5,2,High,561.1730783613361,921.1177445496419,564.3266504649297
Mine_B_Chikla,2,2020,1070.7516472135958,1115.2533518935252,5.616962531416245,0.9527518806968753,18,5,1231.2525252039788,7,4,Low,456.98155156303966,561.1730783613361,921.1177445496419
Mine_B_Chikla,3,2020,1054.98080268052,926.0157492314869,10.762115523698782,0.9757249985883827,22,5,1334.015693137062,7,2,High,1115.2533518935252,456.98155156303966,561.1730783613361
Mine_B_Chikla,4,2020,964.218466468498,1044.441660624957,4.506094317331404,0.9757107523508517,23,5,1188.8801298753046,7,3,Low,926.0157492314869,1115.2533518935252,456.98155156303966
Mine_B_Chikla,5,2020,1083.4245229247388,779.5035896794307,25.05860199511971,0.9226485265587936,21,5,1349.6243474595985,6,2,High,1044.441660624957,926.0157492314869,1115.2533518935252
Mine_B_Chikla,6,2020,955.9349250134815,286.7804775040444,291.3952814861867,0.6653572098144342,11,1,1197.2572697575781,6,4,High,779.5035896794307,1044.441660624957,926.0157492314869
Mine_B_Chikla,7,2020,1099.3014839407956,338.3153742698228,286.9230385411964,0.7834009343789199,13,1,1275.1248142529525,7,4,High,286.7804775040444,779.5035896794307,1044.441660624957
Mine_B_Chikla,8,2020,1016.0530035051387,304.8159010515416,264.9381316170873,0.760544828883485,14,1,1176.8065280820572,6,2,High,338.3153742698228,286.7804775040444,779.5035896794307
Mine_B_Chikla,9,2020,1048.3511282411564,368.1611416323365,345.257115351426,0.7116875757775011,13,1,1265.0424888029795,8,4,High,304.8159010515416,338.3153742698228,286.7804775040444
Mine_B_Chikla,10,2020,639.4624971294448,326.00243461917853,15.146706228246018,0.8678651655853797,17,4,740.76722669462,5,2,High,368.1611416323365,304.8159010515416,338.3153742698228
Mine_B_Chikla,11,2020,653.7243267525452,424.5159157863948,18.348440735536048,0.8726794311272194,20,5,725.0055375819018,6,2,High,326.00243461917853,368.1611416323365,304.8159010515416
Mine_B_Chikla,12,2020,638.9545662640315,444.17565152311965,12.992002314147797,0.8503755063308911,15,5,803.9415125353695,8,2,High,424.5159157863948,326.00243461917853,368.1611416323365
Mine_B_Chikla,1,2021,928.8380259326357,809.98296404445,18.9141735229703,0.8964553880919423,15,4,1143.6619647727596,8,4,High,444.17565152311965,424.5159157863948,326.00243461917853
Mine_B_Chikla,2,2021,670.6848386923472,324.1804926477943,26.730268505090443,0.8576424945279368,16,3,865.5672641388438,5,2,High,809.98296404445,444.17565152311965,424.5159157863948
Mine_B_Chikla,3,2021,976.6702879437615,746.7583494589127,19.109726114027428,0.9654235968444318,19,5,1181.8183100790695,5,3,High,324.1804926477943,809.98296404445,444.17565152311965
Mine_B_Chikla,4,2021,1143.381347455233,1402.957545136003,21.537003680502814,0.966129453676281,24,5,1451.4455413031496,6,4,Low,746.7583494589127,324.1804926477943,809.98296404445
Mine_B_Chikla,5,2021,1163.7797378774517,775.1432344992119,36.59387501525059,0.9247759746324603,18,4,1419.216901786035,7,2,High,1402.957545136003,746.7583494589127,324.1804926477943
Mine_B_Chikla,6,2021,640.309124136086,207.83851078138736,258.1240966260982,0.6833125603750447,12,1,791.1249760146668,7,3,High,775.1432344992119,1402.957545136003,746.7583494589127
Mine_B_Chikla,7,2021,678.2760386061814,203.4828115818544,408.83960409950384,0.7857616001723366,7,1,803.1802594288421,6,3,High,207.83851078138736,775.1432344992119,1402.957545136003
Mine_B_Chikla,8,2021,819.1187337645249,245.73562012935747,428.1605856843224,0.7527976851182978,13,1,975.3168429976924,6,2,High,203.4828115818544,207.83851078138736,775.1432344992119
Mine_B_Chikla,9,2021,714.3162089765793,255.93954577867083,244.73354821509898,0.7785438124066979,8,2,800.7239942555693,8,3,High,245.73562012935747,203.4828115818544,207.83851078138736
Mine_B_Chikla,10,2021,1195.573441836661,864.2370621657444,11.108190325179606,0.9450929392153042,23,3,1450.88400135226,7,2,High,255.93954577867083,245.73562012935747,203.4828115818544
Mine_B_Chikla,11,2021,857.3590627341725,547.9049285940417,29.48327301069634,0.9018749707643134,17,4,1014.6846922303046,5,3,High,864.2370621657444,255.93954577867083,245.73562012935747
Mine_B_Chikla,12,2021,629.0052794038818,562.610438931109,24.33179549696389,0.8964773320924644,17,4,693.6458438686357,8,4,High,547.9049285940417,864.2370621657444,255.93954577867083
Mine_B_Chikla,1,2022,756.5742125558463,404.824962753721,3.1960293028814046,0.9177663418169886,18,3,936.2259488461447,5,2,High,562.610438931109,547.9049285940417,864.2370621657444
Mine_B_Chikla,2,2022,1022.6751154412361,779.7241616795711,21.627049488835503,0.9365522090470397,16,3,1216.3386758795107,6,4,High,404.824962753721,562.610438931109,547.9049285940417
Mine_B_Chikla,3,2022,772.8842533880106,535.1372029187539,22.068611158672304,0.95227162653334,18,4,923.591566332834,6,2,High,779.7241616795711,404.824962753721,562.610438931109
Mine_B_Chikla,4,2022,1021.0239504699342,771.2194774233208,3.429678322850478,0.9005668247002138,16,5,1173.243996384996,7,3,High,535.1372029187539,779.7241616795711,404.824962753721
Mine_B_Chikla,5,2022,989.1973358199159,723.945422765574,22.89353472795428,0.9159626983160778,22,5,1273.0221504163833,6,2,High,771.2194774233208,535.1372029187539,779.7241616795711
Mine_B_Chikla,6,2022,640.3092556906297,192.0927767071889,426.9343881266269,0.6902868646855876,10,1,780.0705468014625,5,3,High,723.945422765574,771.2194774233208,535.1372029187539
Mine_B_Chikla,7,2022,1126.2936074598324,337.88808223794973,415.8286207980643,0.6904903185183129,6,1,1446.5612896244124,5,4,High,192.0927767071889,723.945422765574,771.2194774233208
Mine_B_Chikla,8,2022,840.8143419617272,252.24430258851817,324.65754815126905,0.721065254900739,5,2,996.4309359020697,8,2,High,337.88808223794973,192.0927767071889,723.945422765574
Mine_B_Chikla,9,2022,999.2300450128346,299.7690135038504,275.8130905816191,0.7179430339784761,12,1,1135.8511387312715,6,4,High,252.24430258851817,337.88808223794973,192.0927767071889
Mine_B_Chikla,10,2022,1091.2232399517702,831.253939682123,37.61834129566134,0.9665614235898455,16,4,1327.0113927173516,5,4,High,299.7690135038504,252.24430258851817,337.88808223794973
Mine_B_Chikla,11,2022,727.7801974800351,437.5729187658354,20.73487896142354,0.8799879522004825,19,4,887.0665927989191,6,2,High,831.253939682123,299.7690135038504,252.24430258851817
Mine_B_Chikla,12,2022,953.7650320403494,634.1445479527576,19.442792684339445,0.9488192973563729,17,3,1173.6812448271792,8,2,High,437.5729187658354,831.253939682123,299.7690135038504
Mine_B_Chikla,1,2023,731.992302310246,555.9538089010866,1.4341655926591335,0.9101135323298283,24,3,864.4157712680807,5,4,High,634.1445479527576,437.5729187658354,831.253939682123
Mine_B_Chikla,2,2023,909.3820970616604,880.070807887715,14.21335077934919,0.8949646751571164,23,3,1062.6448722249975,8,4,Low,555.9538089010866,634.1445479527576,437.5729187658354
Mine_B_Chikla,3,2023,723.0118018680981,636.4163891904725,4.454633175197449,0.9373835025284944,17,4,936.7351878465993,8,3,High,880.070807887715,555.9538089010866,634.1445479527576
Mine_B_Chikla,4,2023,757.9150983984223,502.8503017776635,31.6657334613806,0.8913929464318068,17,5,929.8022154471269,6,2,High,636.4163891904725,880.070807887715,555.9538089010866
Mine_B_Chikla,5,2023,758.3097225689834,711.7860023849914,8.91683620985161,0.9463393014711624,20,4,911.9219804523253,6,4,Medium,502.8503017776635,636.4163891904725,880.070807887715
Mine_B_Chikla,6,2023,684.767630782679,219.64920570368508,225.53410045316738,0.7428462863809948,12,1,791.7319646098712,6,4,High,711.7860023849914,502.8503017776635,636.4163891904725
Mine_B_Chikla,7,2023,1092.1035944544578,327.63107833633734,343.4611838918467,0.7293312650963037,10,2,1355.1200553409537,5,2,High,219.64920570368508,711.7860023849914,502.8503017776635
Mine_B_Chikla,8,2023,986.8273290747038,430.2593475804195,241.53708999084662,0.7680493234957754,12,2,1120.1934500432308,8,3,High,327.63107833633734,219.64920570368508,711.7860023849914
Mine_B_Chikla,9,2023,857.824243530157,257.3472730590471,430.31500481900207,0.6652431944220056,11,2,988.5548939774218,8,3,High,430.2593475804195,327.63107833633734,219.64920570368508
Mine_B_Chikla,10,2023,1048.0621819639905,666.071343344261,38.832759616024894,0.9498049378515271,22,4,1358.2567802366577,5,2,High,257.3472730590471,430.2593475804195,327.63107833633734
Mine_B_Chikla,11,2023,1022.3943580759545,783.2050841417096,39.60903909048766,0.9349484112691964,18,3,1158.5421188590938,7,3,High,666.071343344261,257.3472730590471,430.2593475804195
Mine_B_Chikla,12,2023,640.8774507731355,445.0750488493892,18.144186629815515,0.8909739763202861,16,3,818.1031904789061,7,3,High,783.2050841417096,666.071343344261,257.3472730590471
Mine_B_Chikla,1,2024,1103.5833651901357,815.1977031891975,2.0556994800649653,0.9151944561130221,16,3,1259.7902684562187,7,3,High,445.0750488493892,783.2050841417096,666.071343344261
Mine_B_Chikla,2,2024,702.8261564570412,654.3353875651757,0.8295951205942664,0.9346889112200897,16,4,855.6198557127625,8,4,Medium,815.1977031891975,445.0750488493892,783.2050841417096
Mine_B_Chikla,3,2024,1194.1067087459228,1185.2529901983476,6.039330138441366,0.9646731850794293,21,4,1326.8143158726534,8,3,Low,654.3353875651757,815.1977031891975,445.0750488493892
Mine_B_Chikla,4,2024,1116.3919356387908,753.4235786938767,3.421740567765581,0.9534855033439062,18,4,1347.3774034310438,5,3,High,1185.2529901983476,654.3353875651757,815.1977031891975
Mine_B_Chikla,5,2024,1160.4381461893345,893.2482697759913,31.649775647548246,0.85114972350026,16,4,1367.8053338504885,6,4,High,753.4235786938767,1185.2529901983476,654.3353875651757
Mine_B_Chikla,6,2024,963.3185120986723,288.99555362960166,325.24468402504203,0.7441949599186961,13,2,1123.7942969906453,5,3,High,893.2482697759913,753.4235786938767,1185.2529901983476
Mine_B_Chikla,7,2024,887.4343751578265,266.2303125473479,286.25257981486834,0.7043024977660992,8,2,1118.708474678565,6,4,High,288.99555362960166,893.2482697759913,753.4235786938767
Mine_B_Chikla,8,2024,757.1352073805338,257.6147929974471,236.90039657647026,0.6523504201862632,11,1,878.4720033108813,8,4,High,266.2303125473479,288.99555362960166,893.2482697759913
Mine_B_Chikla,9,2024,964.448385586435,289.3345156759305,323.30510891739965,0.730922397325867,12,1,1120.7257717739844,5,3,High,257.6147929974471,266.2303125473479,288.99555362960166
Mine_B_Chikla,10,2024,866.0661238979285,854.8342416724327,0.7097065097666011,0.858034780277406,23,3,965.2349297187081,8,4,Low,289.3345156759305,257.6147929974471,266.2303125473479
Mine_B_Chikla,11,2024,843.5326598102691,967.1549767558499,4.695316368310434,0.9361417043304736,23,5,997.3105731518739,8,3,Low,854.8342416724327,289.3345156759305,257.6147929974471
Mine_B_Chikla,12,2024,915.9913953382645,872.3737254684928,36.96550707006524,0.8671500109525933,21,5,1083.060676148506,6,4,Low,967.1549767558499,854.8342416724327,289.3345156759305
Mine_B_Chikla,1,2025,1099.7495211624619,731.7331794387376,23.842815386079742,0.8625589704868402,18,4,1398.161413941498,5,4,High,872.3737254684928,967.1549767558499,854.8342416724327
Mine_B_Chikla,2,2025,1188.9280999704883,851.0915601017118,12.332362230118719,0.9633775781962165,20,5,1367.6078152149184,6,2,High,731.7331794387376,872.3737254684928,967.1549767558499
Mine_B_Chikla,3,2025,939.42614267034,859.9630672956705,30.221039786004514,0.9491246907631428,16,3,1201.5934719146467,8,4,Medium,851.0915601017118,731.7331794387376,872.3737254684928
Mine_B_Chikla,4,2025,796.8123699394574,497.4407423099429,13.71523861835783,0.92414449551966,20,3,958.4649840018421,5,3,High,859.9630672956705,851.0915601017118,731.7331794387376
Mine_B_Chikla,5,2025,1036.0352409132647,1078.4986546176694,7.557140922041139,0.8840437596451212,20,5,1159.0062582384646,7,4,Low,497.4407423099429,859.9630672956705,851.0915601017118
Mine_B_Chikla,6,2025,936.8158752290815,281.0447625687244,402.1083451360814,0.6680950848585041,7,1,1203.8862229173078,5,3,High,1078.4986546176694,497.4407423099429,859.9630672956705
Mine_B_Chikla,7,2025,848.4266321253926,254.5279896376178,276.7419200296961,0.7001378471613597,13,2,1012.1402431575885,5,3,High,281.0447625687244,1078.4986546176694,497.4407423099429
Mine_B_Chikla,8,2025,1180.4196347425989,354.12589042277966,368.9300287832257,0.7852229863839993,14,2,1301.7593252512013,5,3,High,254.5279896376178,281.0447625687244,1078.4986546176694
Mine_B_Chikla,9,2025,692.3799815854023,207.7139944756207,345.3942155764877,0.7341937103010217,10,1,853.4871084755977,7,4,High,354.12589042277966,254.5279896376178,281.0447625687244
Mine_B_Chikla,10,2025,1123.5828936076498,845.8225024003044,9.043782932772215,0.889821472011437,20,3,1268.767511051187,7,3,High,207.7139944756207,354.12589042277966,254.5279896376178
Mine_B_Chikla,11,2025,834.5839254422414,615.361169274794,31.050347569987643,0.8903193005910518,16,5,1023.2882885642496,5,4,High,845.8225024003044,207.7139944756207,354.12589042277966
Mine_B_Chikla,12,2025,1028.4112685514071,624.1544870135245,14.833599852899022,0.9245989983093645,25,3,1264.6311532880243,5,2,High,615.361169274794,845.8225024003044,207.7139944756207
Mine_C_Munsar,1,2016,870.2212057312302,964.2561045214062,27.139525303338537,0.913244312973441,22,3,963.108437620175,8,4,Low,964.2561045214062,964.2561045214062,964.2561045214062
Mine_C_Munsar,2,2016,1158.3455417939035,859.1986903275448,27.10363332713214,0.9207390231949786,15,5,1456.0404384394533,8,2,High,964.2561045214062,964.2561045214062,964.2561045214062
Mine_C_Munsar,3,2016,1108.3261242709473,841.1546668374529,38.95045293415827,0.8917555779797799,19,5,1336.3525862015167,7,2,High,859.1986903275448,964.2561045214062,964.2561045214062
Mine_C_Munsar,4,2016,934.2150844240928,567.9728416711195,24.880006132518034,0.8931516383845453,20,5,1050.802657398222,5,2,High,841.1546668374529,859.1986903275448,964.2561045214062
Mine_C_Munsar,5,2016,861.3161761525828,521.0350021653221,33.188979941219536,0.8556601015603846,15,4,1108.5815051345514,5,4,High,567.9728416711195,841.1546668374529,859.1986903275448
Mine_C_Munsar,6,2016,667.5421563200524,200.26264689601572,422.4837182326786,0.809713866978063,8,2,858.9780668292527,5,2,High,521.0350021653221,567.9728416711195,841.1546668374529
Mine_C_Munsar,7,2016,665.5499136825885,199.66497410477652,267.4083170871439,0.6826468670464876,14,2,854.7970234752034,7,4,High,200.26264689601572,521.0350021653221,567.9728416711195
Mine_C_Munsar,8,2016,706.721993321837,212.0165979965511,334.9484231253361,0.7950690305261011,5,1,813.921538099472,6,4,High,199.66497410477652,200.26264689601572,521.0350021653221
Mine_C_Munsar,9,2016,1075.5239368698985,322.65718106096955,244.92493745281055,0.7018383578901681,6,2,1319.8465341520773,6,2,High,212.0165979965511,199.66497410477652,200.26264689601572
Mine_C_Munsar,10,2016,1152.828888507176,1100.6304241855914,33.60611266107755,0.8776915605186651,15,5,1451.9101352210746,8,4,Low,322.65718106096955,212.0165979965511,199.66497410477652
Mine_C_Munsar,11,2016,734.7086885178985,776.6293585200888,0.3601365435204462,0.9053870924280844,17,5,822.5024616906055,8,4,Low,1100.6304241855914,322.65718106096955,212.0165979965511
Mine_C_Munsar,12,2016,856.2202746435432,488.28114559637527,23.642700503239706,0.9092072162600873,20,3,979.9818288298292,5,2,High,776.6293585200888,1100.6304241855914,322.65718106096955
Mine_C_Munsar,1,2017,909.7770576846599,485.89833908181055,2.6934561176289806,0.9529877816528656,15,3,1015.2542466592366,6,2,High,488.28114559637527,776.6293585200888,1100.6304241855914
Mine_C_Munsar,2,2017,842.8262378977818,641.9276145881954,26.783960509977124,0.979063547270751,19,5,1064.0559562011385,6,2,High,485.89833908181055,488.28114559637527,776.6293585200888
Mine_C_Munsar,3,2017,905.6787181245742,675.0535698379786,14.888402915538741,0.8540015584451188,16,5,1010.5977832927473,8,2,High,641.9276145881954,485.89833908181055,488.28114559637527
Mine_C_Munsar,4,2017,1101.4363427529354,853.3971945835262,28.838960208361414,0.8777676606872327,16,4,1346.0670937064483,8,3,High,675.0535698379786,641.9276145881954,485.89833908181055
Mine_C_Munsar,5,2017,776.3273348907624,597.8990231637449,35.55448241846297,0.9276451340761205,17,4,942.0074024085943,7,3,High,853.3971945835262,675.0535698379786,641.9276145881954
Mine_C_Munsar,6,2017,818.6305623513766,316.0423702807863,252.44161474236614,0.8178659521911588,9,2,1028.9129614672688,8,4,High,597.8990231637449,853.3971945835262,675.0535698379786
Mine_C_Munsar,7,2017,797.1310457667155,239.13931373001463,436.3802398553896,0.6700220761290905,11,2,947.1351126215354,5,4,High,316.0423702807863,597.8990231637449,853.3971945835262
Mine_C_Munsar,8,2017,981.5797895290208,294.4739368587062,393.0403547583346,0.6830432742269876,12,1,1229.0111105002886,8,2,High,239.13931373001463,316.0423702807863,597.8990231637449
Mine_C_Munsar,9,2017,1072.4426301689393,321.7327890506818,382.7873749995686,0.7272516404667859,13,2,1187.9548837234643,8,2,High,294.4739368587062,239.13931373001463,316.0423702807863
Mine_C_Munsar,10,2017,767.2540884120572,630.7596481019648,15.746550392573816,0.9640688940247257,22,3,889.2741847736559,7,3,High,321.7327890506818,294.4739368587062,239.13931373001463
Mine_C_Munsar,11,2017,1178.5065569540398,1218.255116358714,12.412568251823032,0.923210987921459,21,5,1357.2113581474416,6,4,Low,630.7596481019648,321.7327890506818,294.4739368587062
Mine_C_Munsar,12,2017,1092.3657284350522,803.4339281213729,1.6716238764072289,0.8951609622922252,21,4,1278.7846844592252,6,3,High,1218.255116358714,630.7596481019648,321.7327890506818
Mine_C_Munsar,1,2018,1056.5323028797507,1320.6653785996882,36.14346182274914,0.9695458936404825,25,4,1208.8816604222177,8,4,Low,803.4339281213729,1218.255116358714,630.7596481019648
Mine_C_Munsar,2,2018,741.9481121797296,379.36832962052915,24.084054173993575,0.9368855558953662,23,3,853.4593716659302,5,2,High,1320.6653785996882,803.4339281213729,1218.255116358714
Mine_C_Munsar,3,2018,1179.1438670761154,838.055588556365,18.176551527508078,0.963018807404246,22,5,1429.7392575625881,5,2,High,379.36832962052915,1320.6653785996882,803.4339281213729
Mine_C_Munsar,4,2018,1192.3298527035327,1163.0128990360965,38.866511440565425,0.914524697609747,22,4,1372.0484430114914,8,3,Low,838.055588556365,379.36832962052915,1320.6653785996882
Mine_C_Munsar,5,2018,838.3440798383886,493.42655166876017,35.514498198084816,0.9103962784192398,24,3,967.7699274697221,6,2,High,1163.0128990360965,838.055588556365,379.36832962052915
Mine_C_Munsar,6,2018,700.9423312807048,210.28269938421144,398.91097507077427,0.7728463274747568,13,1,830.6058006983432,8,4,High,493.42655166876017,1163.0128990360965,838.055588556365
Mine_C_Munsar,7,2018,1176.754242154458,353.0262726463374,407.95650157255284,0.6720318658956321,10,1,1456.126736577373,5,3,High,210.28269938421144,493.42655166876017,1163.0128990360965
Mine_C_Munsar,8,2018,881.9042744367116,264.5712823310135,428.9623000793721,0.7928588639792014,7,2,1091.166498206982,8,2,High,353.0262726463374,210.28269938421144,493.42655166876017
Mine_C_Munsar,9,2018,697.8933877922484,209.3680163376745,255.84279173727543,0.7463534614831093,5,2,788.8175842263339,8,4,High,264.5712823310135,353.0262726463374,210.28269938421144
Mine_C_Munsar,10,2018,945.4153174296403,716.0634845672683,33.03861996573683,0.8551196760255182,25,5,1113.6259458509187,6,2,High,209.3680163376745,264.5712823310135,353.0262726463374
Mine_C_Munsar,11,2018,1003.8143681644506,1128.686128931305,26.028458758962465,0.9738320902579244,20,4,1206.5457329582352,8,4,Low,716.0634845672683,209.3680163376745,264.5712823310135
Mine_C_Munsar,12,2018,1190.7988485780581,1463.339355073689,18.394940891085643,0.9028291231175938,25,5,1531.551063812095,7,4,Low,1128.686128931305,716.0634845672683,209.3680163376745
Mine_C_Munsar,1,2019,1073.7309879548884,718.1750596849721,16.61088717662843,0.9491864565006191,25,4,1213.7101101813864,5,2,High,1463.339355073689,1128.686128931305,716.0634845672683
Mine_C_Munsar,2,2019,860.3887588685766,731.1735587848858,7.081639655576764,0.9115253506335117,23,5,1037.9086296421847,5,3,High,718.1750596849721,1463.339355073689,1128.686128931305
Mine_C_Munsar,3,2019,1081.6891700836388,1352.1114626045485,21.257594419306724,0.9518867781834458,25,5,1337.5418360013603,8,4,Low,731.1735587848858,718.1750596849721,1463.339355073689
Mine_C_Munsar,4,2019,716.3692730411474,842.272319484629,16.92909327291772,0.8944380248335029,20,5,901.198265676622,8,4,Low,1352.1114626045485,731.1735587848858,718.1750596849721
Mine_C_Munsar,5,2019,686.5721330130848,746.7948511823297,30.755181345698087,0.9204848740769194,22,5,830.0515423488541,6,4,Low,842.272319484629,1352.1114626045485,731.1735587848858
Mine_C_Munsar,6,2019,1001.1527340917264,300.3458202275179,297.4295941639149,0.8186152443676877,8,1,1134.7582795987303,6,4,High,746.7948511823297,842.272319484629,1352.1114626045485
Mine_C_Munsar,7,2019,1071.6933711060003,321.5080113318001,246.1911682863421,0.7733895164657265,6,1,1258.1876258380648,7,4,High,300.3458202275179,746.7948511823297,842.272319484629
Mine_C_Munsar,8,2019,959.4980039666525,287.8494011899957,362.8360929049033,0.7525512860613196,6,1,1112.4169696904873,8,3,High,321.5080113318001,300.3458202275179,746.7948511823297
Mine_C_Munsar,9,2019,1099.7856342677921,329.9356902803376,422.33950578498593,0.788295426900184,9,1,1249.9783940994228,5,4,High,287.8494011899957,321.5080113318001,300.3458202275179
Mine_C_Munsar,10,2019,685.7149040082616,597.2141361194956,5.479221107153722,0.9273432913269626,18,5,888.2237495825916,5,4,High,329.9356902803376,287.8494011899957,321.5080113318001
Mine_C_Munsar,11,2019,1098.046012919509,808.1395952530842,27.82627204375116,0.9363118196175149,18,3,1224.2001946769103,7,3,High,597.2141361194956,329.9356902803376,287.8494011899957
Mine_C_Munsar,12,2019,713.056998760092,434.5362884955938,3.9364833232004104,0.9322614178152551,17,3,866.5812343047066,6,3,High,808.1395952530842,597.2141361194956,329.9356902803376
Mine_C_Munsar,1,2020,723.4885241148163,705.0971191885253,23.30150026726306,0.8810652333550454,20,5,808.3826731260625,8,3,Low,434.5362884955938,808.1395952530842,597.2141361194956
Mine_C_Munsar,2,2020,955.5812478934165,910.0491745528379,7.604224506403341,0.9594438964438461,24,5,1080.3931378863788,8,2,Low,705.0971191885253,434.5362884955938,808.1395952530842
Mine_C_Munsar,3,2020,819.5582794590217,480.784365101334,39.34389981184328,0.8700213011728916,16,3,945.5346377206962,5,4,High,910.0491745528379,705.0971191885253,434.5362884955938
Mine_C_Munsar,4,2020,760.9896856587964,565.7669231679668,37.25973556275683,0.8840999664783028,21,3,937.861764033116,8,2,High,480.784365101334,910.0491745528379,705.0971191885253
Mine_C_Munsar,5,2020,942.2015362895859,638.483406365721,21.38976026612937,0.8749516521528468,17,5,1183.0604029656165,5,3,High,565.7669231679668,480.784365101334,910.0491745528379
Mine_C_Munsar,6,2020,926.2981446353514,277.8894433906054,370.52598282947486,0.7408853858247151,5,1,1050.5306176307952,8,2,High,638.483406365721,565.7669231679668,480.784365101334
Mine_C_Munsar,7,2020,805.011953493428,241.50358604802838,237.09685227267641,0.7152389655567982,10,1,900.554007885153,6,3,High,277.8894433906054,638.483406365721,565.7669231679668
Mine_C_Munsar,8,2020,1178.6579929950944,353.5973978985283,241.19098266782058,0.7007583049329853,8,2,1382.824934121971,8,3,High,241.50358604802838,277.8894433906054,638.483406365721
Mine_C_Munsar,9,2020,1196.1525904460464,358.8457771338139,326.7868192627363,0.7781985871375645,6,2,1361.6081672963103,5,2,High,353.5973978985283,241.50358604802838,277.8894433906054
Mine_C_Munsar,10,2020,1166.0137620101846,939.2035755907125,28.053407767021806,0.9205649333270057,21,5,1450.7940662430533,7,2,High,358.8457771338139,353.5973978985283,241.50358604802838
Mine_C_Munsar,11,2020,1190.9538984431229,592.6849182345176,3.6747709058113465,0.8944648644710461,17,3,1481.200813283457,5,2,High,939.2035755907125,358.8457771338139,353.5973978985283
Mine_C_Munsar,12,2020,655.8084572671405,645.0789165778567,31.515339296323926,0.9675043860143857,19,4,745.154884212531,7,4,Low,592.6849182345176,939.2035755907125,358.8457771338139
Mine_C_Munsar,1,2021,1193.7718067949684,778.390475925939,39.49881708303231,0.9685162430308982,19,3,1487.0944280160284,5,3,High,645.0789165778567,592.6849182345176,939.2035755907125
Mine_C_Munsar,2,2021,765.1149533889657,824.1879147495072,0.3658948390230865,0.9692788202820668,22,4,895.7394197432267,7,4,Low,778.390475925939,645.0789165778567,592.6849182345176
Mine_C_Munsar,3,2021,991.8219043961245,752.6123046373331,28.018503477131304,0.8719997493448205,19,5,1249.3999046005483,8,2,High,824.1879147495072,778.390475925939,645.0789165778567
Mine_C_Munsar,4,2021,848.9431339543387,730.4891487398573,10.739635302504226,0.8511226009809748,16,4,1039.710761908061,8,4,High,752.6123046373331,824.1879147495072,778.390475925939
Mine_C_Munsar,5,2021,628.9270552269207,324.2163365807343,8.469777381210184,0.8599492829687588,15,4,762.0945868064357,5,3,High,730.4891487398573,752.6123046373331,824.1879147495072
Mine_C_Munsar,6,2021,632.1360703490094,200.54001946498224,283.0571791131696,0.7369584547790802,11,2,780.2027610074023,8,4,High,324.2163365807343,730.4891487398573,752.6123046373331
Mine_C_Munsar,7,2021,1120.20456502589,336.061369507767,291.6180238099738,0.8029703084675937,6,1,1278.400443349521,6,2,High,200.54001946498224,324.2163365807343,730.4891487398573
Mine_C_Munsar,8,2021,1027.6814493473773,308.3044348042132,328.10726461262414,0.6991904277590585,10,2,1147.72681817777,6,2,High,336.061369507767,200.54001946498224,324.2163365807343
Mine_C_Munsar,9,2021,1097.2102552248743,329.16307656746227,272.72038594229633,0.6894364302313225,13,2,1284.1228249562762,5,3,High,308.3044348042132,336.061369507767,200.54001946498224
Mine_C_Munsar,10,2021,997.9752841311313,736.1543791776369,19.374152499223815,0.9070368482548137,23,3,1286.4509503548613,5,4,High,329.16307656746227,308.3044348042132,336.061369507767
Mine_C_Munsar,11,2021,910.1704575752949,882.5411440265638,31.133086261475334,0.963625326943174,22,4,1090.2724919021825,6,4,Low,736.1543791776369,329.16307656746227,308.3044348042132
Mine_C_Munsar,12,2021,882.4739247923417,462.72488382335695,30.34359450857828,0.8547672927395422,15,3,975.2370159427328,8,2,High,882.5411440265638,736.1543791776369,329.16307656746227
Mine_C_Munsar,1,2022,752.6881902632974,505.5772055350373,38.28532797633704,0.9303945965994322,18,4,840.1301908077251,7,2,High,462.72488382335695,882.5411440265638,736.1543791776369
Mine_C_Munsar,2,2022,933.0106869062289,952.3758453989242,32.40113401264017,0.9144432870008573,19,5,1146.0460722297998,7,4,Low,505.5772055350373,462.72488382335695,882.5411440265638
Mine_C_Munsar,3,2022,1053.012572394996,1050.1952941014108,1.7592821813391923,0.917587392717987,18,4,1320.0864836441767,8,4,Low,952.3758453989242,505.5772055350373,462.72488382335695
Mine_C_Munsar,4,2022,636.4199214864683,653.2125778224073,32.531476116902866,0.9755045410508589,21,4,784.1743698717337,7,4,Low,1050.1952941014108,952.3758453989242,505.5772055350373
Mine_C_Munsar,5,2022,978.0077314128212,731.2024680648486,19.546462675353794,0.9384019234571657,25,4,1130.753683052741,5,3,High,653.2125778224073,1050.1952941014108,952.3758453989242
Mine_C_Munsar,6,2022,1153.967724776482,358.9390359805481,229.73334056152103,0.8049063648594894,5,2,1477.4385250144471,7,4,High,731.2024680648486,653.2125778224073,1050.1952941014108
Mine_C_Munsar,7,2022,928.2593577538937,363.34177398438163,239.9883925528656,0.6818173694254169,13,2,1021.0868589850932,8,4,High,358.9390359805481,731.2024680648486,653.2125778224073
Mine_C_Munsar,8,2022,638.8741444712724,191.66224334138172,285.4550067322212,0.6981995861854804,14,2,709.5508880628123,6,3,High,363.34177398438163,358.9390359805481,731.2024680648486
Mine_C_Munsar,9,2022,765.9662192031985,229.78986576095954,273.83278365541753,0.7437312972023362,7,1,995.712842034284,5,3,High,191.66224334138172,363.34177398438163,358.9390359805481
Mine_C_Munsar,10,2022,962.2467522211443,1064.38153640733,11.57155169635164,0.9766070370949077,24,4,1247.5278698672075,8,3,Low,229.78986576095954,191.66224334138172,363.34177398438163
Mine_C_Munsar,11,2022,1087.4161088580213,1167.5233120310177,19.51003605361243,0.8856920000236337,23,5,1378.662045567604,8,3,Low,1064.38153640733,229.78986576095954,191.66224334138172
Mine_C_Munsar,12,2022,967.9172168163241,657.1980274474049,25.6630967279316,0.9651962442508843,15,4,1165.0992326648625,7,2,High,1167.5233120310177,1064.38153640733,229.78986576095954
Mine_C_Munsar,1,2023,731.4636419864275,688.5091223982749,13.200270070173872,0.9550092226575627,17,4,924.8830938791306,7,4,Medium,657.1980274474049,1167.5233120310177,1064.38153640733
Mine_C_Munsar,2,2023,721.8811799786345,458.61528028485895,25.426783054154775,0.934633185213257,24,3,913.6181290791171,6,2,High,688.5091223982749,657.1980274474049,1167.5233120310177
Mine_C_Munsar,3,2023,1099.7982040813895,691.9593339385777,4.857458920488207,0.9457773621485712,19,5,1383.61030888709,5,2,High,458.61528028485895,688.5091223982749,657.1980274474049
Mine_C_Munsar,4,2023,1154.5686224312794,936.4813946380879,34.19418944845802,0.8503207351971439,16,5,1275.4475994444613,8,3,High,691.9593339385777,458.61528028485895,688.5091223982749
Mine_C_Munsar,5,2023,646.2192585484509,376.66587839777173,11.214831365623969,0.8924893218585747,17,4,810.3286533399216,5,3,High,936.4813946380879,691.9593339385777,458.61528028485895
Mine_C_Munsar,6,2023,782.4299201392171,234.72897604176512,277.4387938912142,0.7257186316318818,7,2,862.5198651484807,5,3,High,376.66587839777173,936.4813946380879,691.9593339385777
Mine_C_Munsar,7,2023,1062.9648774217517,341.4758355911578,361.62125100838665,0.7744585294010182,14,2,1364.5231729793866,8,3,High,234.72897604176512,376.66587839777173,936.4813946380879
Mine_C_Munsar,8,2023,677.0301737517191,203.10905212551572,390.72719427433793,0.811003778163247,7,2,867.5631547237984,5,3,High,341.4758355911578,234.72897604176512,376.66587839777173
Mine_C_Munsar,9,2023,859.0974332673026,257.7292299801908,398.45089734057694,0.7786277625892958,12,1,953.1865834657183,5,2,High,203.10905212551572,341.4758355911578,234.72897604176512
Mine_C_Munsar,10,2023,651.3410088648786,465.1969136463423,34.159615068059885,0.9332831441667466,24,5,829.6035637867817,5,2,High,257.7292299801908,203.10905212551572,341.4758355911578
Mine_C_Munsar,11,2023,867.7798064775154,709.5443158151656,2.8811962131268354,0.8599666382164389,22,5,1040.1480380157768,7,3,High,465.1969136463423,257.7292299801908,203.10905212551572
Mine_C_Munsar,12,2023,1128.3900878273353,870.6679063303791,18.188957233668788,0.9753213107594286,18,3,1273.591072322921,7,3,High,709.5443158151656,465.1969136463423,257.7292299801908
Mine_C_Munsar,1,2024,692.4701888133598,664.7046369034657,7.500603394888996,0.9326204586193119,20,5,878.7557580082175,6,4,Low,870.6679063303791,709.5443158151656,465.1969136463423
Mine_C_Munsar,2,2024,1017.4228260276726,783.2118740425327,25.94789837104221,0.9123853704552172,24,3,1243.9158040706625,5,4,High,664.7046369034657,870.6679063303791,709.5443158151656
Mine_C_Munsar,3,2024,930.6070696703943,570.7555254950385,30.945542642816125,0.916452589535037,16,3,1064.2770140182893,6,3,High,783.2118740425327,664.7046369034657,870.6679063303791
Mine_C_Munsar,4,2024,721.5421769587387,492.000795969115,36.912566011243804,0.8906112093375582,21,3,844.4656491896405,5,4,High,570.7555254950385,783.2118740425327,664.7046369034657
Mine_C_Munsar,5,2024,604.9816133334092,423.0167070200425,20.091003395154175,0.9707177438714379,15,5,721.1696302338358,7,2,High,492.000795969115,570.7555254950385,783.2118740425327
Mine_C_Munsar,6,2024,866.7627035362773,260.0288110608832,357.9477469295282,0.7706757518748191,8,1,1086.3651799047027,8,2,High,423.0167070200425,492.000795969115,570.7555254950385
Mine_C_Munsar,7,2024,775.3030031444839,232.59090094334516,365.38242152710666,0.8019270738681192,5,2,909.3079718598945,5,3,High,260.0288110608832,423.0167070200425,492.000795969115
Mine_C_Munsar,8,2024,857.8914935770331,257.3674480731099,260.106058649607,0.7765224285536269,7,2,1067.8827919759829,8,2,High,232.59090094334516,260.0288110608832,423.0167070200425
Mine_C_Munsar,9,2024,1133.5410017670688,340.06230053012064,291.96573376910516,0.7092776968243708,8,2,1420.5370850143754,5,3,High,257.3674480731099,232.59090094334516,260.0288110608832
Mine_C_Munsar,10,2024,902.0969786359276,616.7767716511281,32.7666380150725,0.9679890053440068,18,4,1058.3568430851528,5,3,High,340.06230053012064,257.3674480731099,232.59090094334516
Mine_C_Munsar,11,2024,1074.250421996862,683.8979052804631,36.631565979932056,0.9072370855434617,20,3,1396.1466484184573,7,2,High,616.7767716511281,340.06230053012064,257.3674480731099
Mine_C_Munsar,12,2024,825.8258377120748,471.3401549434524,2.998933647640354,0.8694965030651829,20,3,950.4946826418998,8,2,High,683.8979052804631,616.7767716511281,340.06230053012064
Mine_C_Munsar,1,2025,612.3014194068304,412.4210021522219,13.345183011176346,0.862624428640237,17,4,694.5460420648618,6,3,High,471.3401549434524,683.8979052804631,616.7767716511281
Mine_C_Munsar,2,2025,894.8979113813807,691.7676484286145,3.5429974334292247,0.9107618539596334,21,3,1087.7120191674423,5,4,High,412.4210021522219,471.3401549434524,683.8979052804631
Mine_C_Munsar,3,2025,721.6174592868535,423.8115394083426,39.61115083563691,0.9067221578307249,20,3,901.9268254048628,7,2,High,691.7676484286145,412.4210021522219,471.3401549434524
Mine_C_Munsar,4,2025,1042.8911938777853,642.1351824370968,33.2544618630176,0.8577720048935752,20,4,1292.4672819928517,6,2,High,423.8115394083426,691.7676484286145,412.4210021522219
Mine_C_Munsar,5,2025,942.6441246778356,1162.2439055619977,33.60746840193616,0.9228666801044529,21,5,1133.0530330221106,8,4,Low,642.1351824370968,423.8115394083426,691.7676484286145
Mine_C_Munsar,6,2025,889.1738368919574,266.7521510675872,370.50679298107093,0.7164040157719438,6,2,987.5703920371647,5,4,High,1162.2439055619977,642.1351824370968,423.8115394083426
Mine_C_Munsar,7,2025,777.7617200498042,233.32851601494127,308.3134261183259,0.6716368379896376,13,2,1004.8865554843079,6,2,High,266.7521510675872,1162.2439055619977,642.1351824370968
Mine_C_Munsar,8,2025,1050.7648666604957,315.2294599981487,352.8581468003471,0.7088015531515519,13,1,1300.2602105607396,8,4,High,233.32851601494127,266.7521510675872,1162.2439055619977
Mine_C_Munsar,9,2025,1098.80504921943,378.24522994411603,232.85643627899816,0.7491490701325234,14,1,1401.5701025432736,7,3,High,315.2294599981487,233.32851601494127,266.7521510675872
Mine_C_Munsar,10,2025,838.1454731271499,544.8550623968406,13.883085534057372,0.8677240917472392,18,3,1016.7525326437407,6,3,High,378.24522994411603,315.2294599981487,233.32851601494127
Mine_C_Munsar,11,2025,713.79667744125,453.4467863713774,5.980777416521095,0.9432051512515163,20,3,806.4593589131356,7,2,High,544.8550623968406,378.24522994411603,315.2294599981487
Mine_C_Munsar,12,2025,667.3532087200776,675.7705942587875,38.752568134322686,0.9000742177201017,24,3,826.505236429454,7,4,Low,453.4467863713774,544.8550623968406,378.24522994411603
Mine_D_Balaghat,1,2016,1047.2299969088838,1028.43231851364,37.8168899127808,0.9408115359847322,24,5,1245.0164889519413,6,3,Low,1028.43231851364,1028.43231851364,1028.43231851364
Mine_D_Balaghat,2,2016,1705.6800776293867,1157.6105176752988,28.306509981258042,0.9471441130445171,19,3,2107.6191707227867,8,2,High,1028.43231851364,1028.43231851364,1028.43231851364
Mine_D_Balaghat,3,2016,1848.5030026555623,1354.019994295886,20.30737217941786,0.8795420609614949,16,5,2352.8549695959123,5,4,High,1157.6105176752988,1028.43231851364,1028.43231851364
Mine_D_Balaghat,4,2016,1156.1006292682405,858.9092342897002,23.41094285311652,0.9056763420388624,18,3,1332.8002297135572,7,3,High,1354.019994295886,1157.6105176752988,1028.43231851364
Mine_D_Balaghat,5,2016,1732.2411048017238,899.3475152832848,4.657587930088853,0.9256061419869399,16,3,2149.2342159190807,5,2,High,858.9092342897002,1354.019994295886,1157.6105176752988
Mine_D_Balaghat,6,2016,1923.1989424533608,576.9596827360082,487.36807883659037,0.7985096303182758,10,2,2472.1456189699115,5,2,High,899.3475152832848,858.9092342897002,1354.019994295886
Mine_D_Balaghat,7,2016,1886.4876852792079,565.9463055837623,289.4939581996937,0.6651171764313453,5,1,2387.5445144517043,5,4,High,576.9596827360082,899.3475152832848,858.9092342897002
Mine_D_Balaghat,8,2016,1039.3441350072503,311.8032405021751,430.28041328568474,0.7794186688807331,14,1,1306.632124149154,5,2,High,565.9463055837623,576.9596827360082,899.3475152832848
Mine_D_Balaghat,9,2016,1638.4984093753537,491.5495228126061,502.8586845789602,0.8119230081787476,7,2,2029.9884978994758,5,3,High,311.8032405021751,565.9463055837623,576.9596827360082
Mine_D_Balaghat,10,2016,1310.7539972835991,1079.814230944137,30.294127516243844,0.8931062264477942,25,4,1681.1795992850198,6,3,High,491.5495228126061,311.8032405021751,565.9463055837623
Mine_D_Balaghat,11,2016,1835.4320164520468,1422.3186611239435,7.754159887421603,0.9403940391501927,22,3,2094.8074020096597,6,3,High,1079.814230944137,491.5495228126061,311.8032405021751
Mine_D_Balaghat,12,2016,1507.788926787755,1650.0283266750998,24.466788278315722,0.9531085638764684,17,5,1906.7447506140918,8,4,Low,1422.3186611239435,1079.814230944137,491.5495228126061
Mine_D_Balaghat,1,2017,1896.9437499748337,1205.2843276331819,0.8076187069288387,0.8682672788467156,21,3,2225.714562692945,6,3,High,1650.0283266750998,1422.3186611239435,1079.814230944137
Mine_D_Balaghat,2,2017,1766.0012007237426,970.4911950366612,31.75676747590368,0.8664594848451619,22,3,2273.16323353243,6,2,High,1205.2843276331819,1650.0283266750998,1422.3186611239435
Mine_D_Balaghat,3,2017,1353.8015349247958,929.9485714998743,32.69066424769315,0.8980458613887454,22,4,1663.8197803114647,5,3,High,970.4911950366612,1205.2843276331819,1650.0283266750998
Mine_D_Balaghat,4,2017,1952.6314519580756,780.2942931543722,28.722389527361774,0.8584012530456291,16,3,2295.5865811734893,5,2,High,929.9485714998743,970.4911950366612,1205.2843276331819
Mine_D_Balaghat,5,2017,1682.6030469300338,1219.0590738581225,23.89911732663758,0.851732869719363,19,3,1906.6984817568307,6,4,High,780.2942931543722,929.9485714998743,970.4911950366612
Mine_D_Balaghat,6,2017,1323.0840833343827,396.9252250003148,501.19702716456436,0.7811966997717118,5,1,1638.6705027634612,7,3,High,1219.0590738581225,780.2942931543722,929.9485714998743
Mine_D_Balaghat,7,2017,1980.4070654283364,594.1221196285009,344.37200460593715,0.7883021218477034,13,1,2232.607829244757,7,2,High,396.9252250003148,1219.0590738581225,780.2942931543722
Mine_D_Balaghat,8,2017,1531.7555959898891,459.52667879696673,315.9270485453164,0.7150305622198877,6,2,1878.779432160626,8,4,High,594.1221196285009,396.9252250003148,1219.0590738581225
Mine_D_Balaghat,9,2017,1614.6361142228716,484.3908342668615,427.2712621137455,0.8141778406472923,9,1,1934.6740802061483,7,4,High,459.52667879696673,594.1221196285009,396.9252250003148
Mine_D_Balaghat,10,2017,1785.1919302003528,1670.621657605955,10.376969671537895,0.9714154790124344,25,3,2278.6083865015016,6,4,Medium,484.3908342668615,459.52667879696673,594.1221196285009
Mine_D_Balaghat,11,2017,1501.9584312790314,1035.7699878335272,14.904622959503918,0.8602712823599914,17,4,1719.6600194829816,8,2,High,1670.621657605955,484.3908342668615,459.52667879696673
Mine_D_Balaghat,12,2017,1213.9138776723782,1072.2262718968516,31.92851680380555,0.876660033881449,21,4,1364.8521274353295,7,3,High,1035.7699878335272,1670.621657605955,484.3908342668615
Mine_D_Balaghat,1,2018,1864.950133889744,2138.985216390061,19.667542486613236,0.8791344305735284,20,5,2282.0732127390283,8,4,Low,1072.2262718968516,1035.7699878335272,1670.621657605955
Mine_D_Balaghat,2,2018,1488.1094711888552,1180.5328609942385,39.224465561587245,0.9080162526138539,15,4,1780.2127879009176,8,3,High,2138.985216390061,1072.2262718968516,1035.7699878335272
Mine_D_Balaghat,3,2018,1943.3219051659762,1140.5197789242757,25.305759896863243,0.9323206455531097,16,3,2525.360801105359,7,2,High,1180.5328609942385,2138.985216390061,1072.2262718968516
Mine_D_Balaghat,4,2018,1912.3286777358148,1790.145038495691,22.103678799400072,0.8884803409745866,25,4,2382.1284362602346,6,4,Medium,1140.5197789242757,1180.5328609942385,2138.985216390061
Mine_D_Balaghat,5,2018,1346.375109049147,741.1721764040668,36.681462478300205,0.9417349175159571,15,5,1686.4608757501326,5,2,High,1790.145038495691,1140.5197789242757,1180.5328609942385
Mine_D_Balaghat,6,2018,1451.2205224230247,435.3661567269074,366.1619613156645,0.7239683589275498,11,2,1667.1884169289613,5,3,High,741.1721764040668,1790.145038495691,1140.5197789242757
Mine_D_Balaghat,7,2018,1447.4471412190105,434.2341423657031,328.83200887828843,0.706917781402091,9,1,1688.7881460856524,8,4,High,435.3661567269074,741.1721764040668,1790.145038495691
Mine_D_Balaghat,8,2018,1467.1117670554854,440.1335301166456,512.9120334531516,0.7011643587113726,12,2,1897.310231376621,5,3,High,434.2341423657031,435.3661567269074,741.1721764040668
Mine_D_Balaghat,9,2018,1621.9061941456982,486.57185824370947,321.98096407929995,0.8095702025210982,8,1,1934.343675336435,7,2,High,440.1335301166456,434.2341423657031,435.3661567269074
Mine_D_Balaghat,10,2018,1567.5580339914961,1508.6293499284373,35.01822749995613,0.9132442370270434,25,5,1910.7078540134314,5,4,Low,486.57185824370947,440.1335301166456,434.2341423657031
Mine_D_Balaghat,11,2018,1454.338622771532,1183.0225199097163,2.180140169513498,0.9017134590359059,21,4,1676.0326767521103,7,3,High,1508.6293499284373,486.57185824370947,440.1335301166456
Mine_D_Balaghat,12,2018,1258.2242818902087,896.1990716590374,27.370200272142235,0.9159111348363098,17,5,1480.2772262576543,7,2,High,1183.0225199097163,1508.6293499284373,486.57185824370947
Mine_D_Balaghat,1,2019,1153.637623344377,1056.886889792821,20.866565509476676,0.8708850445517585,20,5,1405.2969070097743,8,3,Medium,896.1990716590374,1183.0225199097163,1508.6293499284373
Mine_D_Balaghat,2,2019,1943.2808260057573,1339.7680596113582,8.552404152718264,0.910919730318797,19,3,2518.188608341394,5,4,High,1056.886889792821,896.1990716590374,1183.0225199097163
Mine_D_Balaghat,3,2019,1977.805923759605,1935.3209636593817,7.334567316073892,0.8929279482595713,19,5,2372.6235655516734,8,3,Low,1339.7680596113582,1056.886889792821,896.1990716590374
Mine_D_Balaghat,4,2019,1240.7024896556613,700.6656478010225,5.189280387798796,0.8771452496048824,15,4,1582.872348772686,5,2,High,1935.3209636593817,1339.7680596113582,1056.886889792821
Mine_D_Balaghat,5,2019,1952.9870621362138,1798.817726485546,12.420670211032746,0.9280486452838785,18,5,2273.680990300209,6,4,Medium,700.6656478010225,1935.3209636593817,1339.7680596113582
Mine_D_Balaghat,6,2019,1521.6672425615552,456.50017276846654,360.5547389921129,0.7970637988584299,6,2,1760.5806305652645,8,3,High,1798.817726485546,700.6656478010225,1935.3209636593817
Mine_D_Balaghat,7,2019,1527.8075896077976,458.34227688233926,450.213195773311,0.6722343597160317,13,2,1698.9967197778853,6,3,High,456.50017276846654,1798.817726485546,700.6656478010225
Mine_D_Balaghat,8,2019,1258.302954763655,377.49088642909646,298.36096421302426,0.8017239667994311,9,1,1493.4762822204457,5,4,High,458.34227688233926,456.50017276846654,1798.817726485546
Mine_D_Balaghat,9,2019,1397.9706090847426,419.39118272542277,319.6327771372789,0.7221485176067479,8,1,1786.7124282603866,8,3,High,377.49088642909646,458.34227688233926,456.50017276846654
Mine_D_Balaghat,10,2019,1176.2781293984924,982.3924620745541,17.461882780194905,0.9427699698343475,20,3,1453.329040578108,6,4,High,419.39118272542277,377.49088642909646,458.34227688233926
Mine_D_Balaghat,11,2019,1578.6334311669389,1500.859306987803,14.39630134241176,0.8910022977101266,20,5,1786.8759973616372,6,4,Low,982.3924620745541,419.39118272542277,377.49088642909646
Mine_D_Balaghat,12,2019,1325.139606336869,955.4772420279787,5.002638610182029,0.8945294570061741,24,3,1664.5812544905211,6,3,High,1500.859306987803,982.3924620745541,419.39118272542277
Mine_D_Balaghat,1,2020,1426.8240132847218,929.5166919901689,10.102335723665714,0.8974338956042143,22,4,1812.5645297425563,5,3,High,955.4772420279787,1500.859306987803,982.3924620745541
Mine_D_Balaghat,2,2020,1516.8689256448697,1546.5092243584395,23.96364188499963,0.964732038708774,24,5,1737.0521336084173,5,4,Low,929.5166919901689,955.4772420279787,1500.859306987803
Mine_D_Balaghat,3,2020,1853.3178673424732,1741.6164268428047,4.268415160135319,0.8897398700013488,21,5,2074.8666189810833,6,4,Medium,1546.5092243584395,929.5166919901689,955.4772420279787
Mine_D_Balaghat,4,2020,1796.1299843370575,1260.6751895657812,32.0763840139488,0.9150553527672122,17,5,2241.875577230638,7,2,High,1741.6164268428047,1546.5092243584395,929.5166919901689
Mine_D_Balaghat,5,2020,1516.6810515582188,1660.087148785198,22.998676545598986,0.9625447205394394,18,5,1671.413035140734,7,4,Low,1260.6751895657812,1741.6164268428047,1546.5092243584395
Mine_D_Balaghat,6,2020,1620.1133833419444,486.0340150025833,388.8686212869795,0.7495959717197513,12,1,2054.398314732218,8,4,High,1660.087148785198,1260.6751895657812,1741.6164268428047
Mine_D_Balaghat,7,2020,1770.898199341511,531.2694598024533,315.51333865686877,0.6563992079767859,5,2,2248.1670732135035,5,3,High,486.0340150025833,1660.087148785198,1260.6751895657812
Mine_D_Balaghat,8,2020,1850.3842046380705,555.1152613914211,514.2407935833116,0.6924478523359905,12,2,2382.300344155807,8,3,High,531.2694598024533,486.0340150025833,1660.087148785198
Mine_D_Balaghat,9,2020,1323.7989270876299,397.13967812628897,492.23213980736153,0.711609729785505,13,1,1580.574267495693,8,3,High,555.1152613914211,531.2694598024533,486.0340150025833
Mine_D_Balaghat,10,2020,1578.139341960189,1133.737564643633,33.993524390670125,0.90237689487395,15,5,1900.4988667478806,8,2,High,397.13967812628897,555.1152613914211,531.2694598024533
Mine_D_Balaghat,11,2020,1282.6690302515417,1230.6217955510854,14.38433072699957,0.9722212423086891,25,3,1545.314819005295,8,3,Low,1133.737564643633,397.13967812628897,555.1152613914211
Mine_D_Balaghat,12,2020,1099.0811571150973,878.3942410149783,39.00284445994605,0.961681435253452,17,5,1314.718900859195,6,3,High,1230.6217955510854,1133.737564643633,397.13967812628897
Mine_D_Balaghat,1,2021,1062.0096193665074,869.8523078091141,29.68542653164874,0.9191391245762682,23,4,1340.805233685838,6,3,High,878.3942410149783,1230.6217955510854,1133.737564643633
Mine_D_Balaghat,2,2021,1142.5818512087108,1155.7481714561766,21.218365295103396,0.8673450749902197,25,4,1480.3645389003163,7,4,Low,869.8523078091141,878.3942410149783,1230.6217955510854
Mine_D_Balaghat,3,2021,1195.9893897682657,986.7676917756902,3.1661973427085943,0.9730792445135248,19,4,1514.2126108000275,7,3,High,1155.7481714561766,869.8523078091141,878.3942410149783
Mine_D_Balaghat,4,2021,1047.817588302316,808.6475814993205,31.645889035679623,0.9230234862843207,24,5,1182.2170602772826,6,2,High,986.7676917756902,1155.7481714561766,869.8523078091141
Mine_D_Balaghat,5,2021,1890.0651962893173,2040.0517626884805,13.167924676475891,0.865576777409314,24,4,2106.68190338231,8,4,Low,808.6475814993205,986.7676917756902,1155.7481714561766
Mine_D_Balaghat,6,2021,1743.7264550228751,523.1179365068625,342.7450509189025,0.7100837648229348,6,1,2124.8840545375933,7,3,High,2040.0517626884805,808.6475814993205,986.7676917756902
Mine_D_Balaghat,7,2021,1539.8435880544225,461.9530764163267,457.2704416287037,0.6902211259532556,12,2,1781.634471882727,8,4,High,523.1179365068625,2040.0517626884805,808.6475814993205
Mine_D_Balaghat,8,2021,1861.788820969317,558.536646290795,339.3484602711518,0.6551388410981192,14,2,2230.3566568591023,6,2,High,461.9530764163267,523.1179365068625,2040.0517626884805
Mine_D_Balaghat,9,2021,1680.768415745767,504.23052472373007,501.5974241687403,0.8178362299947551,10,2,2137.8927609861726,8,3,High,558.536646290795,461.9530764163267,523.1179365068625
Mine_D_Balaghat,10,2021,1208.616795082192,718.2224503337,20.157860285661783,0.8776194566074627,25,3,1415.671980674634,5,2,High,504.23052472373007,558.536646290795,461.9530764163267
Mine_D_Balaghat,11,2021,1002.1195145578106,854.6889210579754,1.3248568187795806,0.9679337189812627,23,4,1274.2364831350474,8,2,High,718.2224503337,504.23052472373007,558.536646290795
Mine_D_Balaghat,12,2021,1099.697943016393,797.4445688986924,18.62951403809467,0.919261468143411,17,3,1277.610289179025,7,3,High,854.6889210579754,718.2224503337,504.23052472373007
Mine_D_Balaghat,1,2022,1513.9831650647095,1361.018078323788,17.802762181492948,0.9269878798915592,22,4,1809.4749314473818,5,4,High,797.4445688986924,854.6889210579754,718.2224503337
Mine_D_Balaghat,2,2022,1232.8951983509978,978.4151330720206,36.05297486066581,0.9692124701033029,17,5,1596.990725610961,6,3,High,1361.018078323788,797.4445688986924,854.6889210579754
Mine_D_Balaghat,3,2022,1215.6604164735709,725.7263845858369,27.112925704693197,0.886429767038695,16,5,1467.6899638513105,6,2,High,978.4151330720206,1361.018078323788,797.4445688986924
Mine_D_Balaghat,4,2022,1237.2469370744136,1377.2249239555142,32.87992561516782,0.9603097284395419,19,4,1586.6230557572694,8,4,Low,725.7263845858369,978.4151330720206,1361.018078323788
Mine_D_Balaghat,5,2022,1170.1333900018199,1072.983433744909,15.573002750363635,0.9195588595341191,19,3,1416.4252226088706,8,4,Medium,1377.2249239555142,725.7263845858369,978.4151330720206
Mine_D_Balaghat,6,2022,1020.7855509867725,306.23566529603175,380.4414797612277,0.6779664938793883,10,2,1131.2019863329858,6,4,High,1072.983433744909,1377.2249239555142,725.7263845858369
Mine_D_Balaghat,7,2022,1576.4875676249399,509.1026690085652,394.7213237246268,0.7964004634504521,13,1,1781.6782169815497,8,4,High,306.23566529603175,1072.983433744909,1377.2249239555142
Mine_D_Balaghat,8,2022,1679.268442467408,503.7805327402224,391.671956669218,0.6665851268870064,10,1,1924.2253026673757,7,2,High,509.1026690085652,306.23566529603175,1072.983433744909
Mine_D_Balaghat,9,2022,1819.8854752386783,545.9656425716034,327.9047920637819,0.6967380965011102,7,2,2003.76469914924,8,3,High,503.7805327402224,509.1026690085652,306.23566529603175
Mine_D_Balaghat,10,2022,1997.0634944596718,1258.827583900493,14.670971286329033,0.8982063913373478,23,3,2262.819530602911,5,3,High,545.9656425716034,503.7805327402224,509.1026690085652
Mine_D_Balaghat,11,2022,1871.2735186392601,1630.5808937519148,20.908533434501194,0.8915992694095952,18,4,2094.2090736614027,8,3,High,1258.827583900493,545.9656425716034,503.7805327402224
Mine_D_Balaghat,12,2022,1253.249748408433,1321.7995386650002,12.326175122905433,0.9115090953557285,24,5,1442.9295946311843,7,3,Low,1630.5808937519148,1258.827583900493,545.9656425716034
Mine_D_Balaghat,1,2023,1043.7150544439103,807.7431346771566,21.252969106999302,0.9457969679376373,23,4,1254.0805723592712,5,3,High,1321.7995386650002,1630.5808937519148,1258.827583900493
Mine_D_Balaghat,2,2023,1471.6662280526614,1414.8344131187232,25.448651721218503,0.8937642445163752,24,4,1744.8973097243252,8,3,Low,807.7431346771566,1321.7995386650002,1630.5808937519148
Mine_D_Balaghat,3,2023,1572.0178898301895,1055.2077062485532,20.87005620337927,0.881807722335243,23,3,2042.166297759409,8,2,High,1414.8344131187232,807.7431346771566,1321.7995386650002
Mine_D_Balaghat,4,2023,1161.5560321245514,790.5691526910134,16.995634925853984,0.9465511858648765,17,3,1456.8258810729337,6,4,High,1055.2077062485532,1414.8344131187232,807.7431346771566
Mine_D_Balaghat,5,2023,1706.7687098370855,1317.6561424941103,27.635748392815742,0.8693151251405411,24,4,2123.4908827671766,7,2,High,790.5691526910134,1055.2077062485532,1414.8344131187232
Mine_D_Balaghat,6,2023,1984.1153627509555,595.2346088252866,376.97538500970506,0.7428105043042237,13,1,2431.166824547647,7,2,High,1317.6561424941103,790.5691526910134,1055.2077062485532
Mine_D_Balaghat,7,2023,1640.406633217487,492.1219899652461,494.1090723146072,0.8058786989143243,10,1,1899.081279640545,5,3,High,595.2346088252866,1317.6561424941103,790.5691526910134
Mine_D_Balaghat,8,2023,1447.7656408439568,434.32969225318703,500.8755720504647,0.7500298692451185,6,1,1605.2009248227346,6,3,High,492.1219899652461,595.2346088252866,1317.6561424941103
Mine_D_Balaghat,9,2023,1010.6237527082591,303.1871258124777,491.893097113709,0.7392162168526303,6,2,1249.895196779601,5,2,High,434.32969225318703,492.1219899652461,595.2346088252866
Mine_D_Balaghat,10,2023,1379.0969290208352,1217.9007191232054,21.49700453751004,0.9173059047342536,21,5,1566.6944145016741,6,3,High,303.1871258124777,434.32969225318703,492.1219899652461
Mine_D_Balaghat,11,2023,1678.6193548433423,1321.5755517413463,0.34957672994424094,0.9672085550275115,17,4,2178.6040979279646,7,3,High,1217.9007191232054,303.1871258124777,434.32969225318703
Mine_D_Balaghat,12,2023,1416.045849261476,928.2334314272458,15.272930190369664,0.9429810528590734,23,3,1779.0222603041975,6,2,High,1321.5755517413463,1217.9007191232054,303.1871258124777
Mine_D_Balaghat,1,2024,1649.9156094483276,1373.165467274254,20.292655820267566,0.9554195340909571,16,5,2043.8187406020834,8,2,High,928.2334314272458,1321.5755517413463,1217.9007191232054
Mine_D_Balaghat,2,2024,1902.0174759625975,1657.1152891157947,23.487573649639508,0.9474457934648116,24,5,2312.041855270552,5,3,High,1373.165467274254,928.2334314272458,1321.5755517413463
Mine_D_Balaghat,3,2024,1438.715044449337,1392.3028053158778,26.61449305073987,0.9178347788164878,25,4,1860.2015342215464,6,4,Low,1657.1152891157947,1373.165467274254,928.2334314272458
Mine_D_Balaghat,4,2024,1216.3179515083891,982.0820408586793,16.67189074383842,0.963021740280265,21,5,1420.6452680039943,5,3,High,1392.3028053158778,1657.1152891157947,1373.165467274254
Mine_D_Balaghat,5,2024,1522.8766666861197,1069.4437898039473,33.36454369113525,0.8839974307388868,18,3,1912.4468895719424,7,3,High,982.0820408586793,1392.3028053158778,1657.1152891157947
Mine_D_Balaghat,6,2024,1060.6086395219554,318.1825918565866,372.26683553038333,0.7661391146974685,8,1,1235.0083763571572,6,3,High,1069.4437898039473,982.0820408586793,1392.3028053158778
Mine_D_Balaghat,7,2024,1788.6029753914975,536.5808926174492,447.7593714964605,0.8090812223542887,9,2,2060.204586055481,8,2,High,318.1825918565866,1069.4437898039473,982.0820408586793
Mine_D_Balaghat,8,2024,1810.6164810003058,543.1849443000917,491.1158360845646,0.7543967012531,13,1,2319.664308090654,8,3,High,536.5808926174492,318.1825918565866,1069.4437898039473
Mine_D_Balaghat,9,2024,1148.9633184385727,344.68899553157183,404.227154561883,0.7811059762888816,11,2,1423.34443669324,8,2,High,543.1849443000917,536.5808926174492,318.1825918565866
Mine_D_Balaghat,10,2024,1877.299180368932,1689.835424150105,3.4748783851132403,0.8725220062629948,22,4,2271.6761356898073,6,4,Medium,344.68899553157183,543.1849443000917,536.5808926174492
Mine_D_Balaghat,11,2024,1004.8080621870608,578.5085892869973,20.34575353115227,0.8759421469411861,25,3,1167.2225710397618,5,2,High,1689.835424150105,344.68899553157183,543.1849443000917
Mine_D_Balaghat,12,2024,1048.292862310928,668.6462774006388,39.31947863156379,0.897425167568748,21,5,1313.3398352002814,5,2,High,578.5085892869973,1689.835424150105,344.68899553157183
Mine_D_Balaghat,1,2025,1613.4682711587773,1472.5664310985383,13.547380650133224,0.9465814943337948,25,4,1916.4715239429702,8,2,Medium,668.6462774006388,578.5085892869973,1689.835424150105
Mine_D_Balaghat,2,2025,1393.956344357785,1024.1710055449134,26.929711500326267,0.9685399776633938,15,3,1680.5103193286589,7,3,High,1472.5664310985383,668.6462774006388,578.5085892869973
Mine_D_Balaghat,3,2025,1660.5066481060662,1306.7137324985752,31.12608411167497,0.8889514975387778,20,3,1998.152323874576,8,3,High,1024.1710055449134,1472.5664310985383,668.6462774006388
Mine_D_Balaghat,4,2025,1351.712477643879,1115.1275412921345,23.062489295444855,0.9115829684050714,23,5,1720.1428298803448,7,2,High,1306.7137324985752,1024.1710055449134,1472.5664310985383
Mine_D_Balaghat,5,2025,1966.6413898085889,1561.9567283399072,20.08003976551349,0.9783625296526457,15,3,2506.760849278299,7,4,High,1115.1275412921345,1306.7137324985752,1024.1710055449134
Mine_D_Balaghat,6,2025,1182.517496639953,354.75524899198587,404.820271274959,0.7366612941840541,13,2,1348.4170890733603,8,3,High,1561.9567283399072,1115.1275412921345,1306.7137324985752
Mine_D_Balaghat,7,2025,1666.0913177090529,499.82739531271585,439.9169560104809,0.7322794938991024,9,2,2082.879233743873,8,3,High,354.75524899198587,1561.9567283399072,1115.1275412921345
Mine_D_Balaghat,8,2025,1858.1241587046225,557.4372476113867,312.54773014460534,0.7140231939862816,7,1,2224.7227354057973,7,4,High,499.82739531271585,354.75524899198587,1561.9567283399072
Mine_D_Balaghat,9,2025,1781.8714697490404,534.5614409247121,461.18222469948716,0.7239563687188653,12,1,1998.836884226948,5,3,High,557.4372476113867,499.82739531271585,354.75524899198587
Mine_D_Balaghat,10,2025,1352.2863953425256,1308.5990572145415,29.519143200003963,0.9744058933189526,21,3,1654.3561706586997,7,4,Low,534.5614409247121,557.4372476113867,499.82739531271585
Mine_D_Balaghat,11,2025,1408.7733221317453,1141.5574947081982,19.10878593691713,0.9688966330398652,17,4,1600.3403245360953,7,3,High,1308.5990572145415,534.5614409247121,557.4372476113867
Mine_D_Balaghat,12,2025,1635.3630189829578,1006.0351358678708,11.165776398498402,0.8678037494331643,17,4,1990.8659410819648,5,3,High,1141.5574947081982,1308.5990572145415,534.5614409247121
Mine_E_Kandri,1,2016,649.4533482942653,423.5294869212964,20.36882246680267,0.8810771369879122,24,5,808.0923986782115,5,2,High,423.5294869212964,423.5294869212964,423.5294869212964
Mine_E_Kandri,2,2016,556.1585710349982,507.83100690028834,24.923048739955384,0.9227524317691673,18,4,672.3794988437295,7,4,Medium,423.5294869212964,423.5294869212964,423.5294869212964
Mine_E_Kandri,3,2016,591.0137445516948,712.8305491696781,17.705237480943,0.9463932538902445,24,5,746.8889290205991,8,3,Low,507.83100690028834,423.5294869212964,423.5294869212964
Mine_E_Kandri,4,2016,770.9502126421148,526.137001672839,10.63739048120837,0.9555602136910708,22,5,930.4366137703635,5,2,High,712.8305491696781,507.83100690028834,423.5294869212964
Mine_E_Kandri,5,2016,669.8359075685023,521.9002422146538,26.222473621572725,0.8812001980245221,18,4,869.7221425097518,6,4,High,526.137001672839,712.8305491696781,507.83100690028834
Mine_E_Kandri,6,2016,543.6730276819828,163.10190830459484,422.57136595837864,0.6762528902830106,13,1,695.6257813919503,8,3,High,521.9002422146538,526.137001672839,712.8305491696781
Mine_E_Kandri,7,2016,402.6393506087166,120.79180518261498,396.5489002888712,0.7445322516281337,7,1,523.1750123071902,7,3,High,163.10190830459484,521.9002422146538,526.137001672839
Mine_E_Kandri,8,2016,626.5355191288255,187.96065573864766,279.64395298951723,0.6772775113636378,8,2,698.2269001027162,7,3,High,120.79180518261498,163.10190830459484,521.9002422146538
Mine_E_Kandri,9,2016,788.9308893531693,338.1806907535737,247.69875590007786,0.7443466467909519,14,2,943.054520535794,7,4,High,187.96065573864766,120.79180518261498,163.10190830459484
Mine_E_Kandri,10,2016,734.6735206601868,704.5078128110376,0.9107368934687754,0.9526766338312138,23,5,916.9141848839055,8,2,Low,338.1806907535737,187.96065573864766,120.79180518261498
Mine_E_Kandri,11,2016,446.98783455165733,440.56949633756926,23.561732386048575,0.9460725354619894,25,4,541.1255662195329,7,3,Low,704.5078128110376,338.1806907535737,187.96065573864766
Mine_E_Kandri,12,2016,513.6615499966729,355.26365856234236,16.037908784167428,0.9161790167601584,19,3,595.7144531601432,6,3,High,440.56949633756926,704.5078128110376,338.1806907535737
Mine_E_Kandri,1,2017,782.918159562267,454.14898848660124,8.621595334004727,0.8779315879925428,25,3,978.975818718336,5,2,High,355.26365856234236,440.56949633756926,704.5078128110376
Mine_E_Kandri,2,2017,699.5068509014523,536.2333970315451,0.8556541377051241,0.9518056603304852,23,4,823.1891119717083,6,2,High,454.14898848660124,355.26365856234236,440.56949633756926
Mine_E_Kandri,3,2017,778.3883344049303,674.3036077212755,31.318530040431018,0.9565982526708228,23,4,942.6875847776777,5,4,High,536.2333970315451,454.14898848660124,355.26365856234236
Mine_E_Kandri,4,2017,734.9710017772104,550.7642691781286,11.309160495322201,0.957256616739949,22,5,813.853211198024,6,2,High,674.3036077212755,536.2333970315451,454.14898848660124
Mine_E_Kandri,5,2017,507.70010175331277,384.19322007643234,13.332344177714326,0.9561706926267257,16,5,627.8923863750961,6,3,High,550.7642691781286,674.3036077212755,536.2333970315451
Mine_E_Kandri,6,2017,581.8582771116911,174.55748313350733,254.59125995166622,0.6823904097999429,6,2,746.3144706847036,6,3,High,384.19322007643234,550.7642691781286,674.3036077212755
Mine_E_Kandri,7,2017,699.452724081289,209.83581722438672,282.93047125590914,0.7218881032077181,5,1,851.1022323074147,8,4,High,174.55748313350733,384.19322007643234,550.7642691781286
Mine_E_Kandri,8,2017,737.2989588942223,221.18968766826669,417.2798403970525,0.8042683032816401,7,1,866.5055789108213,6,4,High,209.83581722438672,174.55748313350733,384.19322007643234
Mine_E_Kandri,9,2017,752.1437801962943,225.64313405888828,226.74356209399014,0.7019316106945144,5,1,971.8043714983926,7,4,High,221.18968766826669,209.83581722438672,174.55748313350733
Mine_E_Kandri,10,2017,433.19279237018486,439.4196229893186,26.060839237609276,0.9755795354366325,21,5,524.878305479957,5,4,Low,225.64313405888828,221.18968766826669,209.83581722438672
Mine_E_Kandri,11,2017,786.9422229310067,751.8938503390215,23.006048341549977,0.8670932449394909,18,5,1014.0960518827673,7,4,Low,439.4196229893186,225.64313405888828,221.18968766826669
Mine_E_Kandri,12,2017,762.114984781535,571.1209937189828,35.391737408574414,0.8506507873679141,21,3,938.5139062705231,8,3,High,751.8938503390215,439.4196229893186,225.64313405888828
Mine_E_Kandri,1,2018,529.6272776739753,310.9819732326253,20.128104922671476,0.8871747310853081,23,4,621.9853232128127,5,2,High,571.1209937189828,751.8938503390215,439.4196229893186
Mine_E_Kandri,2,2018,777.5873608950044,664.1673333711279,6.821916036339628,0.9756398438527849,21,3,861.308650034757,6,4,High,310.9819732326253,571.1209937189828,751.8938503390215
Mine_E_Kandri,3,2018,552.0258617524814,251.76799097055434,9.756203639566365,0.9200291491341449,15,3,715.9362967377044,5,2,High,664.1673333711279,310.9819732326253,571.1209937189828
Mine_E_Kandri,4,2018,774.4131694746195,634.3863585936207,20.093564311348135,0.8549315933024391,25,5,948.6750162056019,7,2,High,251.76799097055434,664.1673333711279,310.9819732326253
Mine_E_Kandri,5,2018,715.5034096853617,441.05526141859934,38.782723807477296,0.8585072029631032,21,5,910.0509057710525,5,2,High,634.3863585936207,251.76799097055434,664.1673333711279
Mine_E_Kandri,6,2018,466.4924100060174,139.9477230018052,291.9401148849213,0.7614814740520797,5,2,576.8414760095895,5,4,High,441.05526141859934,634.3863585936207,251.76799097055434
Mine_E_Kandri,7,2018,602.3944728557046,180.7183418567114,229.51372747586032,0.773466798957262,10,1,696.5611149556063,7,2,High,139.9477230018052,441.05526141859934,634.3863585936207
Mine_E_Kandri,8,2018,471.0769220747702,141.32307662243105,314.42400274762946,0.6854167365416669,12,1,590.6648031403574,5,2,High,180.7183418567114,139.9477230018052,441.05526141859934
Mine_E_Kandri,9,2018,636.6420257739218,190.99260773217654,412.81274358808344,0.8018232633944115,6,2,766.0919118858608,5,3,High,141.32307662243105,180.7183418567114,139.9477230018052
Mine_E_Kandri,10,2018,655.0428795849546,638.7767954798209,37.464885439520394,0.9603794882840834,24,5,727.0800191519802,5,4,Low,190.99260773217654,141.32307662243105,180.7183418567114
Mine_E_Kandri,11,2018,584.9292603713207,420.72695680884414,21.92745840235625,0.9569781030016585,20,3,745.6937609806656,7,2,High,638.7767954798209,190.99260773217654,141.32307662243105
Mine_E_Kandri,12,2018,759.1049374459251,458.3822322605113,28.196562733261583,0.9311484642102806,19,3,960.254109432311,6,2,High,420.72695680884414,638.7767954798209,190.99260773217654
Mine_E_Kandri,1,2019,463.6362685876858,553.6361506902342,30.495402860998336,0.9498913974977194,25,5,583.0210231972953,6,4,Low,458.3822322605113,420.72695680884414,638.7767954798209
Mine_E_Kandri,2,2019,738.5380229152589,529.0513791858939,9.188372195383572,0.9476665708760476,19,3,918.9397664592392,6,3,High,553.6361506902342,458.3822322605113,420.72695680884414
Mine_E_Kandri,3,2019,597.1344704369656,509.820234509285,11.830831082700396,0.9592692210660214,16,5,755.6221094990615,7,3,High,529.0513791858939,553.6361506902342,458.3822322605113
Mine_E_Kandri,4,2019,408.1457306890391,352.85987215214,2.3801210953564045,0.8899871700277776,18,5,510.24104575627354,5,4,High,509.820234509285,529.0513791858939,553.6361506902342
Mine_E_Kandri,5,2019,438.3637135371709,271.62714456303706,31.116768817100457,0.9084898266380939,24,3,521.7728039696051,5,2,High,352.85987215214,509.820234509285,529.0513791858939
Mine_E_Kandri,6,2019,713.3901529963789,214.01704589891366,267.14604552706413,0.7034750995661954,8,2,899.8358906706297,6,3,High,271.62714456303706,352.85987215214,509.820234509285
Mine_E_Kandri,7,2019,576.4910278835539,172.94730836506616,313.55478934870797,0.6946357876489487,6,2,733.6650276983074,8,2,High,214.01704589891366,271.62714456303706,352.85987215214
Mine_E_Kandri,8,2019,570.6296210338083,171.1888863101425,312.9099028799851,0.7473628774440924,5,2,649.2456940477794,6,3,High,172.94730836506616,214.01704589891366,271.62714456303706
Mine_E_Kandri,9,2019,404.56911217776457,121.37073365332937,257.7098898684129,0.6977047976396522,5,2,472.66289704396263,6,4,High,171.1888863101425,172.94730836506616,214.01704589891366
Mine_E_Kandri,10,2019,412.4091916686795,376.9657299123913,13.605890663669594,0.8971073698336115,15,4,487.8275601863755,8,4,Medium,121.37073365332937,171.1888863101425,172.94730836506616
Mine_E_Kandri,11,2019,532.8896125681696,482.68201907719754,28.479835012673863,0.916142775325346,22,5,637.9373063407604,8,2,Medium,376.9657299123913,121.37073365332937,171.1888863101425
Mine_E_Kandri,12,2019,587.2165254329404,388.3753498870838,29.79704536417212,0.8946567101632066,22,3,721.9650520681639,8,2,High,482.68201907719754,376.9657299123913,121.37073365332937
Mine_E_Kandri,1,2020,692.6845089401716,631.1061185694248,33.31258304493277,0.8798363631461771,16,5,786.3007838382367,8,3,Medium,388.3753498870838,482.68201907719754,376.9657299123913
Mine_E_Kandri,2,2020,628.0734089959752,494.08085612261755,31.600189208150532,0.8570708116555843,16,4,743.1524943027791,7,4,High,631.1061185694248,388.3753498870838,482.68201907719754
Mine_E_Kandri,3,2020,749.9469346545959,364.2201815392266,5.31641092343885,0.8849956506922425,15,3,865.4926441101976,7,2,High,494.08085612261755,631.1061185694248,388.3753498870838
Mine_E_Kandri,4,2020,765.3335198427892,503.0965113327489,8.899739340960998,0.9102949752266046,18,5,993.2860731435034,6,2,High,364.2201815392266,494.08085612261755,631.1061185694248
Mine_E_Kandri,5,2020,532.603767067392,519.7857315850125,35.616520994360805,0.8671761603346885,20,4,622.9354453288219,8,4,Low,503.0965113327489,364.2201815392266,494.08085612261755
Mine_E_Kandri,6,2020,667.109925866392,231.6744131990516,310.8055156173232,0.798898967229652,12,1,788.3390193839856,8,3,High,519.7857315850125,503.0965113327489,364.2201815392266
Mine_E_Kandri,7,2020,611.7091325761503,183.5127397728451,247.50033180273053,0.7178365507440276,7,2,763.9028752405301,7,3,High,231.6744131990516,519.7857315850125,503.0965113327489
Mine_E_Kandri,8,2020,696.2572437274612,208.87717311823835,291.2036789546485,0.7974022342553633,6,1,898.6797092308942,6,3,High,183.5127397728451,231.6744131990516,519.7857315850125
Mine_E_Kandri,9,2020,455.2245678733441,136.56737036200323,360.7933341724105,0.6869019735445202,6,1,535.480524803038,8,2,High,208.87717311823835,183.5127397728451,231.6744131990516
Mine_E_Kandri,10,2020,764.3812753176296,552.3644544169061,9.78104171794692,0.9360569674852186,17,5,969.1299233282276,5,3,High,136.56737036200323,208.87717311823835,183.5127397728451
Mine_E_Kandri,11,2020,550.7707819522152,522.2993955797526,31.762667345505207,0.9342072236709481,24,5,675.7781184975821,6,3,Medium,552.3644544169061,136.56737036200323,208.87717311823835
Mine_E_Kandri,12,2020,524.4999748741192,372.18773954632803,1.0854309230869097,0.8704248113065647,17,5,611.6343640098032,6,3,High,522.2993955797526,552.3644544169061,136.56737036200323
Mine_E_Kandri,1,2021,516.652922907805,245.3194067498653,6.799443817285877,0.8715612622069155,19,3,662.0921376496551,5,2,High,372.18773954632803,522.2993955797526,552.3644544169061
Mine_E_Kandri,2,2021,578.7127200596037,624.0856901060034,37.452988334674664,0.9130650375198601,25,4,733.7234465846262,8,3,Low,245.3194067498653,372.18773954632803,522.2993955797526
Mine_E_Kandri,3,2021,656.1624907633835,669.5204379909007,16.861641178839402,0.8786929014450512,25,5,842.1150365321331,6,4,Low,624.0856901060034,245.3194067498653,372.18773954632803
Mine_E_Kandri,4,2021,588.2298378577608,506.5569803657654,2.9466219474476096,0.8629913146907451,18,4,679.4894090189011,7,4,High,669.5204379909007,624.0856901060034,245.3194067498653
Mine_E_Kandri,5,2021,405.41574012025774,487.7122386447903,37.00768700824136,0.9182027401122597,21,5,449.6925823313103,8,4,Low,506.5569803657654,669.5204379909007,624.0856901060034
Mine_E_Kandri,6,2021,522.2031535053819,156.66094605161456,326.0961621985027,0.7794691784233228,12,1,644.0801710641248,5,4,High,487.7122386447903,506.5569803657654,669.5204379909007
Mine_E_Kandri,7,2021,506.34114971032346,151.90234491309704,420.6746536028243,0.7615526489502105,8,1,571.7268966695896,8,3,High,156.66094605161456,487.7122386447903,506.5569803657654
Mine_E_Kandri,8,2021,745.8057016779151,223.74171050337452,364.5003224249287,0.7034376484269326,14,1,927.7457065384712,7,4,High,151.90234491309704,156.66094605161456,487.7122386447903
Mine_E_Kandri,9,2021,427.8178728842481,143.68070170134501,344.2630676507039,0.7337648945937252,13,1,480.5984701002202,8,3,High,223.74171050337452,151.90234491309704,156.66094605161456
Mine_E_Kandri,10,2021,783.2470510953049,768.9096787323833,8.582596035856923,0.9408213055600023,22,5,956.7007487068379,7,3,Low,143.68070170134501,223.74171050337452,151.90234491309704
Mine_E_Kandri,11,2021,427.7025673224839,434.1584968550471,37.44139457673939,0.8731002649229218,22,5,490.88648279468794,6,4,Low,768.9096787323833,143.68070170134501,223.74171050337452
Mine_E_Kandri,12,2021,788.8787335835447,960.558748053941,37.47529807966932,0.8962027524797397,23,5,1025.0981838390458,8,4,Low,434.1584968550471,768.9096787323833,143.68070170134501
Mine_E_Kandri,1,2022,404.6469208730673,231.92704378640119,8.612790776270089,0.87041863673916,21,3,498.98517376425195,7,2,High,960.558748053941,434.1584968550471,768.9096787323833
Mine_E_Kandri,2,2022,545.701821348727,269.9546845154342,16.93602180780003,0.8535337573491645,15,3,630.2614226927047,6,2,High,231.92704378640119,960.558748053941,434.1584968550471
Mine_E_Kandri,3,2022,692.6751273194877,605.7418222765798,23.207654277253692,0.9408090152340409,21,3,808.4227705513005,8,3,High,269.9546845154342,231.92704378640119,960.558748053941
Mine_E_Kandri,4,2022,607.9568787575068,377.56055706602143,23.679550231561667,0.9251805707594308,18,4,690.261808023426,6,2,High,605.7418222765798,269.9546845154342,231.92704378640119
Mine_E_Kandri,5,2022,673.5044162265683,371.08751925306075,32.72928500822136,0.9440645937565801,21,3,861.6865425018598,5,2,High,377.56055706602143,605.7418222765798,269.9546845154342
Mine_E_Kandri,6,2022,791.9948763957502,237.59846291872506,429.99831999373043,0.6918040454250278,6,2,902.7365039608071,6,4,High,371.08751925306075,377.56055706602143,605.7418222765798
Mine_E_Kandri,7,2022,683.1684341615237,204.9505302484571,349.95543736340323,0.6825755841447039,6,2,791.3651094876949,8,4,High,237.59846291872506,371.08751925306075,377.56055706602143
Mine_E_Kandri,8,2022,472.10187822644656,141.63056346793397,347.98755137776845,0.7814709784795832,9,2,536.4255310887551,6,3,High,204.9505302484571,237.59846291872506,371.08751925306075
Mine_E_Kandri,9,2022,651.4426358939018,195.43279076817052,302.0026707920308,0.7315584555969237,5,1,808.415531209451,6,3,High,141.63056346793397,204.9505302484571,237.59846291872506
Mine_E_Kandri,10,2022,404.5879863792442,325.2513271530045,25.576127836388448,0.9629501495646924,16,4,508.2290744249524,7,3,High,195.43279076817052,141.63056346793397,204.9505302484571
Mine_E_Kandri,11,2022,756.7456100885579,753.7060812092017,20.067831822273874,0.9564444217078543,24,4,882.8567583539901,6,4,Low,325.2513271530045,195.43279076817052,141.63056346793397
Mine_E_Kandri,12,2022,454.3199742967859,374.37675196089424,13.749031689648156,0.9039360605964152,21,3,536.5282610469413,8,3,High,753.7060812092017,325.2513271530045,195.43279076817052
Mine_E_Kandri,1,2023,559.4823965936075,406.1762344346805,28.641706019527632,0.93841096191719,17,4,681.5883441395744,5,4,High,374.37675196089424,753.7060812092017,325.2513271530045
Mine_E_Kandri,2,2023,460.253914257518,358.1435236241635,29.295008806915718,0.8564103276767995,25,5,595.3326067667249,6,2,High,406.1762344346805,374.37675196089424,753.7060812092017
Mine_E_Kandri,3,2023,714.6400768961703,566.8954240806175,18.671630884668694,0.8656596640875912,15,5,907.409432126315,8,3,High,358.1435236241635,406.1762344346805,374.37675196089424
Mine_E_Kandri,4,2023,607.4154334579343,445.16759107496154,34.04420524317283,0.8738163199563164,24,5,783.7007185209584,6,2,High,566.8954240806175,358.1435236241635,406.1762344346805
Mine_E_Kandri,5,2023,599.1620311484127,439.28918569472773,31.529212072954934,0.8811731993582732,20,3,694.5933046556477,7,3,High,445.16759107496154,566.8954240806175,358.1435236241635
Mine_E_Kandri,6,2023,580.6427885808087,174.1928365742426,423.1150680385505,0.8026998171535501,9,2,754.3839997213643,6,4,High,439.28918569472773,445.16759107496154,566.8954240806175
Mine_E_Kandri,7,2023,650.8525653019801,195.25576959059404,224.05613549774148,0.790326104326091,7,2,775.3364397598618,5,2,High,174.1928365742426,439.28918569472773,445.16759107496154
Mine_E_Kandri,8,2023,567.1783429953575,170.15350289860726,428.29067660603283,0.7116601244829163,5,1,656.6917503943952,8,2,High,195.25576959059404,174.1928365742426,439.28918569472773
Mine_E_Kandri,9,2023,533.4565880065193,160.03697640195577,358.5217257150732,0.6702905904529097,10,1,642.9609241037874,8,4,High,170.15350289860726,195.25576959059404,174.1928365742426
Mine_E_Kandri,10,2023,723.7692434596585,535.5896740523483,35.89034865605164,0.9138800074320486,24,4,843.3532541537592,5,3,High,160.03697640195577,170.15350289860726,195.25576959059404
Mine_E_Kandri,11,2023,576.2307220195116,490.4722686060355,37.1531614755162,0.9714125211882539,19,5,694.4995132529589,6,3,High,535.5896740523483,160.03697640195577,170.15350289860726
Mine_E_Kandri,12,2023,783.6518179142162,521.0772301287859,22.769701599766897,0.9050110722223548,18,5,865.517148894484,5,3,High,490.4722686060355,535.5896740523483,160.03697640195577
Mine_E_Kandri,1,2024,734.5249644891792,490.73497855522845,23.107824840695606,0.8780310883227976,22,5,949.5441493165825,5,2,High,521.0772301287859,490.4722686060355,535.5896740523483
Mine_E_Kandri,2,2024,595.4226069194153,360.2052129669543,6.14047715309519,0.8508418380256069,17,4,755.3830095101854,5,3,High,490.73497855522845,521.0772301287859,490.4722686060355
Mine_E_Kandri,3,2024,441.578216132037,243.47373073337263,1.9731944317380012,0.8626159444903857,16,3,568.5493142744534,8,2,High,360.2052129669543,490.73497855522845,521.0772301287859
Mine_E_Kandri,4,2024,508.20515211249585,479.2308247103829,38.4184448435673,0.9161700711690048,18,4,568.780065327708,7,4,Medium,243.47373073337263,360.2052129669543,490.73497855522845
Mine_E_Kandri,5,2024,497.66703485110776,394.58296877593307,12.6666569268584,0.8830721586747955,18,4,605.5571299260712,7,3,High,479.2308247103829,243.47373073337263,360.2052129669543
Mine_E_Kandri,6,2024,754.5903300888401,226.37709902665202,314.91830139326123,0.765435304887487,10,2,960.0963130182405,8,2,High,394.58296877593307,479.2308247103829,243.47373073337263
Mine_E_Kandri,7,2024,546.6007849426671,163.98023548280014,344.3682321372672,0.6996036385957511,8,1,617.1535332748995,8,2,High,226.37709902665202,394.58296877593307,479.2308247103829
Mine_E_Kandri,8,2024,450.4412579296309,135.13237737888926,383.42326338680493,0.7357059870896985,11,2,536.1899055028283,8,3,High,163.98023548280014,226.37709902665202,394.58296877593307
Mine_E_Kandri,9,2024,591.1806430258797,180.79360051425678,241.88193236663307,0.7875968527071193,12,2,668.8606002068848,5,4,High,135.13237737888926,163.98023548280014,226.37709902665202
Mine_E_Kandri,10,2024,692.7293095031953,551.8836852754035,36.158044986880405,0.9027693322124022,22,3,864.4926766800759,5,4,High,180.79360051425678,135.13237737888926,163.98023548280014
Mine_E_Kandri,11,2024,663.0833879373763,584.104131712631,35.41726106110424,0.8953852921489012,24,5,780.420467700882,8,2,High,551.8836852754035,180.79360051425678,135.13237737888926
Mine_E_Kandri,12,2024,751.9899524054772,571.4996218981058,32.04909204281249,0.9780314790925485,18,3,896.9213364160457,5,4,High,584.104131712631,551.8836852754035,180.79360051425678
Mine_E_Kandri,1,2025,516.8101262622538,501.90159020573867,17.628117204432,0.9695360220851532,25,4,642.7670581170602,5,4,Low,571.4996218981058,584.104131712631,551.8836852754035
Mine_E_Kandri,2,2025,724.5624852073748,559.9272233443648,21.615227471894446,0.9795921473686724,25,4,899.9706618355673,6,2,High,501.90159020573867,571.4996218981058,584.104131712631
Mine_E_Kandri,3,2025,742.6286819369557,645.5888459922173,22.495586238504384,0.9726456387296898,22,5,848.8891874198055,5,3,High,559.9272233443648,501.90159020573867,571.4996218981058
Mine_E_Kandri,4,2025,444.70637627479874,361.2869196512596,11.522117724113707,0.9726511611905592,23,5,493.6618674784981,6,2,High,645.5888459922173,559.9272233443648,501.90159020573867
Mine_E_Kandri,5,2025,701.0146456635625,610.9264306727076,37.67077590869565,0.9575999260400078,21,5,810.8357230593409,6,3,High,361.2869196512596,645.5888459922173,559.9272233443648
Mine_E_Kandri,6,2025,439.84895792917393,131.95468737875217,401.77524970024274,0.8182526191553878,7,1,551.7404062310171,5,3,High,610.9264306727076,361.2869196512596,645.5888459922173
Mine_E_Kandri,7,2025,662.6925210192245,198.80775630576736,378.4692688410179,0.6795819015551894,12,1,824.9291806747419,5,3,High,131.95468737875217,610.9264306727076,361.2869196512596
Mine_E_Kandri,8,2025,629.4721769875265,188.84165309625794,303.4320421491871,0.7932739965474778,9,2,755.765550882448,6,2,High,198.80775630576736,131.95468737875217,610.9264306727076
Mine_E_Kandri,9,2025,488.1928500319651,146.45785500958954,396.5224333721966,0.7659878572850997,6,1,588.0735494005454,5,2,High,188.84165309625794,198.80775630576736,131.95468737875217
Mine_E_Kandri,10,2025,592.1147471544424,391.88160496484204,2.392697005515596,0.935683898795975,20,3,660.73944067526,7,2,High,146.45785500958954,188.84165309625794,198.80775630576736
Mine_E_Kandri,11,2025,648.8254523907202,344.5962883077346,3.4173957593187465,0.8994580179942069,20,3,717.9619629819842,6,2,High,391.88160496484204,146.45785500958954,188.84165309625794
Mine_E_Kandri,12,2025,609.2223482895374,545.7234222702307,14.70836102416538,0.9515232697657786,25,4,781.5615031949026,6,3,High,344.5962883077346,391.88160496484204,146.45785500958954
Mine_F_Gumgaon,1,2016,604.2268042716013,619.7303140502056,7.082713198081834,0.917586998909411,25,5,772.9700055138941,5,4,Low,619.7303140502056,619.7303140502056,619.7303140502056
Mine_F_Gumgaon,2,2016,481.66723941940256,376.8867473469498,32.302008971079424,0.9645072010942672,15,5,615.2740942153273,5,4,High,619.7303140502056,619.7303140502056,619.7303140502056
Mine_F_Gumgaon,3,2016,534.908186217911,517.5116818416889,6.88165990776171,0.8815608286895176,22,3,633.9792262090883,8,4,Low,376.8867473469498,619.7303140502056,619.7303140502056
Mine_F_Gumgaon,4,2016,460.3926094850238,353.1376206749891,8.492302924361033,0.8877000970516064,18,3,557.636204056196,8,3,High,517.5116818416889,376.8867473469498,619.7303140502056
Mine_F_Gumgaon,5,2016,543.1655209715727,408.61788354223324,10.680378261157664,0.9021425538734773,24,3,648.5857348673295,8,2,High,353.1376206749891,517.5116818416889,376.8867473469498
Mine_F_Gumgaon,6,2016,484.9068507371303,145.47205522113907,325.5377107802662,0.7091836726904934,12,1,611.277971147484,5,2,High,408.61788354223324,353.1376206749891,517.5116818416889
Mine_F_Gumgaon,7,2016,758.6349108734931,262.2315567601941,258.8533040382287,0.7646916293306196,14,1,956.9992594354331,6,4,High,145.47205522113907,408.61788354223324,353.1376206749891
Mine_F_Gumgaon,8,2016,517.9196379093611,200.9560730850694,313.4114269825337,0.722010091574918,14,2,652.2103065003437,8,4,High,262.2315567601941,145.47205522113907,408.61788354223324
Mine_F_Gumgaon,9,2016,759.2507680310869,227.77523040932604,380.89943482156355,0.6784280126472402,12,2,858.5572114199783,5,2,High,200.9560730850694,262.2315567601941,145.47205522113907
Mine_F_Gumgaon,10,2016,496.89036763715103,337.76715561454745,24.11705635978106,0.9794607508449279,17,4,577.421454838176,7,2,High,227.77523040932604,200.9560730850694,262.2315567601941
Mine_F_Gumgaon,11,2016,404.3132890889054,310.9482715154548,17.61523643882866,0.9525400151203098,20,5,513.2292452727112,5,3,High,337.76715561454745,227.77523040932604,200.9560730850694
Mine_F_Gumgaon,12,2016,577.4639436840067,537.0942154903569,38.68597667507958,0.9111797642786181,17,4,736.2811269017972,8,3,Medium,310.9482715154548,337.76715561454745,227.77523040932604
Mine_F_Gumgaon,1,2017,407.0350537009794,330.67810368095286,33.69965220102656,0.907259869282036,15,4,484.4975597637937,8,3,High,537.0942154903569,310.9482715154548,337.76715561454745
Mine_F_Gumgaon,2,2017,509.9887827318945,550.668605013232,39.602566738643304,0.9683960343384964,20,5,580.1509214025749,7,4,Low,330.67810368095286,537.0942154903569,310.9482715154548
Mine_F_Gumgaon,3,2017,747.3221492979146,650.2929950151394,17.018103459125907,0.8960139042900869,24,3,863.5204947938674,8,3,High,550.668605013232,330.67810368095286,537.0942154903569
Mine_F_Gumgaon,4,2017,568.458288119048,309.8587662242683,29.905542279724273,0.8935118777890536,20,3,696.2833904230276,6,2,High,650.2929950151394,550.668605013232,330.67810368095286
Mine_F_Gumgaon,5,2017,509.6418750652991,416.8238284598873,5.582236835898975,0.9799585995129718,19,4,638.485793494007,6,3,High,309.8587662242683,650.2929950151394,550.668605013232
Mine_F_Gumgaon,6,2017,734.0881119979495,220.22643359938482,326.38021648260826,0.7813894618136444,5,1,936.1904711483841,6,4,High,416.8238284598873,309.8587662242683,650.2929950151394
Mine_F_Gumgaon,7,2017,632.8692251087417,189.8607675326225,268.69243491719857,0.8001322723142321,13,1,747.2625522112538,5,4,High,220.22643359938482,416.8238284598873,309.8587662242683
Mine_F_Gumgaon,8,2017,614.6548953427751,184.39646860283253,391.6334828169191,0.7288203708866746,6,1,779.8686439465928,8,4,High,189.8607675326225,220.22643359938482,416.8238284598873
Mine_F_Gumgaon,9,2017,728.9748467621839,218.69245402865516,391.4901919509593,0.7722530396402788,10,1,906.7829170546358,7,3,High,184.39646860283253,189.8607675326225,220.22643359938482
Mine_F_Gumgaon,10,2017,469.36016067027356,517.9388465194202,38.32565990242842,0.9318193056533395,25,4,525.5080927171869,7,4,Low,218.69245402865516,184.39646860283253,189.8607675326225
Mine_F_Gumgaon,11,2017,565.7645279766069,409.1425879540855,26.138189791940633,0.8962522610695207,24,3,630.0960092366023,6,3,High,517.9388465194202,218.69245402865516,184.39646860283253
Mine_F_Gumgaon,12,2017,727.203806084211,743.7508821424514,20.632004239669236,0.9394070970708149,18,5,866.9471488858696,7,4,Low,409.1425879540855,517.9388465194202,218.69245402865516
Mine_F_Gumgaon,1,2018,459.80364451202234,408.60316156082246,21.9023879949772,0.9722285343066921,16,3,593.2757056735894,8,4,High,743.7508821424514,409.1425879540855,517.9388465194202
Mine_F_Gumgaon,2,2018,401.6826181104149,247.88449723815737,6.555557871538613,0.9256603200965259,21,3,491.96631106746133,5,3,High,408.60316156082246,743.7508821424514,409.1425879540855
Mine_F_Gumgaon,3,2018,416.9086540887105,323.8191463321888,24.854396063825742,0.8727472061640451,21,4,517.956807442584,7,3,High,247.88449723815737,408.60316156082246,743.7508821424514
Mine_F_Gumgaon,4,2018,603.296391479408,401.25498043690254,36.960970451074594,0.924052297939215,15,5,717.0124267745191,6,2,High,323.8191463321888,247.88449723815737,408.60316156082246
Mine_F_Gumgaon,5,2018,413.014241210914,439.6637831461279,14.979410676761962,0.9147331533560444,24,5,511.0757027470491,8,3,Low,401.25498043690254,323.8191463321888,247.88449723815737
Mine_F_Gumgaon,6,2018,702.7526072084011,210.8257821625203,403.4965583126957,0.7297082241860238,13,2,889.2757352884328,8,2,High,439.6637831461279,401.25498043690254,323.8191463321888
Mine_F_Gumgaon,7,2018,731.3029547162093,219.3908864148628,327.00017206633095,0.7881114787468333,8,1,916.343786772124,6,2,High,210.8257821625203,439.6637831461279,401.25498043690254
Mine_F_Gumgaon,8,2018,766.8512705940126,299.6720288637691,220.86387094669126,0.8191913041465062,14,2,861.2254826322862,6,3,High,219.3908864148628,210.8257821625203,439.6637831461279
Mine_F_Gumgaon,9,2018,491.3934191960188,147.41802575880564,412.67753754729506,0.8140285679958825,9,1,557.8314408567476,5,3,High,299.6720288637691,219.3908864148628,210.8257821625203
Mine_F_Gumgaon,10,2018,687.17728863771,490.9144671348397,14.566865638310414,0.9041231602828906,17,4,773.3499159457931,8,2,High,147.41802575880564,299.6720288637691,219.3908864148628
Mine_F_Gumgaon,11,2018,571.4327437172452,500.24655761177775,28.073587183779107,0.9433500018567476,24,4,695.6455551730978,6,3,High,490.9144671348397,147.41802575880564,299.6720288637691
Mine_F_Gumgaon,12,2018,509.45205029062583,513.95840737809,3.3844504601554393,0.9689478237477493,19,5,597.711544703946,6,4,Low,500.24655761177775,490.9144671348397,147.41802575880564
Mine_F_Gumgaon,1,2019,537.3077428656549,343.72659735372935,23.190948870860502,0.8916023809463502,15,5,670.2713993070115,5,3,High,513.95840737809,500.24655761177775,490.9144671348397
Mine_F_Gumgaon,2,2019,682.9010114333671,548.2090394032264,0.012929267232557606,0.9048552376071161,22,4,852.0830283514277,6,3,High,343.72659735372935,513.95840737809,500.24655761177775
Mine_F_Gumgaon,3,2019,637.9039520514741,792.1807422429857,23.822452175468356,0.919166870654019,25,5,826.9380737384355,7,4,Low,548.2090394032264,343.72659735372935,513.95840737809
Mine_F_Gumgaon,4,2019,649.075397338683,451.81668917888254,24.87977094157459,0.8904869489356931,17,4,770.6011452744477,7,3,High,792.1807422429857,548.2090394032264,343.72659735372935
Mine_F_Gumgaon,5,2019,546.742010503756,327.3968125988158,17.202319001952656,0.9394750938646774,17,4,704.0334488590984,6,2,High,451.81668917888254,792.1807422429857,548.2090394032264
Mine_F_Gumgaon,6,2019,432.23668774268197,158.30685469249192,262.1004165043894,0.7769149758604724,10,2,490.7320051699658,8,4,High,327.3968125988158,451.81668917888254,792.1807422429857
Mine_F_Gumgaon,7,2019,542.5529579351387,162.7658873805416,350.07523217232836,0.7741643580639019,14,1,603.1437383358059,5,3,High,158.30685469249192,327.3968125988158,451.81668917888254
Mine_F_Gumgaon,8,2019,725.3726691252871,217.61180073758612,346.29584778240354,0.7655203276190568,8,2,828.8989810974399,7,2,High,162.7658873805416,158.30685469249192,327.3968125988158
Mine_F_Gumgaon,9,2019,597.5046357114021,179.25139071342062,415.3007137595875,0.7153538617762174,10,2,666.4250817676995,7,2,High,217.61180073758612,162.7658873805416,158.30685469249192
Mine_F_Gumgaon,10,2019,777.5264985266896,500.7945107516689,11.528091160956958,0.9078243156359269,19,3,950.4062950342176,6,3,High,179.25139071342062,217.61180073758612,162.7658873805416
Mine_F_Gumgaon,11,2019,785.6112644033656,664.619284757722,28.912150086952643,0.9087659071905702,18,5,1015.2029707214056,8,2,High,500.7945107516689,179.25139071342062,217.61180073758612
Mine_F_Gumgaon,12,2019,571.7522503286258,452.35100907683596,35.260671904187994,0.8837023192094795,15,5,667.2474767330202,6,4,High,664.619284757722,500.7945107516689,179.25139071342062
Mine_F_Gumgaon,1,2020,644.7380243696218,633.0985702340748,2.8880123048459705,0.9228580860011157,25,3,763.3425824014187,7,4,Low,452.35100907683596,664.619284757722,500.7945107516689
Mine_F_Gumgaon,2,2020,714.9845220953943,714.9607695189211,1.8340385957346594,0.9123174234066979,22,4,856.1856407570691,7,4,Low,633.0985702340748,452.35100907683596,664.619284757722
Mine_F_Gumgaon,3,2020,467.51925180512376,433.54162185504947,39.08679928283332,0.9125822225915773,24,5,535.2474829214657,6,3,Medium,714.9607695189211,633.0985702340748,452.35100907683596
Mine_F_Gumgaon,4,2020,569.3155636132788,387.37235892214017,36.09827135710205,0.9411923183465726,15,5,690.8343584826303,5,3,High,433.54162185504947,714.9607695189211,633.0985702340748
Mine_F_Gumgaon,5,2020,444.8188877098018,313.0814737342153,2.140767018494727,0.9527574426214518,18,3,515.001449222539,5,4,High,387.37235892214017,433.54162185504947,714.9607695189211
Mine_F_Gumgaon,6,2020,614.6296496836311,204.61370320561613,281.0717722416489,0.7876634092995876,12,2,689.7366618802688,5,4,High,313.0814737342153,387.37235892214017,433.54162185504947
Mine_F_Gumgaon,7,2020,717.1419920573619,215.14259761720857,414.13228990596343,0.661373958470096,8,2,921.1268087112089,7,4,High,204.61370320561613,313.0814737342153,387.37235892214017
Mine_F_Gumgaon,8,2020,608.2579355457029,182.47738066371087,358.13432334356787,0.6527338383407179,6,1,774.1944048057393,7,3,High,215.14259761720857,204.61370320561613,313.0814737342153
Mine_F_Gumgaon,9,2020,678.6744597861373,203.60233793584118,426.70496466667777,0.6730844119178655,12,1,851.8463402878028,5,2,High,182.47738066371087,215.14259761720857,204.61370320561613
Mine_F_Gumgaon,10,2020,747.2162754589631,686.1853320188189,25.491792006437528,0.9356603206159542,21,5,871.92327183721,6,3,Medium,203.60233793584118,182.47738066371087,215.14259761720857
Mine_F_Gumgaon,11,2020,749.6304508277516,578.0472156412558,14.76386272797026,0.9088305810072741,23,3,921.0768477932008,5,4,High,686.1853320188189,203.60233793584118,182.47738066371087
Mine_F_Gumgaon,12,2020,613.9791100209716,433.75446794047383,28.302909910662358,0.8866940556200249,18,5,730.9910323370497,5,3,High,578.0472156412558,686.1853320188189,203.60233793584118
Mine_F_Gumgaon,1,2021,505.07684022640376,326.544452552597,33.97757341310934,0.8828628518938837,20,3,599.364514062314,8,2,High,433.75446794047383,578.0472156412558,686.1853320188189
Mine_F_Gumgaon,2,2021,620.633825115083,542.9932315296113,34.61012243231843,0.8671279458468476,24,4,726.7061589619138,7,3,High,326.544452552597,433.75446794047383,578.0472156412558
Mine_F_Gumgaon,3,2021,713.1759759438717,791.110545697442,5.78647242868092,0.9350891465602612,21,5,901.7719188137569,7,4,Low,542.9932315296113,326.544452552597,433.75446794047383
Mine_F_Gumgaon,4,2021,456.1067727029417,331.97205950172025,16.970657753612564,0.9663580023761337,22,5,543.5820105133765,5,2,High,791.110545697442,542.9932315296113,326.544452552597
Mine_F_Gumgaon,5,2021,749.251634449053,564.5135437287272,25.07066611711798,0.8508125428329755,19,3,834.4116356891757,8,3,High,331.97205950172025,791.110545697442,542.9932315296113
Mine_F_Gumgaon,6,2021,629.5514413746732,188.86543241240196,362.32465804425857,0.6726701364502423,12,2,746.1478753842723,8,2,High,564.5135437287272,331.97205950172025,791.110545697442
Mine_F_Gumgaon,7,2021,705.8719425300297,211.76158275900892,281.3210795462486,0.726291244130642,10,1,830.2713084838177,6,3,High,188.86543241240196,564.5135437287272,331.97205950172025
Mine_F_Gumgaon,8,2021,480.19090840060176,144.05727252018053,396.6770750652362,0.7640549268265816,10,1,585.7884820461794,8,3,High,211.76158275900892,188.86543241240196,564.5135437287272
Mine_F_Gumgaon,9,2021,710.9294732254227,213.27884196762682,345.7249660125983,0.7703807746990174,6,1,805.9986371040246,7,4,High,144.05727252018053,211.76158275900892,188.86543241240196
Mine_F_Gumgaon,10,2021,460.3002785198731,515.6531800802885,13.407998606818063,0.8964531757374543,18,5,565.7226190706406,8,4,Low,213.27884196762682,144.05727252018053,211.76158275900892
Mine_F_Gumgaon,11,2021,424.1464552087077,485.2171052426007,9.439463001169033,0.9315246024915316,24,5,517.2364500889455,8,3,Low,515.6531800802885,213.27884196762682,144.05727252018053
Mine_F_Gumgaon,12,2021,716.2502640735038,604.7884836078185,38.46299736709724,0.9683781532083224,18,5,861.9108569482918,6,3,High,485.2171052426007,515.6531800802885,213.27884196762682
Mine_F_Gumgaon,1,2022,680.811819993025,486.13621921190503,21.375541187850153,0.9201476819235231,16,4,866.864553015603,5,4,High,604.7884836078185,485.2171052426007,515.6531800802885
Mine_F_Gumgaon,2,2022,749.9908827991801,682.3180934745401,4.89776840265991,0.8932322049879751,22,4,884.3560092025423,6,4,Medium,486.13621921190503,604.7884836078185,485.2171052426007
Mine_F_Gumgaon,3,2022,532.8284172750001,440.48252944586886,27.216947938860102,0.9111811989913315,20,3,679.830175648813,8,3,High,682.3180934745401,486.13621921190503,604.7884836078185
Mine_F_Gumgaon,4,2022,476.3702691831141,243.0379395654428,26.344621720261795,0.8977522632834986,19,3,556.6802717226785,6,2,High,440.48252944586886,682.3180934745401,486.13621921190503
Mine_F_Gumgaon,5,2022,599.8992750428414,297.75642906512707,3.517170475911424,0.8530035313910405,17,4,660.5420925781364,5,2,High,243.0379395654428,440.48252944586886,682.3180934745401
Mine_F_Gumgaon,6,2022,763.6030939110356,229.08092817331067,412.2059461186086,0.7193413441264256,7,1,876.290517008494,6,3,High,297.75642906512707,243.0379395654428,440.48252944586886
Mine_F_Gumgaon,7,2022,695.8276722280282,208.74830166840846,296.37276817636814,0.7484317501227298,5,1,776.6796820728949,7,2,High,229.08092817331067,297.75642906512707,243.0379395654428
Mine_F_Gumgaon,8,2022,711.8136452651614,213.54409357954842,387.83731017016873,0.7324626696042391,8,1,837.3956502528882,5,3,High,208.74830166840846,229.08092817331067,297.75642906512707
Mine_F_Gumgaon,9,2022,420.42799379093816,126.12839813728144,406.7683511197399,0.6753563099223509,5,2,519.3894333820289,7,2,High,213.54409357954842,208.74830166840846,229.08092817331067
Mine_F_Gumgaon,10,2022,418.84501055823813,433.73268001458933,32.47019251598736,0.9407919145192577,25,5,470.23815841220204,5,4,Low,126.12839813728144,213.54409357954842,208.74830166840846
Mine_F_Gumgaon,11,2022,642.5228169677044,491.07108811498796,12.18433286982048,0.8989202398939666,24,3,804.5165655817028,8,2,High,433.73268001458933,126.12839813728144,213.54409357954842
Mine_F_Gumgaon,12,2022,632.0584066605466,411.48809831879,12.10010429045488,0.9726711282704096,17,5,702.1120889382426,6,2,High,491.07108811498796,433.73268001458933,126.12839813728144
Mine_F_Gumgaon,1,2023,629.6667705512054,574.7697122832808,23.85887279165656,0.8729140545507653,18,3,810.0773243471779,8,4,Medium,411.48809831879,491.07108811498796,433.73268001458933
Mine_F_Gumgaon,2,2023,499.52068506295655,511.5562882832439,5.177252221859092,0.9455178826445695,19,5,634.432349880902,6,4,Low,574.7697122832808,411.48809831879,491.07108811498796
Mine_F_Gumgaon,3,2023,454.63395496144506,394.71608773142276,28.317451213149965,0.8548194621954558,24,5,556.6839158959749,8,2,High,511.5562882832439,574.7697122832808,411.48809831879
Mine_F_Gumgaon,4,2023,794.0020613092079,559.2531944540834,9.647283085824903,0.8795381546270117,16,5,1013.2584656982543,8,2,High,394.71608773142276,511.5562882832439,574.7697122832808
Mine_F_Gumgaon,5,2023,522.8940637554963,417.8674364396498,1.1296661984615497,0.9133350520920838,17,3,610.198521987779,7,4,High,559.2531944540834,394.71608773142276,511.5562882832439
Mine_F_Gumgaon,6,2023,634.236519007022,190.2709557021066,243.46654653875564,0.7006762702527786,8,2,757.3746984183318,5,2,High,417.8674364396498,559.2531944540834,394.71608773142276
Mine_F_Gumgaon,7,2023,649.6677284616245,194.90031853848734,235.2397440837604,0.8113450827369318,8,1,728.3609145903251,7,2,High,190.2709557021066,417.8674364396498,559.2531944540834
Mine_F_Gumgaon,8,2023,600.4406801526301,180.13220404578902,320.914792783521,0.7418202375991483,12,2,689.0117576545084,5,2,High,194.90031853848734,190.2709557021066,417.8674364396498
Mine_F_Gumgaon,9,2023,504.712565986357,151.4137697959071,400.0456711575579,0.686396534316616,10,1,577.0792037460617,8,4,High,180.13220404578902,194.90031853848734,190.2709557021066
Mine_F_Gumgaon,10,2023,552.6377169579569,285.12040544891016,2.9765854579101925,0.8507743605556477,18,3,698.6596330401054,5,3,High,151.4137697959071,180.13220404578902,194.90031853848734
Mine_F_Gumgaon,11,2023,534.8791003411005,489.54479924297584,1.5132980494824233,0.8532653175024759,20,5,636.5786641002877,8,3,Medium,285.12040544891016,151.4137697959071,180.13220404578902
Mine_F_Gumgaon,12,2023,518.6460536369625,397.8774577261509,13.562857194004136,0.9332991118425483,23,3,624.6990778038927,5,4,High,489.54479924297584,285.12040544891016,151.4137697959071
Mine_F_Gumgaon,1,2024,493.1581776263868,347.12530178777035,28.186142225195276,0.9445821806047154,21,3,614.7288549975909,7,2,High,397.8774577261509,489.54479924297584,285.12040544891016
Mine_F_Gumgaon,2,2024,403.365958478293,270.7382448141107,36.24715592601621,0.8563096287371565,15,4,508.6444944286191,8,2,High,347.12530178777035,397.8774577261509,489.54479924297584
Mine_F_Gumgaon,3,2024,634.7662626211558,543.4648904508119,10.5722565940227,0.8722649709787206,23,3,752.8985451686997,8,3,High,270.7382448141107,347.12530178777035,397.8774577261509
Mine_F_Gumgaon,4,2024,620.846607999182,423.515654382776,24.658715549643162,0.9104592277980065,22,4,742.8104302949696,6,2,High,543.4648904508119,270.7382448141107,347.12530178777035
Mine_F_Gumgaon,5,2024,705.9923725374056,473.2442733811569,16.57295896062395,0.933583987238912,17,4,887.5442831213065,7,2,High,423.515654382776,543.4648904508119,270.7382448141107
Mine_F_Gumgaon,6,2024,770.4524686074226,231.13574058222676,296.08836418044433,0.6864270535459,5,1,906.5611582166822,5,4,High,473.2442733811569,423.515654382776,543.4648904508119
Mine_F_Gumgaon,7,2024,557.5080986351536,167.2524295905461,326.6032722259946,0.764589264403821,6,2,719.0258031753523,5,3,High,231.13574058222676,473.2442733811569,423.515654382776
Mine_F_Gumgaon,8,2024,767.4486720305929,230.23460160917787,300.199663267754,0.807759334745155,5,1,962.3781967592058,6,2,High,167.2524295905461,231.13574058222676,473.2442733811569
Mine_F_Gumgaon,9,2024,680.2462549668023,204.0738764900407,349.85242347384974,0.8055751935104182,9,2,778.8341341307938,7,3,High,230.23460160917787,167.2524295905461,231.13574058222676
Mine_F_Gumgaon,10,2024,751.9475532137011,477.1486416231313,32.099549861325535,0.9221374529453481,18,4,855.5770131276809,5,3,High,204.0738764900407,230.23460160917787,167.2524295905461
Mine_F_Gumgaon,11,2024,480.2672184674777,543.1933485601473,30.86771238544664,0.9335785382080188,25,4,607.4133329242835,7,4,Low,477.1486416231313,204.0738764900407,230.23460160917787
Mine_F_Gumgaon,12,2024,449.17384103632986,333.0426005756828,6.324215689438444,0.9686494339511428,17,3,535.5680092005799,7,3,High,543.1933485601473,477.1486416231313,204.0738764900407
Mine_F_Gumgaon,1,2025,588.0497418773996,621.6619889503089,8.918698261334669,0.9708846803299755,23,4,681.4438825094383,6,4,Low,333.0426005756828,543.1933485601473,477.1486416231313
Mine_F_Gumgaon,2,2025,620.6131741980323,395.9189065036518,13.329933202436766,0.8607209223314283,23,3,779.167528295977,7,2,High,621.6619889503089,333.0426005756828,543.1933485601473
Mine_F_Gumgaon,3,2025,676.6973037203168,334.84360583928196,11.498715059257165,0.8584804703229826,18,4,840.2444261629549,5,2,High,395.9189065036518,621.6619889503089,333.0426005756828
Mine_F_Gumgaon,4,2025,504.19974322864,380.0252819644317,32.61954349691437,0.9485920432054322,22,5,638.7678382583621,5,2,High,334.84360583928196,395.9189065036518,621.6619889503089
Mine_F_Gumgaon,5,2025,573.7528097547878,456.4462150199484,39.87623266317877,0.9154727149150125,22,4,635.8445048722523,8,2,High,380.0252819644317,334.84360583928196,395.9189065036518
Mine_F_Gumgaon,6,2025,622.0815484217154,194.86149118365265,262.43193896706197,0.763832042056457,12,1,801.3454381455049,5,4,High,456.4462150199484,380.0252819644317,334.84360583928196
Mine_F_Gumgaon,7,2025,619.5568769622498,185.86706308867494,395.59292980480564,0.8122270424991448,12,1,796.1937470847022,6,3,High,194.86149118365265,456.4462150199484,380.0252819644317
Mine_F_Gumgaon,8,2025,502.2324053509454,150.6697216052836,232.5282031048331,0.795684795354876,7,1,571.8045596351812,8,2,High,185.86706308867494,194.86149118365265,456.4462150199484
Mine_F_Gumgaon,9,2025,569.4378315844293,173.03935833599323,337.00711828295266,0.7933267437194582,14,1,662.7165907309552,8,3,High,150.6697216052836,185.86706308867494,194.86149118365265
Mine_F_Gumgaon,10,2025,525.5419603257194,483.0574056534783,11.806231326244529,0.9790561097401957,22,4,593.8796688963946,8,2,Medium,173.03935833599323,150.6697216052836,185.86706308867494
Mine_F_Gumgaon,11,2025,735.8355184993652,631.9636120422107,5.524386352120172,0.9778755468071519,19,4,948.3437916859343,7,3,High,483.0574056534783,173.03935833599323,150.6697216052836
Mine_F_Gumgaon,12,2025,405.6204375168025,322.7753061902766,19.46033283500599,0.9581476106406628,17,3,453.94846096520797,7,4,High,631.9636120422107,483.0574056534783,173.03935833599323
Mine_G_Beldongri,1,2016,730.6191227576796,761.1456870790822,28.353792447969642,0.9020417441978629,25,4,840.4550956999303,8,3,Low,761.1456870790822,761.1456870790822,761.1456870790822
Mine_G_Beldongri,2,2016,446.5343525507743,361.1439916937803,24.26476533204849,0.8537362434943097,21,5,506.3813933184659,8,2,High,761.1456870790822,761.1456870790822,761.1456870790822
Mine_G_Beldongri,3,2016,457.6612399939734,415.70553967276675,22.312283536760877,0.9232132242829723,17,4,507.34933219606063,8,3,Medium,361.1439916937803,761.1456870790822,761.1456870790822
Mine_G_Beldongri,4,2016,611.9095786066589,467.2554821462557,36.89079075706898,0.9438591708790326,24,3,762.0324752375328,7,2,High,415.70553967276675,361.1439916937803,761.1456870790822
Mine_G_Beldongri,5,2016,769.2619287844452,732.9606448947436,10.697473156182863,0.884059800285387,24,3,909.1316793863974,7,4,Low,467.2554821462557,415.70553967276675,361.1439916937803
Mine_G_Beldongri,6,2016,683.3952315727232,205.01856947181696,298.05504417242685,0.7422814677171414,6,1,773.5897995892241,7,2,High,732.9606448947436,467.2554821462557,415.70553967276675
Mine_G_Beldongri,7,2016,661.4046674073854,198.42140022221562,362.9142662686721,0.7896546873556317,5,2,767.7880416849257,7,3,High,205.01856947181696,732.9606448947436,467.2554821462557
Mine_G_Beldongri,8,2016,777.6671278340007,233.3001383502002,230.07716628529957,0.7568152695165584,9,2,922.9674276521479,7,2,High,198.42140022221562,205.01856947181696,732.9606448947436
Mine_G_Beldongri,9,2016,437.8817557153229,131.36452671459688,262.06219885600086,0.7845298998619281,8,2,548.8384368470489,5,4,High,233.3001383502002,198.42140022221562,205.01856947181696
Mine_G_Beldongri,10,2016,522.2969699119806,308.8359966706963,1.5457244727791775,0.8973239773947513,18,3,670.6715752381527,5,3,High,131.36452671459688,233.3001383502002,198.42140022221562
Mine_G_Beldongri,11,2016,452.5297433780099,262.59372138492716,11.445985336205379,0.8647912215843746,21,3,523.7963434988549,7,2,High,308.8359966706963,131.36452671459688,233.3001383502002
Mine_G_Beldongri,12,2016,433.1573417376157,318.41033820291045,21.62444998537294,0.8602668792509707,23,3,483.03017500204595,8,2,High,262.59372138492716,308.8359966706963,131.36452671459688
Mine_G_Beldongri,1,2017,484.11149629654454,379.94009137292335,28.398483224708833,0.9507219193776663,18,3,546.1586084545045,6,4,High,318.41033820291045,262.59372138492716,308.8359966706963
Mine_G_Beldongri,2,2017,613.2835872551077,356.90287636537886,20.22309621933968,0.9108137617091501,16,3,744.081452661811,8,2,High,379.94009137292335,318.41033820291045,262.59372138492716
Mine_G_Beldongri,3,2017,796.599305206899,778.3027882519614,9.82378478177977,0.8967023089234305,15,5,948.2377562996103,7,4,Low,356.90287636537886,379.94009137292335,318.41033820291045
Mine_G_Beldongri,4,2017,740.9605372504643,749.8383985820943,35.837224573270746,0.9467704744776918,20,3,818.7115384743747,8,4,Low,778.3027882519614,356.90287636537886,379.94009137292335
Mine_G_Beldongri,5,2017,510.5258246598103,268.2855458074349,9.08459585911126,0.8998088208577926,15,5,595.5335748097297,5,2,High,749.8383985820943,778.3027882519614,356.90287636537886
Mine_G_Beldongri,6,2017,555.0520227223675,166.51560681671023,351.9385245077458,0.6677303814134133,5,2,619.3526800739482,7,2,High,268.2855458074349,749.8383985820943,778.3027882519614
Mine_G_Beldongri,7,2017,702.1427121706408,210.64281365119226,294.57024482647716,0.7279136535045581,5,2,818.5379369847975,5,2,High,166.51560681671023,268.2855458074349,749.8383985820943
Mine_G_Beldongri,8,2017,460.3050974821371,138.09152924464112,341.42254942006343,0.7177995846095017,7,1,545.1486683829797,8,3,High,210.64281365119226,166.51560681671023,268.2855458074349
Mine_G_Beldongri,9,2017,464.60188647337503,139.3805659420125,277.5920167106886,0.73512770496902,8,1,545.9432320558484,8,2,High,138.09152924464112,210.64281365119226,166.51560681671023
Mine_G_Beldongri,10,2017,466.63417713924997,394.4850555301895,23.138024055208017,0.9629212113812159,19,5,540.0507206262098,7,2,High,139.3805659420125,138.09152924464112,210.64281365119226
Mine_G_Beldongri,11,2017,636.1125632225903,408.3194482559376,18.946006828749443,0.8927359903428944,17,4,725.2600216470788,7,2,High,394.4850555301895,139.3805659420125,138.09152924464112
Mine_G_Beldongri,12,2017,751.1020525650401,679.7711851368888,35.578849361830535,0.9377582189184835,25,5,834.43406099751,5,3,Medium,408.3194482559376,394.4850555301895,139.3805659420125
Mine_G_Beldongri,1,2018,567.1619455716036,497.06390521570734,31.27854019998147,0.9730312208754212,18,3,717.3671259472699,8,3,High,679.7711851368888,408.3194482559376,394.4850555301895
Mine_G_Beldongri,2,2018,436.9764275651614,303.3904870325585,21.331152506383845,0.9636376430567344,20,4,512.6345362078146,6,2,High,497.06390521570734,679.7711851368888,408.3194482559376
Mine_G_Beldongri,3,2018,641.9542432915282,512.6489892863096,14.324302205388344,0.8832769123816395,17,5,777.1326175879699,5,4,High,303.3904870325585,497.06390521570734,679.7711851368888
Mine_G_Beldongri,4,2018,561.5958518973663,556.6385355772951,22.107450707497534,0.9169330146460201,21,5,710.3928001395433,6,4,Low,512.6489892863096,303.3904870325585,497.06390521570734
Mine_G_Beldongri,5,2018,511.162200853449,400.33449630654457,12.769488445864887,0.9683441952350562,18,4,605.467858049847,5,4,High,556.6385355772951,512.6489892863096,303.3904870325585
Mine_G_Beldongri,6,2018,524.1966193685089,157.25898581055267,338.4590101097424,0.6866697764177638,5,2,625.565420069806,7,2,High,400.33449630654457,556.6385355772951,512.6489892863096
Mine_G_Beldongri,7,2018,632.7707538680328,189.83122616040984,412.54281073713446,0.7533484068587168,12,1,798.6471634783776,8,3,High,157.25898581055267,400.33449630654457,556.6385355772951
Mine_G_Beldongri,8,2018,626.8201707575377,188.0460512272613,312.559362525303,0.6662451904375999,14,1,737.6927942594754,5,2,High,189.83122616040984,157.25898581055267,400.33449630654457
Mine_G_Beldongri,9,2018,519.9405416478085,155.98216249434253,327.8443351813869,0.8078742327346725,10,1,640.9570922429223,7,2,High,188.0460512272613,189.83122616040984,157.25898581055267
Mine_G_Beldongri,10,2018,685.336559418476,483.30918304738697,11.476026696276968,0.9620272372736915,19,4,825.5916650982126,5,3,High,155.98216249434253,188.0460512272613,189.83122616040984
Mine_G_Beldongri,11,2018,552.4949418716119,633.825543972276,4.418923470813607,0.9393155515397164,21,5,616.796524058492,7,4,Low,483.30918304738697,155.98216249434253,188.0460512272613
Mine_G_Beldongri,12,2018,478.4623229654955,390.9358411900503,35.25051650379984,0.9684360712159982,25,4,610.3776052923333,5,3,High,633.825543972276,483.30918304738697,155.98216249434253
Mine_G_Beldongri,1,2019,433.6032939506814,516.4394544585991,8.539951405891184,0.971035270351438,25,5,527.5273407442055,8,3,Low,390.9358411900503,633.825543972276,483.30918304738697
Mine_G_Beldongri,2,2019,793.7524447484294,614.8102233657331,33.43285980335905,0.9231761797311485,25,3,904.6586059136465,6,3,High,516.4394544585991,390.9358411900503,633.825543972276
Mine_G_Beldongri,3,2019,548.5198726709759,266.5844136997811,31.95922611371923,0.8961298526680197,15,4,670.8550792853159,5,2,High,614.8102233657331,516.4394544585991,390.9358411900503
Mine_G_Beldongri,4,2019,503.9111116098879,356.18726800924196,31.21909322285414,0.8863572488979042,22,3,572.0921586048378,8,2,High,266.5844136997811,614.8102233657331,516.4394544585991
Mine_G_Beldongri,5,2019,418.3098652135776,377.95329885906784,24.95517857866105,0.9418704565624784,15,5,467.75551238164854,8,3,Medium,356.18726800924196,266.5844136997811,614.8102233657331
Mine_G_Beldongri,6,2019,532.7764538518015,159.83293615554047,368.82676518236224,0.6671146714125537,10,1,662.5174017926295,5,2,High,377.95329885906784,356.18726800924196,266.5844136997811
Mine_G_Beldongri,7,2019,533.4549777943625,160.03649333830876,430.45398603938054,0.7769446225526159,7,2,643.2615583903996,7,4,High,159.83293615554047,377.95329885906784,356.18726800924196
Mine_G_Beldongri,8,2019,533.106997486886,159.9320992460658,393.61955914306446,0.766838779502169,13,2,688.3855429944158,7,3,High,160.03649333830876,159.83293615554047,377.95329885906784
Mine_G_Beldongri,9,2019,680.5176435457599,234.47051281654132,412.70637063391916,0.8103208611827626,6,2,873.4100646080346,8,4,High,159.9320992460658,160.03649333830876,159.83293615554047
Mine_G_Beldongri,10,2019,403.5163161639247,442.4936657058542,22.190756005988256,0.8539324654248006,17,5,521.2515295975214,8,4,Low,234.47051281654132,159.9320992460658,160.03649333830876
Mine_G_Beldongri,11,2019,722.1078726641351,658.2146268122243,24.345296535556642,0.9413260486779316,19,4,848.5895405077619,8,3,Medium,442.4936657058542,234.47051281654132,159.9320992460658
Mine_G_Beldongri,12,2019,616.3269923184635,627.8579376165756,39.97820318397683,0.8919897949134188,17,5,766.5445688260252,7,4,Low,658.2146268122243,442.4936657058542,234.47051281654132
Mine_G_Beldongri,1,2020,696.9727744757763,453.75608826425594,9.502425241116587,0.9060106782344196,21,4,790.8320500196843,6,2,High,627.8579376165756,658.2146268122243,442.4936657058542
Mine_G_Beldongri,2,2020,625.1781990679042,515.4365659219765,8.644547618098862,0.96160091588013,15,4,691.1303010655616,8,3,High,453.75608826425594,627.8579376165756,658.2146268122243
Mine_G_Beldongri,3,2020,550.8801510193922,552.9296443213699,26.874743370931753,0.9308465792869669,21,4,672.9218093408324,8,3,Low,515.4365659219765,453.75608826425594,627.8579376165756
Mine_G_Beldongri,4,2020,657.7329385486204,720.6520278863818,32.508908785149124,0.912695800363471,25,5,849.5744084106781,8,3,Low,552.9296443213699,515.4365659219765,453.75608826425594
Mine_G_Beldongri,5,2020,760.0885248795353,515.524070323761,8.08425448166381,0.8840967655438083,24,3,909.7690540338454,6,3,High,720.6520278863818,552.9296443213699,515.4365659219765
Mine_G_Beldongri,6,2020,616.034791097624,184.81043732928717,431.62943916997824,0.8129107140674973,11,1,761.4385474767046,7,3,High,515.524070323761,720.6520278863818,552.9296443213699
Mine_G_Beldongri,7,2020,661.3668513045425,198.41005539136273,338.68464336734615,0.6692117432183583,5,2,784.6103794420147,5,4,High,184.81043732928717,515.524070323761,720.6520278863818
Mine_G_Beldongri,8,2020,769.1728626763913,230.75185880291738,339.3819841748084,0.7147091695613678,11,1,918.6968265723137,7,3,High,198.41005539136273,184.81043732928717,515.524070323761
Mine_G_Beldongri,9,2020,654.7857062299506,196.43571186898518,244.36697069012223,0.6900805502700951,8,1,740.3512625736881,5,4,High,230.75185880291738,198.41005539136273,184.81043732928717
Mine_G_Beldongri,10,2020,710.6622430361153,349.05350755697503,2.6835531232122767,0.9675829896998598,16,3,852.9302062563396,5,2,High,196.43571186898518,230.75185880291738,198.41005539136273
Mine_G_Beldongri,11,2020,576.5921348970226,404.08013101910535,22.517126229450305,0.9036156733364905,18,3,716.9612725330446,6,4,High,349.05350755697503,196.43571186898518,230.75185880291738
Mine_G_Beldongri,12,2020,516.1965864933458,355.1720352978502,29.365157679479136,0.8971747856694121,23,3,643.6606252197754,8,2,High,404.08013101910535,349.05350755697503,196.43571186898518
Mine_G_Beldongri,1,2021,653.0834290608856,684.4282819255777,30.507452366050533,0.94137622668536,24,4,725.9558002919877,8,3,Low,355.1720352978502,404.08013101910535,349.05350755697503
Mine_G_Beldongri,2,2021,483.3395588635028,559.9211654683544,24.47435820058776,0.873782471602004,21,5,582.4447916728018,8,4,Low,684.4282819255777,355.1720352978502,404.08013101910535
Mine_G_Beldongri,3,2021,428.28746052502214,246.7244095116637,38.82755264868198,0.9207316047772001,15,4,552.5494408377234,5,3,High,559.9211654683544,684.4282819255777,355.1720352978502
Mine_G_Beldongri,4,2021,524.0988155361279,639.7097911589085,13.110295422972715,0.9498156851843433,25,3,626.5360171101768,8,4,Low,246.7244095116637,559.9211654683544,684.4282819255777
Mine_G_Beldongri,5,2021,757.7055344452125,635.244908079856,24.37302309923527,0.9450050131517657,20,3,936.7623472048634,6,4,High,639.7097911589085,246.7244095116637,559.9211654683544
Mine_G_Beldongri,6,2021,587.6578008201874,176.29734024605622,372.26402374084626,0.688135113509654,12,2,750.6797692460332,6,4,High,635.244908079856,639.7097911589085,246.7244095116637
Mine_G_Beldongri,7,2021,695.7180536271381,208.71541608814144,323.11609409525977,0.6553545757523372,11,1,809.1380265025819,7,3,High,176.29734024605622,635.244908079856,639.7097911589085
Mine_G_Beldongri,8,2021,718.9655176279118,215.68965528837353,405.8702868066146,0.670497915751734,10,2,923.7362170945744,8,3,High,208.71541608814144,176.29734024605622,635.244908079856
Mine_G_Beldongri,9,2021,446.09492446793774,133.8284773403813,295.54963687415244,0.66257228297691,9,1,537.6469537137807,5,2,High,215.68965528837353,208.71541608814144,176.29734024605622
Mine_G_Beldongri,10,2021,600.5849322823752,507.9332602939088,37.061962423457395,0.92517726161214,18,4,743.5564852529014,8,3,High,133.8284773403813,215.68965528837353,208.71541608814144
Mine_G_Beldongri,11,2021,433.6082605702157,459.0079121655777,31.59791733069401,0.8537377630797264,25,3,482.8689133401243,8,4,Low,507.9332602939088,133.8284773403813,215.68965528837353
Mine_G_Beldongri,12,2021,582.4687759602261,628.9049179556744,2.968666908942983,0.9715120875716037,22,5,672.8087668209155,7,3,Low,459.0079121655777,507.9332602939088,133.8284773403813
Mine_G_Beldongri,1,2022,423.6838743160032,300.2608707666804,28.83006064832375,0.9496699645713239,18,3,533.9360898885503,8,2,High,628.9049179556744,459.0079121655777,507.9332602939088
Mine_G_Beldongri,2,2022,486.678985904145,518.2344094317125,21.297166788068616,0.8960808101485837,24,3,552.2901833893656,8,4,Low,300.2608707666804,628.9049179556744,459.0079121655777
Mine_G_Beldongri,3,2022,585.4326385420911,514.673999400444,15.219510315481868,0.9567274493891698,21,3,668.6154226797922,6,4,High,518.2344094317125,300.2608707666804,628.9049179556744
Mine_G_Beldongri,4,2022,758.3547708025064,549.3130947310248,29.884129341159635,0.9405664344445229,18,3,909.2110465626915,7,3,High,514.673999400444,518.2344094317125,300.2608707666804
Mine_G_Beldongri,5,2022,539.2583028459762,360.2658293794226,21.50709563632969,0.951870346979293,15,4,689.5469924638836,6,3,High,549.3130947310248,514.673999400444,518.2344094317125
Mine_G_Beldongri,6,2022,613.2419540209614,214.41542824445548,245.41505972255854,0.780352704796496,5,2,709.4022674424076,8,4,High,360.2658293794226,549.3130947310248,514.673999400444
Mine_G_Beldongri,7,2022,628.6455671439883,252.0001155204434,304.21438439774664,0.7625728310167691,11,2,780.8710918808133,8,4,High,214.41542824445548,360.2658293794226,549.3130947310248
Mine_G_Beldongri,8,2022,795.5267524830263,238.65802574490786,415.6668444222144,0.6868280439750865,14,2,946.3464154001962,5,4,High,252.0001155204434,214.41542824445548,360.2658293794226
Mine_G_Beldongri,9,2022,764.1355463719221,237.83128541048458,298.84189974137144,0.6963516487663461,12,2,884.5676937487747,6,4,High,238.65802574490786,252.0001155204434,214.41542824445548
Mine_G_Beldongri,10,2022,571.1665680816469,454.73025249585385,10.285532215227327,0.9086692014807011,15,5,713.9153577569775,6,4,High,237.83128541048458,238.65802574490786,252.0001155204434
Mine_G_Beldongri,11,2022,679.7051519186946,485.80109521204315,7.5406721794812315,0.8667323530086293,18,3,843.7692905043483,7,3,High,454.73025249585385,237.83128541048458,238.65802574490786
Mine_G_Beldongri,12,2022,743.4993967313803,410.47294818405715,4.9171245026397825,0.9765160947689371,16,3,938.7393676648642,5,3,High,485.80109521204315,454.73025249585385,237.83128541048458
Mine_G_Beldongri,1,2023,484.9233110242868,463.15092375275935,18.047650621903934,0.9411200464562771,20,4,564.3279556684813,8,3,Low,410.47294818405715,485.80109521204315,454.73025249585385
Mine_G_Beldongri,2,2023,704.5025315723649,511.99093910800747,11.892218467766842,0.8815631718535075,19,4,895.4131877396336,8,2,High,463.15092375275935,410.47294818405715,485.80109521204315
Mine_G_Beldongri,3,2023,400.87471845316605,450.2620688910383,24.744583244526716,0.8896522712611097,23,5,443.8522002213767,7,4,Low,511.99093910800747,463.15092375275935,410.47294818405715
Mine_G_Beldongri,4,2023,550.5189883203624,309.61374930248337,13.236758620534314,0.8732071185281869,15,4,631.8690005658259,6,2,High,450.2620688910383,511.99093910800747,463.15092375275935
Mine_G_Beldongri,5,2023,688.1085885086935,444.84900026722397,0.11819449902521928,0.9452027450763811,25,4,829.3236398399636,5,2,High,309.61374930248337,450.2620688910383,511.99093910800747
Mine_G_Beldongri,6,2023,477.42221931390173,143.22666579417051,279.0213819470947,0.6660794995473301,6,1,559.3387512029391,8,2,High,444.84900026722397,309.61374930248337,450.2620688910383
Mine_G_Beldongri,7,2023,577.7392923107635,173.32178769322906,222.98424973837473,0.7142764795741134,13,1,669.1947747713881,8,2,High,143.22666579417051,444.84900026722397,309.61374930248337
Mine_G_Beldongri,8,2023,525.292524616345,157.58775738490348,277.67523289395524,0.732391144079964,13,1,607.4934374403431,5,3,High,173.32178769322906,143.22666579417051,444.84900026722397
Mine_G_Beldongri,9,2023,709.3619714566968,212.80859143700903,287.6663116837714,0.7170708232832494,10,1,792.3899525178556,7,2,High,157.58775738490348,173.32178769322906,143.22666579417051
Mine_G_Beldongri,10,2023,633.698839475206,526.418450494288,5.476748970669418,0.8562896826594036,19,5,716.9410393901264,5,4,High,212.80859143700903,157.58775738490348,173.32178769322906
Mine_G_Beldongri,11,2023,726.7415486550728,454.1542648071887,16.3968653511932,0.8846999667298855,18,5,830.7803784349661,6,2,High,526.418450494288,212.80859143700903,157.58775738490348
Mine_G_Beldongri,12,2023,706.2627258263515,655.1203578381055,20.456679775838495,0.931823699478665,21,5,909.5013838725948,5,4,Medium,454.1542648071887,526.418450494288,212.80859143700903
Mine_G_Beldongri,1,2024,401.61039344269483,248.57013202780874,11.772437662866903,0.8870146404517367,23,3,502.79843503957494,6,2,High,655.1203578381055,454.1542648071887,526.418450494288
Mine_G_Beldongri,2,2024,699.1198442210815,324.0364413619195,28.513359709900893,0.9226893585168441,16,3,868.0447115510093,5,2,High,248.57013202780874,655.1203578381055,454.1542648071887
Mine_G_Beldongri,3,2024,440.6728011307512,470.000683646209,10.824453759895798,0.8571802696858923,25,5,497.474025881537,6,4,Low,324.0364413619195,248.57013202780874,655.1203578381055
Mine_G_Beldongri,4,2024,587.1133779160546,451.1122226328249,9.753994149534497,0.8911225666418073,24,4,713.267115513143,7,2,High,470.000683646209,324.0364413619195,248.57013202780874
Mine_G_Beldongri,5,2024,523.766580589798,399.75639365990764,4.44487189728302,0.9327614331878226,18,5,594.6041407104113,7,2,High,451.1122226328249,470.000683646209,324.0364413619195
Mine_G_Beldongri,6,2024,791.1319457519784,237.3395837255935,240.70763039186912,0.6621964826257739,10,1,963.8751996982472,6,3,High,399.75639365990764,451.1122226328249,470.000683646209
Mine_G_Beldongri,7,2024,463.355918406719,139.0067755220157,367.078750182044,0.7695670286633239,10,1,596.0301184245234,8,2,High,237.3395837255935,399.75639365990764,451.1122226328249
Mine_G_Beldongri,8,2024,511.25482136552563,153.3764464096577,263.24948716581264,0.7872549397906544,6,1,620.3703068190517,6,3,High,139.0067755220157,237.3395837255935,399.75639365990764
Mine_G_Beldongri,9,2024,793.218868250641,241.44393122658082,224.5162539548335,0.7938751135524197,14,2,929.4894163440797,7,2,High,153.3764464096577,139.0067755220157,237.3395837255935
Mine_G_Beldongri,10,2024,409.8495249779727,270.9676356128738,0.6486111829630747,0.9297563228424213,22,3,519.6610415482648,5,3,High,241.44393122658082,153.3764464096577,139.0067755220157
Mine_G_Beldongri,11,2024,605.4566631225812,457.0970755564025,1.3930376610736372,0.9093265254577668,21,3,710.7322828577566,5,4,High,270.9676356128738,241.44393122658082,153.3764464096577
Mine_G_Beldongri,12,2024,517.8088660746718,442.7816729771944,32.61577861947526,0.973188702007109,20,3,577.1480691811872,6,4,High,457.0970755564025,270.9676356128738,241.44393122658082
Mine_G_Beldongri,1,2025,485.025711032,401.47654359860314,16.105778295604424,0.8657404541662692,22,3,580.4243723591411,6,4,High,442.7816729771944,457.0970755564025,270.9676356128738
Mine_G_Beldongri,2,2025,690.9667166618227,601.9197379581381,1.0472312761544433,0.9110093234328286,25,3,803.789021007164,7,3,High,401.47654359860314,442.7816729771944,457.0970755564025
Mine_G_Beldongri,3,2025,663.8632342239154,389.42173339529467,16.396764677230735,0.9259627583782696,17,3,769.7699644956323,7,2,High,601.9197379581381,401.47654359860314,442.7816729771944
Mine_G_Beldongri,4,2025,555.2983078696179,387.7563728356809,30.180136535488444,0.9451700450646409,22,4,647.473792063878,6,2,High,389.42173339529467,601.9197379581381,401.47654359860314
Mine_G_Beldongri,5,2025,625.2704879300398,482.1782389394645,36.80793670154127,0.9225113837279826,18,4,780.5947955239093,7,3,High,387.7563728356809,389.42173339529467,601.9197379581381
Mine_G_Beldongri,6,2025,475.52391781790715,142.65717534537214,431.1412464143095,0.7790659873921322,10,1,538.6712169502839,8,4,High,482.1782389394645,387.7563728356809,389.42173339529467
Mine_G_Beldongri,7,2025,723.5350957405517,217.06052872216551,402.5823568635128,0.7732601123698722,11,1,877.9905534115275,5,3,High,142.65717534537214,482.1782389394645,387.7563728356809
Mine_G_Beldongri,8,2025,780.5561222315093,234.16683666945278,423.7860700941162,0.7874641123978255,9,2,888.3072266614897,7,2,High,217.06052872216551,142.65717534537214,482.1782389394645
Mine_G_Beldongri,9,2025,528.320759556685,158.49622786700547,386.07387172389906,0.7250888234760914,12,1,653.358772748056,7,3,High,234.16683666945278,217.06052872216551,142.65717534537214
Mine_G_Beldongri,10,2025,430.17694202776863,289.76068956667893,18.05281129159511,0.8824408526678105,16,4,535.5987059586757,8,2,High,158.49622786700547,234.16683666945278,217.06052872216551
Mine_G_Beldongri,11,2025,585.9174328370075,317.07412146928425,13.15132793576498,0.947022696614056,17,4,725.5698201886981,5,2,High,289.76068956667893,158.49622786700547,234.16683666945278
Mine_G_Beldongri,12,2025,493.6877761943963,287.3462626131114,3.289830273830563,0.8856265376149168,24,3,564.23414481791,5,2,High,317.07412146928425,289.76068956667893,158.49622786700547
Mine_H_Ukwa,1,2016,894.4869313265594,784.326364329129,15.331091643577942,0.9284849163226039,21,5,1016.9340932719435,8,2,High,784.326364329129,784.326364329129,784.326364329129
Mine_H_Ukwa,2,2016,678.6305242062293,778.5429707868174,39.19801686086015,0.9664761741252267,21,5,829.8451991948915,7,4,Low,784.326364329129,784.326364329129,784.326364329129
Mine_H_Ukwa,3,2016,702.7304619094692,421.40564460664467,31.89827620344625,0.8883252321419235,20,3,866.4520718173499,6,2,High,778.5429707868174,784.326364329129,784.326364329129
Mine_H_Ukwa,4,2016,1076.71868846794,788.9785961057919,7.240380283903498,0.9285941410103007,18,5,1243.4717976534298,7,2,High,421.40564460664467,778.5429707868174,784.326364329129
Mine_H_Ukwa,5,2016,976.7638882345966,650.4431558196264,16.843010090048338,0.8990969018912922,23,3,1226.966030483055,7,2,High,788.9785961057919,421.40564460664467,778.5429707868174
Mine_H_Ukwa,6,2016,874.2886709677794,308.095537103177,329.8360680998805,0.8079411111989727,13,2,1052.9752497056754,7,3,High,650.4431558196264,788.9785961057919,421.40564460664467
Mine_H_Ukwa,7,2016,890.8858916651218,267.26576749953654,451.41259145912727,0.7609733273096219,10,2,1052.489934390612,5,4,High,308.095537103177,650.4431558196264,788.9785961057919
Mine_H_Ukwa,8,2016,756.5356947873973,226.9607084362192,500.62682789489156,0.7597467924271013,9,1,943.6506165639797,8,4,High,267.26576749953654,308.095537103177,650.4431558196264
Mine_H_Ukwa,9,2016,1030.8627633401811,309.2588290020543,410.75670788970916,0.6989405056194473,6,2,1191.9379878981156,5,2,High,226.9607084362192,267.26576749953654,308.095537103177
Mine_H_Ukwa,10,2016,707.1548339275827,386.3500191142514,6.838189824905174,0.9528258247627208,16,3,868.8811321917475,7,2,High,309.2588290020543,226.9607084362192,267.26576749953654
Mine_H_Ukwa,11,2016,1011.6853903220597,712.6659679158865,36.74092146023473,0.9234058070228693,19,3,1248.4081877312262,6,3,High,386.3500191142514,309.2588290020543,226.9607084362192
Mine_H_Ukwa,12,2016,1063.2746969602729,790.7351557184869,38.26976914568013,0.9659826369724328,19,3,1376.437754860843,8,2,High,712.6659679158865,386.3500191142514,309.2588290020543
Mine_H_Ukwa,1,2017,715.5206055987674,725.7957752792646,18.342523508029235,0.9102989750767996,24,4,893.1459485991934,8,3,Low,790.7351557184869,712.6659679158865,386.3500191142514
Mine_H_Ukwa,2,2017,1180.4833146400074,1278.1822977041263,14.037006022297636,0.8878217204721458,21,5,1517.1538941792207,7,4,Low,725.7957752792646,790.7351557184869,712.6659679158865
Mine_H_Ukwa,3,2017,773.4789488850819,352.58958711901835,13.214497535911773,0.8835619736371214,17,3,859.9293846530799,5,2,High,1278.1822977041263,725.7957752792646,790.7351557184869
Mine_H_Ukwa,4,2017,656.0340613410165,582.2232479579353,7.693301845445251,0.9469866160314879,24,3,742.6508860132541,6,4,High,352.58958711901835,1278.1822977041263,725.7957752792646
Mine_H_Ukwa,5,2017,786.9399568687081,595.186567098627,20.997712528174976,0.8865522132622247,23,3,937.9347542537862,6,3,High,582.2232479579353,352.58958711901835,1278.1822977041263
Mine_H_Ukwa,6,2017,913.3461323892689,274.00383971678065,407.6735383902998,0.7389473978673881,9,2,1091.9495472326541,5,3,High,595.186567098627,582.2232479579353,352.58958711901835
Mine_H_Ukwa,7,2017,850.6731832604688,255.20195497814063,515.0039480512905,0.7948070248714847,11,1,985.8639747817309,7,3,High,274.00383971678065,595.186567098627,582.2232479579353
Mine_H_Ukwa,8,2017,708.5635574330034,212.80486133336495,280.3176708812668,0.6976965189264995,12,2,840.3916480868853,6,4,High,255.20195497814063,274.00383971678065,595.186567098627
Mine_H_Ukwa,9,2017,1190.2624293714962,357.07872881144885,423.6079216665913,0.6763974350228009,10,1,1471.1283461174312,8,2,High,212.80486133336495,255.20195497814063,274.00383971678065
Mine_H_Ukwa,10,2017,1169.9967261845995,1111.9465957097386,28.214005302783054,0.9423691447797806,18,5,1424.3273306556862,6,4,Low,357.07872881144885,212.80486133336495,255.20195497814063
Mine_H_Ukwa,11,2017,1138.4274245458814,616.7803107214905,17.489174152731486,0.9154947813705367,23,3,1286.1944326522241,5,2,High,1111.9465957097386,357.07872881144885,212.80486133336495
Mine_H_Ukwa,12,2017,703.3865317602588,389.52439144319465,15.515088472543908,0.9292624350029701,15,4,835.7751223019845,5,3,High,616.7803107214905,1111.9465957097386,357.07872881144885
Mine_H_Ukwa,1,2018,963.2185769337478,838.8785457306958,15.7300659439493,0.971732363944289,21,3,1077.4969788366561,8,3,High,389.52439144319465,616.7803107214905,1111.9465957097386
Mine_H_Ukwa,2,2018,801.1363544077931,666.5912856296299,27.728945985457834,0.8985980193688635,17,5,933.1402270726336,7,3,High,838.8785457306958,389.52439144319465,616.7803107214905
Mine_H_Ukwa,3,2018,1066.7091095348155,797.8694751612292,14.621405487362997,0.8900895978195709,21,3,1187.3490256940645,6,4,High,666.5912856296299,838.8785457306958,389.52439144319465
Mine_H_Ukwa,4,2018,601.2879554764515,477.52559294902784,17.198424460242716,0.8710173678729055,15,5,718.5490146500191,8,3,High,797.8694751612292,666.5912856296299,838.8785457306958
Mine_H_Ukwa,5,2018,812.5501229366946,388.7809045512135,4.7967195084739656,0.8858628406243337,19,3,981.7990368426377,5,2,High,477.52559294902784,797.8694751612292,666.5912856296299
Mine_H_Ukwa,6,2018,870.8908005004544,261.2672401501363,461.3499961881688,0.68286951858209,5,2,979.5999972232585,8,3,High,388.7809045512135,477.52559294902784,797.8694751612292
Mine_H_Ukwa,7,2018,868.6269379364335,260.58808138093,494.6936675256784,0.6789011929172649,14,2,1116.2863682178497,5,2,High,261.2672401501363,388.7809045512135,477.52559294902784
Mine_H_Ukwa,8,2018,1163.0025891451523,348.9007767435457,325.5792869794381,0.7476214192615106,14,2,1370.1510260901987,6,2,High,260.58808138093,261.2672401501363,388.7809045512135
Mine_H_Ukwa,9,2018,986.064432933782,307.4668098734455,362.4915746741388,0.7714300688142655,13,2,1099.9668280093454,5,4,High,348.9007767435457,260.58808138093,261.2672401501363
Mine_H_Ukwa,10,2018,1167.9637906439482,835.6130575831128,14.878454863065329,0.9374099843156898,15,4,1518.071847099787,7,3,High,307.4668098734455,348.9007767435457,260.58808138093
Mine_H_Ukwa,11,2018,765.9342052434635,480.98648369519304,34.202863178956456,0.8596783319627295,16,5,988.9867019501348,7,2,High,835.6130575831128,307.4668098734455,348.9007767435457
Mine_H_Ukwa,12,2018,801.5623208295397,724.4005574871818,8.432774518837212,0.9287007451452568,21,4,934.2990769054696,7,3,Medium,480.98648369519304,835.6130575831128,307.4668098734455
Mine_H_Ukwa,1,2019,1144.5609232120087,731.8294166084247,1.0155578021136735,0.8516474322939616,23,3,1304.509545496002,7,2,High,724.4005574871818,480.98648369519304,835.6130575831128
Mine_H_Ukwa,2,2019,815.174896601619,806.3019250705279,15.652356165956704,0.8928134263203029,24,5,943.3611087330412,7,3,Low,731.8294166084247,724.4005574871818,480.98648369519304
Mine_H_Ukwa,3,2019,1103.5186230678278,953.3785296034225,15.48794294793404,0.927771116952755,21,5,1269.3780966992394,8,2,High,806.3019250705279,731.8294166084247,724.4005574871818
Mine_H_Ukwa,4,2019,1142.8589651492002,834.6986488119102,18.85978230061609,0.9680876015453643,18,3,1316.144742354151,6,4,High,953.3785296034225,806.3019250705279,731.8294166084247
Mine_H_Ukwa,5,2019,601.5347114205931,400.50638866207134,25.62290951370798,0.8601675439557872,15,5,676.6157482317928,5,4,High,834.6986488119102,953.3785296034225,806.3019250705279
Mine_H_Ukwa,6,2019,1189.9093750983645,356.9728125295093,410.76441466895756,0.6517338899877799,6,2,1525.1590697051383,5,4,High,400.50638866207134,834.6986488119102,953.3785296034225
Mine_H_Ukwa,7,2019,938.830618865363,281.6491856596089,305.90380308719955,0.8022779662733592,10,1,1077.932868310447,7,2,High,356.9728125295093,400.50638866207134,834.6986488119102
Mine_H_Ukwa,8,2019,727.005462001765,218.10163860052947,290.4589813627023,0.8109425322690005,14,1,865.3420792286595,5,2,High,281.6491856596089,356.9728125295093,400.50638866207134
Mine_H_Ukwa,9,2019,1198.4384654944824,359.53153964834473,496.96518180798944,0.7979081566558321,13,2,1547.5056677174082,6,2,High,218.10163860052947,281.6491856596089,356.9728125295093
Mine_H_Ukwa,10,2019,982.782572952083,876.0818081644568,28.27469573754628,0.9444331201338302,17,4,1205.862578987425,8,3,High,359.53153964834473,218.10163860052947,281.6491856596089
Mine_H_Ukwa,11,2019,1139.1225703143273,984.8804821401051,12.522964148804707,0.9375189696371896,22,5,1265.3732767897186,7,2,High,876.0818081644568,359.53153964834473,218.10163860052947
Mine_H_Ukwa,12,2019,1035.4438230083315,816.4439040188996,11.55083267720709,0.9527606144687193,19,5,1328.8457624457917,5,3,High,984.8804821401051,876.0818081644568,359.53153964834473
Mine_H_Ukwa,1,2020,1048.1730247859145,860.6525833259982,34.830619556509006,0.9774007942735411,16,3,1297.2500619516768,7,4,High,816.4439040188996,984.8804821401051,876.0818081644568
Mine_H_Ukwa,2,2020,688.4632882424406,525.0558404395804,36.18157078280593,0.9232303303882041,19,4,894.379070872518,6,3,High,860.6525833259982,816.4439040188996,984.8804821401051
Mine_H_Ukwa,3,2020,1104.0709502932823,904.1934748208256,24.158871086100643,0.9263029222934421,24,5,1425.341701379898,6,2,High,525.0558404395804,860.6525833259982,816.4439040188996
Mine_H_Ukwa,4,2020,648.4486876861502,551.5480861043363,11.266027441336806,0.8664635275198881,22,4,774.8499497937815,6,4,High,904.1934748208256,525.0558404395804,860.6525833259982
Mine_H_Ukwa,5,2020,1002.5165651112368,766.1286432248693,0.26211975974234747,0.8917202100931878,16,5,1251.1107483888563,7,3,High,551.5480861043363,904.1934748208256,525.0558404395804
Mine_H_Ukwa,6,2020,869.709596949161,260.9128790847483,447.97423536507245,0.722266852343281,9,1,1085.5387769759557,8,4,High,766.1286432248693,551.5480861043363,904.1934748208256
Mine_H_Ukwa,7,2020,658.4110218240938,197.52330654722815,488.91530849718174,0.7947745618081424,12,2,827.8114096260128,7,3,High,260.9128790847483,766.1286432248693,551.5480861043363
Mine_H_Ukwa,8,2020,645.9311749660502,193.77935248981507,327.09603106562156,0.7836993892824231,14,1,808.7418582779005,5,3,High,197.52330654722815,260.9128790847483,766.1286432248693
Mine_H_Ukwa,9,2020,1150.3850167811063,345.1155050343319,346.7855978293248,0.7920263655718509,9,1,1388.9716605892677,6,2,High,193.77935248981507,197.52330654722815,260.9128790847483
Mine_H_Ukwa,10,2020,856.3325667958331,663.4823561805694,22.100326409868508,0.8563529440851175,15,5,976.4849301845477,8,3,High,345.1155050343319,193.77935248981507,197.52330654722815
Mine_H_Ukwa,11,2020,765.1184678364593,624.7300734726686,31.069860286737054,0.9057926588213708,24,4,977.9498817816806,6,3,High,663.4823561805694,345.1155050343319,193.77935248981507
Mine_H_Ukwa,12,2020,927.178924007602,764.6076542496987,38.787789804599335,0.9188683789922941,16,5,1127.8784567040052,7,3,High,624.7300734726686,663.4823561805694,345.1155050343319
Mine_H_Ukwa,1,2021,1182.8481966185336,833.0024704631193,22.264108694415295,0.958759482568772,23,4,1314.5668102033628,6,2,High,764.6076542496987,624.7300734726686,663.4823561805694
Mine_H_Ukwa,2,2021,1124.4751387026104,780.2566370548761,21.62234802504786,0.9338487770951506,18,3,1276.4942801127033,6,3,High,833.0024704631193,764.6076542496987,624.7300734726686
Mine_H_Ukwa,3,2021,1006.8904258186083,1090.6028137526662,5.448927357301878,0.9425030134415465,19,5,1255.654934352977,7,4,Low,780.2566370548761,833.0024704631193,764.6076542496987
Mine_H_Ukwa,4,2021,612.9136825010835,456.63027736808584,26.122810158437456,0.8951140130996683,23,3,731.3883202610128,6,3,High,1090.6028137526662,780.2566370548761,833.0024704631193
Mine_H_Ukwa,5,2021,912.4809219435531,576.4490583811602,24.5556610031718,0.9671336981990712,16,3,1184.4705108860874,8,2,High,456.63027736808584,1090.6028137526662,780.2566370548761
Mine_H_Ukwa,6,2021,985.6711257811753,295.7013377343526,381.6324111213274,0.7228669447564442,5,1,1279.7711521793408,8,2,High,576.4490583811602,456.63027736808584,1090.6028137526662
Mine_H_Ukwa,7,2021,666.0112506920873,199.80337520762617,460.52946516069665,0.7658669830754938,5,1,819.3798671404838,8,4,High,295.7013377343526,576.4490583811602,456.63027736808584
Mine_H_Ukwa,8,2021,728.0665486462411,218.41996459387232,348.08654616056606,0.7136069069009935,10,2,921.49492163802,6,3,High,199.80337520762617,295.7013377343526,576.4490583811602
Mine_H_Ukwa,9,2021,892.7835420633875,267.83506261901624,322.80096942379043,0.7812441407825539,13,1,1003.3674759639927,7,3,High,218.41996459387232,199.80337520762617,295.7013377343526
Mine_H_Ukwa,10,2021,1152.013428040982,738.2335272856799,39.025291715979485,0.901993469322951,16,3,1278.9771044080876,8,2,High,267.83506261901624,218.41996459387232,199.80337520762617
Mine_H_Ukwa,11,2021,1011.3654687020528,798.3354590640582,7.143731338494246,0.8991015739851776,17,5,1222.249201189907,8,2,High,738.2335272856799,267.83506261901624,218.41996459387232
Mine_H_Ukwa,12,2021,674.5187418378149,586.6472986053979,38.74083720616257,0.8922474414435959,15,5,872.900465563814,8,3,High,798.3354590640582,738.2335272856799,267.83506261901624
Mine_H_Ukwa,1,2022,724.5635950861522,340.47880145715425,31.076254940979936,0.8799723387749903,16,3,797.9810629779187,5,2,High,586.6472986053979,798.3354590640582,738.2335272856799
Mine_H_Ukwa,2,2022,699.1980764477731,531.5240469317699,6.6382110952435,0.9559878416069287,18,3,899.5866534073836,7,3,High,340.47880145715425,586.6472986053979,798.3354590640582
Mine_H_Ukwa,3,2022,794.7955502612572,550.357014092262,15.678756003446829,0.8865718429012222,16,5,882.6425116814413,7,2,High,531.5240469317699,340.47880145715425,586.6472986053979
Mine_H_Ukwa,4,2022,800.5793438246045,644.7767677153047,7.25310321207314,0.8603132294057615,20,3,965.4383413425641,8,3,High,550.357014092262,531.5240469317699,340.47880145715425
Mine_H_Ukwa,5,2022,810.7884731402564,635.6844760292347,32.33716376150115,0.9223401664276718,25,5,1012.6233509240002,6,2,High,644.7767677153047,550.357014092262,531.5240469317699
Mine_H_Ukwa,6,2022,918.8315527293787,275.6494658188136,347.7234661264874,0.7225774091868773,14,2,1185.0877938779236,5,2,High,635.6844760292347,644.7767677153047,550.357014092262
Mine_H_Ukwa,7,2022,1052.6812249873049,322.04163279047935,362.73372697642577,0.7399324155779883,13,2,1266.3744192821794,8,4,High,275.6494658188136,635.6844760292347,644.7767677153047
Mine_H_Ukwa,8,2022,697.0388289779542,209.11164869338623,290.04997982515016,0.7915498424016203,5,1,834.0937389449731,8,4,High,322.04163279047935,275.6494658188136,635.6844760292347
Mine_H_Ukwa,9,2022,661.5019256645053,198.45057769935158,499.24016995253044,0.7908457360917188,9,2,747.131087804015,5,3,High,209.11164869338623,322.04163279047935,275.6494658188136
Mine_H_Ukwa,10,2022,782.6637595284932,739.9769556018022,19.764803773377764,0.9474136806455933,22,4,1008.4854249912281,8,3,Medium,198.45057769935158,209.11164869338623,322.04163279047935
Mine_H_Ukwa,11,2022,668.3821776954588,573.8880557952383,31.17149753823176,0.9552592504794861,22,4,812.4265019443837,5,4,High,739.9769556018022,198.45057769935158,209.11164869338623
Mine_H_Ukwa,12,2022,1188.9624881438035,1063.3751670910908,3.5811897414126204,0.9073492188426248,23,4,1479.09729784843,7,3,High,573.8880557952383,739.9769556018022,198.45057769935158
Mine_H_Ukwa,1,2023,740.2840171212745,511.5451676708256,9.781123696807384,0.8521338805677336,24,4,898.8779670537186,5,3,High,1063.3751670910908,573.8880557952383,739.9769556018022
Mine_H_Ukwa,2,2023,998.3002454425293,532.5935632307393,5.4197097936984795,0.8886140895461958,19,3,1255.3525008226025,6,2,High,511.5451676708256,1063.3751670910908,573.8880557952383
Mine_H_Ukwa,3,2023,657.8682299950934,822.3352874938668,22.10581634689288,0.9747242075623787,25,5,736.0152381453843,7,4,Low,532.5935632307393,511.5451676708256,1063.3751670910908
Mine_H_Ukwa,4,2023,1070.2550328318548,913.7585312119738,6.318533094932133,0.9039936241913149,22,3,1273.1445765882684,8,3,High,822.3352874938668,532.5935632307393,511.5451676708256
Mine_H_Ukwa,5,2023,685.0931160226526,352.6927040763362,22.059492245643952,0.8964680880759236,15,5,787.207711484277,5,2,High,913.7585312119738,822.3352874938668,532.5935632307393
Mine_H_Ukwa,6,2023,829.3213980283933,248.79641940851798,457.6461391983383,0.797892813260937,11,1,960.7041654573595,8,3,High,352.6927040763362,913.7585312119738,822.3352874938668
Mine_H_Ukwa,7,2023,825.6219627827979,247.68658883483937,284.2973169669687,0.6609453647259321,11,1,935.0094264735906,6,3,High,248.79641940851798,352.6927040763362,913.7585312119738
Mine_H_Ukwa,8,2023,908.3455504661803,272.5036651398541,479.10105847448824,0.8045781783953431,11,2,1000.397340234707,6,3,High,247.68658883483937,248.79641940851798,352.6927040763362
Mine_H_Ukwa,9,2023,1132.6754875169747,339.8026462550924,406.8683535086005,0.7202935352689624,9,1,1310.5235242460337,5,4,High,272.5036651398541,247.68658883483937,248.79641940851798
Mine_H_Ukwa,10,2023,840.4974200282609,829.4380404711071,0.7492557751238982,0.9559637493202496,19,4,1040.0096873303225,7,4,Low,339.8026462550924,272.5036651398541,247.68658883483937
Mine_H_Ukwa,11,2023,1132.5305421215842,962.1423892090901,10.143675520547877,0.9315522970056006,18,5,1452.2544316670128,7,3,High,829.4380404711071,339.8026462550924,272.5036651398541
Mine_H_Ukwa,12,2023,1171.9671227109911,849.5969717956411,32.63326068186848,0.9482009227041759,16,4,1339.1432293641408,8,2,High,962.1423892090901,829.4380404711071,339.8026462550924
Mine_H_Ukwa,1,2024,866.5541077666071,619.2527557614079,5.873828038441857,0.9238814628465265,22,3,996.3948401963404,8,2,High,849.5969717956411,962.1423892090901,829.4380404711071
Mine_H_Ukwa,2,2024,1010.4444008131734,647.3450690068844,27.430680449840388,0.9395926916384432,20,3,1147.2898874944246,5,3,High,619.2527557614079,849.5969717956411,962.1423892090901
Mine_H_Ukwa,3,2024,892.7843624105363,608.8034843653102,27.517053829804844,0.9763809930122939,23,3,1150.1120254247348,6,2,High,647.3450690068844,619.2527557614079,849.5969717956411
Mine_H_Ukwa,4,2024,1181.2204808370204,783.2773792269147,14.694168724591844,0.8834288310045589,17,3,1534.6551018164223,6,4,High,608.8034843653102,647.3450690068844,619.2527557614079
Mine_H_Ukwa,5,2024,875.4353114321177,985.7162104087503,38.49471489623458,0.9273397824237535,18,5,1096.409163969629,8,4,Low,783.2773792269147,608.8034843653102,647.3450690068844
Mine_H_Ukwa,6,2024,630.2572793644529,189.07718380933585,488.2684155688298,0.7803613104235769,5,1,724.8299823536714,8,2,High,985.7162104087503,783.2773792269147,608.8034843653102
Mine_H_Ukwa,7,2024,872.5188313390856,261.7556494017257,416.74905843184973,0.7952071055770522,8,2,1023.6577463143904,6,2,High,189.07718380933585,985.7162104087503,783.2773792269147
Mine_H_Ukwa,8,2024,1158.579304274117,347.5737912822351,376.3599127631062,0.7234340881349007,6,2,1335.083034531402,8,4,High,261.7556494017257,189.07718380933585,985.7162104087503
Mine_H_Ukwa,9,2024,914.1265809138499,274.23797427415496,330.9063831509321,0.7432818253941166,5,2,1025.7093145383526,8,3,High,347.5737912822351,261.7556494017257,189.07718380933585
Mine_H_Ukwa,10,2024,973.543704681394,645.3409183580851,4.5532114148797564,0.8846249784838778,18,3,1225.6911035202847,6,3,High,274.23797427415496,347.5737912822351,261.7556494017257
Mine_H_Ukwa,11,2024,1100.0405261170922,764.5643866065426,19.659081682620055,0.9700037425455404,19,3,1365.3318503729001,5,4,High,645.3409183580851,274.23797427415496,347.5737912822351
Mine_H_Ukwa,12,2024,722.3038684466362,466.55410016407296,6.222971070849188,0.8898495054551319,15,3,937.3192538368756,8,3,High,764.5643866065426,645.3409183580851,274.23797427415496
Mine_H_Ukwa,1,2025,891.3662659435374,651.8308488247291,38.31334120086977,0.889516339412596,15,5,1092.5346232618806,5,4,High,466.55410016407296,764.5643866065426,645.3409183580851
Mine_H_Ukwa,2,2025,950.6847725942444,955.0787665572136,31.966721823284846,0.9604248261193777,21,4,1124.3262422836524,8,3,Low,651.8308488247291,466.55410016407296,764.5643866065426
Mine_H_Ukwa,3,2025,821.4612838349345,691.4998583355019,29.46639647053471,0.9761809398364676,22,5,936.4892574290877,5,3,High,955.0787665572136,651.8308488247291,466.55410016407296
Mine_H_Ukwa,4,2025,1132.7698059057793,751.4700430875721,19.79683812901171,0.8970936971410285,23,3,1312.2427736939726,6,2,High,691.4998583355019,955.0787665572136,651.8308488247291
Mine_H_Ukwa,5,2025,1095.4205363639358,768.4810161650172,25.218774702929345,0.9223134605906707,17,4,1330.7260182779148,8,2,High,751.4700430875721,691.4998583355019,955.0787665572136
Mine_H_Ukwa,6,2025,757.4676550451411,227.24029651354232,518.1484836032353,0.7866239329262185,13,1,867.643684584627,7,3,High,768.4810161650172,751.4700430875721,691.4998583355019
Mine_H_Ukwa,7,2025,1180.3024453149,354.09073359447,429.3060717481235,0.8076630166004427,12,1,1514.3757827280444,8,4,High,227.24029651354232,768.4810161650172,751.4700430875721
Mine_H_Ukwa,8,2025,959.139193191313,287.7417579573939,289.2803046346795,0.722123702287807,8,1,1061.1681475132295,6,2,High,354.09073359447,227.24029651354232,768.4810161650172
Mine_H_Ukwa,9,2025,1152.8674447681897,345.8602334304569,293.3014439433874,0.8144360206869531,8,2,1492.3958150735432,6,2,High,287.7417579573939,354.09073359447,227.24029651354232
Mine_H_Ukwa,10,2025,732.1057835420573,544.9051878320776,2.379195923589994,0.9394238387126427,20,4,855.332773090327,5,3,High,345.8602334304569,287.7417579573939,354.09073359447
Mine_H_Ukwa,11,2025,1027.964468544199,688.8466880058581,17.431899325862812,0.8607210341297762,20,3,1163.0785195558242,8,2,High,544.9051878320776,345.8602334304569,287.7417579573939
Mine_H_Ukwa,12,2025,1032.5071243179182,640.2751411369981,6.707323143887827,0.9602588816667852,23,3,1337.981783129303,5,2,High,688.8466880058581,544.9051878320776,345.8602334304569
Mine_I_Tirodi,1,2016,1154.3340556790613,1285.4666102318674,7.608496438890975,0.9413554450708459,23,5,1438.8510081761824,8,3,Low,1285.4666102318674,1285.4666102318674,1285.4666102318674
Mine_I_Tirodi,2,2016,1048.9853988222899,614.6628152933661,25.219746679530065,0.8551275865518079,16,3,1314.3107973833557,6,3,High,1285.4666102318674,1285.4666102318674,1285.4666102318674
Mine_I_Tirodi,3,2016,1025.457634208563,843.0321788204807,32.557511436845175,0.945153201861482,18,3,1328.8037555082863,8,3,High,614.6628152933661,1285.4666102318674,1285.4666102318674
Mine_I_Tirodi,4,2016,1199.2674031249526,905.8546147947411,0.23948011934877833,0.9100962134424312,15,4,1518.215608399091,6,4,High,843.0321788204807,614.6628152933661,1285.4666102318674
Mine_I_Tirodi,5,2016,659.4778922298304,565.036648132632,25.953935701388488,0.9516953793271484,18,4,748.9676666284839,7,3,High,905.8546147947411,843.0321788204807,614.6628152933661
Mine_I_Tirodi,6,2016,715.9181096360553,214.77543289081657,385.6734319117015,0.6994952303770415,8,2,890.7095987429227,5,2,High,565.036648132632,905.8546147947411,843.0321788204807
Mine_I_Tirodi,7,2016,906.4512185289738,271.9353655586921,464.8876665985198,0.6898198820837415,5,1,1005.8316659346019,6,2,High,214.77543289081657,565.036648132632,905.8546147947411
Mine_I_Tirodi,8,2016,653.302107603013,195.9906322809039,291.9272999131964,0.6779737311828663,14,1,788.2987741085886,5,2,High,271.9353655586921,214.77543289081657,565.036648132632
Mine_I_Tirodi,9,2016,877.8046060766026,264.70265299507946,376.38339313867914,0.7591921399255313,12,2,1053.7903030085436,8,4,High,195.9906322809039,271.9353655586921,214.77543289081657
Mine_I_Tirodi,10,2016,1174.4048341748153,664.0156018877238,4.02174731919219,0.8869327377684417,24,3,1440.4281749545048,6,2,High,264.70265299507946,195.9906322809039,271.9353655586921
Mine_I_Tirodi,11,2016,751.0043781783561,914.8989963484471,16.21942418082766,0.966037602833539,22,4,841.6195141033431,8,4,Low,664.0156018877238,264.70265299507946,195.9906322809039
Mine_I_Tirodi,12,2016,1120.0784010297436,781.2710312780545,1.8398647342655083,0.9553475627417346,21,4,1302.6017380455723,5,3,High,914.8989963484471,664.0156018877238,264.70265299507946
Mine_I_Tirodi,1,2017,935.4593645250632,791.7423400869765,22.345332379445143,0.8539537580187881,16,5,1170.849958857417,6,4,High,781.2710312780545,914.8989963484471,664.0156018877238
Mine_I_Tirodi,2,2017,1027.5988082718634,847.2595969088061,31.788210186796206,0.8914439897335885,20,3,1167.0845468375894,7,4,High,791.7423400869765,781.2710312780545,914.8989963484471
Mine_I_Tirodi,3,2017,1015.1649283307974,1108.1344956682967,19.625511979220143,0.9008711037080471,24,4,1166.7828075910768,7,4,Low,847.2595969088061,791.7423400869765,781.2710312780545
Mine_I_Tirodi,4,2017,1168.1092623441987,842.9251175985272,28.164230389156817,0.8886196489891981,20,3,1404.1648522710807,7,3,High,1108.1344956682967,847.2595969088061,791.7423400869765
Mine_I_Tirodi,5,2017,687.7890147214034,322.34918712194764,2.106237680724594,0.9120577218651655,16,4,824.2172167972043,5,2,High,842.9251175985272,1108.1344956682967,847.2595969088061
Mine_I_Tirodi,6,2017,609.060073245906,182.71802197377178,424.0797365419578,0.6765375439735528,9,2,748.7859091714691,8,2,High,322.34918712194764,842.9251175985272,1108.1344956682967
Mine_I_Tirodi,7,2017,1146.7285884013359,344.01857652040076,464.3217812532897,0.7198618525041214,6,2,1369.3243663105388,7,2,High,182.71802197377178,322.34918712194764,842.9251175985272
Mine_I_Tirodi,8,2017,839.5814934603567,251.874448038107,513.5096201836211,0.6980274903485097,13,1,996.5499286748875,5,2,High,344.01857652040076,182.71802197377178,322.34918712194764
Mine_I_Tirodi,9,2017,1054.7136655205168,316.41409965615503,456.8378984078735,0.7870577774970581,14,2,1168.0887163740251,7,3,High,251.874448038107,344.01857652040076,182.71802197377178
Mine_I_Tirodi,10,2017,677.7281899939758,683.552236897102,11.9315987216325,0.9794439746319972,22,3,804.6394680394985,8,4,Low,316.41409965615503,251.874448038107,344.01857652040076
Mine_I_Tirodi,11,2017,605.785557362699,517.1303538041291,19.221618652022418,0.854731613138411,23,4,757.6594458654112,5,4,High,683.552236897102,316.41409965615503,251.874448038107
Mine_I_Tirodi,12,2017,1044.6973914170376,844.1684937534114,30.873129058407493,0.8934872715833183,25,3,1314.4936440516665,5,4,High,517.1303538041291,683.552236897102,316.41409965615503
Mine_I_Tirodi,1,2018,814.7760577039176,508.28771541922805,21.804330762368416,0.9607956108246609,18,3,1056.9732281251966,5,3,High,844.1684937534114,517.1303538041291,683.552236897102
Mine_I_Tirodi,2,2018,672.1131605372868,502.269686994812,34.79618896847398,0.882207204943853,21,4,798.7016541848495,6,3,High,508.28771541922805,844.1684937534114,517.1303538041291
Mine_I_Tirodi,3,2018,619.6013245196416,492.9920858085918,25.323706565435376,0.9415332478678445,16,4,681.765118111549,7,3,High,502.269686994812,508.28771541922805,844.1684937534114
Mine_I_Tirodi,4,2018,720.5437789809844,725.328303261016,37.55779490785817,0.9180386093475335,25,5,812.1729365833471,6,3,Low,492.9920858085918,502.269686994812,508.28771541922805
Mine_I_Tirodi,5,2018,842.0917443452237,636.7514985069647,36.28371401662138,0.8636877779935024,16,5,1092.1333542835905,6,4,High,725.328303261016,492.9920858085918,502.269686994812
Mine_I_Tirodi,6,2018,784.868868361235,235.46066050837047,287.77888886875746,0.7142380362354425,9,1,979.7376182895632,8,3,High,636.7514985069647,725.328303261016,492.9920858085918
Mine_I_Tirodi,7,2018,794.6131199428044,238.3839359828413,494.2710466169001,0.7435687204451112,14,2,947.8264496217319,8,2,High,235.46066050837047,636.7514985069647,725.328303261016
Mine_I_Tirodi,8,2018,1054.5003683082984,316.35011049248953,325.30279332890757,0.794163841927178,7,1,1162.9288656962663,6,3,High,238.3839359828413,235.46066050837047,636.7514985069647
Mine_I_Tirodi,9,2018,743.4724516130264,223.0417354839079,350.33249411703736,0.7558612562507903,10,2,854.5618033737617,8,3,High,316.35011049248953,238.3839359828413,235.46066050837047
Mine_I_Tirodi,10,2018,879.0759714783528,849.6416725300974,36.51811330680274,0.9121493510026247,25,3,1110.9452170959855,7,4,Low,223.0417354839079,316.35011049248953,238.3839359828413
Mine_I_Tirodi,11,2018,1017.9428496966939,1093.2811651292575,2.9684230559753555,0.9766705495449828,23,4,1229.8039512624728,8,3,Low,849.6416725300974,223.0417354839079,316.35011049248953
Mine_I_Tirodi,12,2018,900.0991570828704,679.0436383185084,6.214775943313193,0.8686427416035907,21,4,1138.7859605879048,6,3,High,1093.2811651292575,849.6416725300974,223.0417354839079
Mine_I_Tirodi,1,2019,1172.003464849037,891.9486021297593,22.958343598213794,0.8624214418948727,17,5,1351.6749117097172,5,4,High,679.0436383185084,1093.2811651292575,849.6416725300974
Mine_I_Tirodi,2,2019,706.7892492890686,715.1870377694804,31.417879062962353,0.970790733096795,19,4,869.3019791909749,7,4,Low,891.9486021297593,679.0436383185084,1093.2811651292575
Mine_I_Tirodi,3,2019,757.2556488003754,699.6975804243348,36.08891246814242,0.972204355442535,25,3,933.0175048053843,6,4,Medium,715.1870377694804,891.9486021297593,679.0436383185084
Mine_I_Tirodi,4,2019,805.462357003764,546.6535408034894,29.714592295596532,0.9114020432449735,17,4,970.861623054617,7,2,High,699.6975804243348,715.1870377694804,891.9486021297593
Mine_I_Tirodi,5,2019,979.9390605452929,644.1065359870474,7.219681877260635,0.9220230572176056,16,5,1099.1315648645552,6,2,High,546.6535408034894,699.6975804243348,715.1870377694804
Mine_I_Tirodi,6,2019,796.2042106739497,238.8612632021849,378.10373909262285,0.7831322297284122,10,2,891.5645934121347,7,4,High,644.1065359870474,546.6535408034894,699.6975804243348
Mine_I_Tirodi,7,2019,840.9761871618891,252.29285614856673,498.09847718930575,0.7933397204721007,8,2,1084.0641263008672,5,2,High,238.8612632021849,644.1065359870474,546.6535408034894
Mine_I_Tirodi,8,2019,747.482441132141,224.2447323396423,376.90902976077933,0.7813511274014051,13,2,954.7029470698994,5,4,High,252.29285614856673,238.8612632021849,644.1065359870474
Mine_I_Tirodi,9,2019,1038.1517252082601,311.445517562478,351.5717062362104,0.7044162653499646,5,2,1174.4218949548572,6,2,High,224.2447323396423,252.29285614856673,238.8612632021849
Mine_I_Tirodi,10,2019,921.8053882642075,613.3416813820027,21.920881657036936,0.9337532386311639,16,3,1108.556700411019,8,2,High,311.445517562478,224.2447323396423,252.29285614856673
Mine_I_Tirodi,11,2019,880.9061693494184,759.3696618219918,1.7974247283187283,0.9648224683117884,25,3,1049.0471194093661,6,3,High,613.3416813820027,311.445517562478,224.2447323396423
Mine_I_Tirodi,12,2019,1149.1037507318915,996.2052472120542,16.839493253031463,0.9132840954104616,20,3,1329.167481299412,7,4,High,759.3696618219918,613.3416813820027,311.445517562478
Mine_I_Tirodi,1,2020,921.1751384861041,817.4173360784752,21.80914872065898,0.9577169226433055,15,4,1140.3565751526771,7,4,High,996.2052472120542,759.3696618219918,613.3416813820027
Mine_I_Tirodi,2,2020,958.581487211582,765.910516089958,20.14834616853088,0.8864831781599511,21,3,1229.040265175046,6,4,High,817.4173360784752,996.2052472120542,759.3696618219918
Mine_I_Tirodi,3,2020,1025.5622301833782,1024.7542571941856,2.1317399364953804,0.9614382831681411,20,3,1174.5862053578373,8,4,Low,765.910516089958,817.4173360784752,996.2052472120542
Mine_I_Tirodi,4,2020,849.9921597818698,717.8103872518735,37.09306493016243,0.9295971252606228,23,5,988.834043410176,5,3,High,1024.7542571941856,765.910516089958,817.4173360784752
Mine_I_Tirodi,5,2020,818.6382592670874,560.2806305427116,21.112082048251494,0.8734667788600714,16,4,915.9107101209358,5,4,High,717.8103872518735,1024.7542571941856,765.910516089958
Mine_I_Tirodi,6,2020,880.9463902071678,264.28391706215035,355.7568716665462,0.7264261267021349,8,1,1053.8880953698342,7,2,High,560.2806305427116,717.8103872518735,1024.7542571941856
Mine_I_Tirodi,7,2020,928.468483739876,278.5405451219628,285.1311225436798,0.751434266526697,14,1,1066.3282102915628,5,2,High,264.28391706215035,560.2806305427116,717.8103872518735
Mine_I_Tirodi,8,2020,703.6512867350699,211.09538602052098,383.0008941308994,0.7964295623842637,11,1,854.5773382139585,8,3,High,278.5405451219628,264.28391706215035,560.2806305427116
Mine_I_Tirodi,9,2020,772.2301408665511,231.66904225996532,331.33541372834355,0.6694727149955383,8,1,930.3177855845366,8,4,High,211.09538602052098,278.5405451219628,264.28391706215035
Mine_I_Tirodi,10,2020,662.8837650003994,738.0839361615779,36.13187031837305,0.9088460454640123,23,4,730.9611299074845,8,4,Low,231.66904225996532,211.09538602052098,278.5405451219628
Mine_I_Tirodi,11,2020,608.5615256923263,412.48882662272104,26.33661635959904,0.9052187000737885,20,3,787.0072845764385,8,2,High,738.0839361615779,231.66904225996532,211.09538602052098
Mine_I_Tirodi,12,2020,675.7794933738861,425.6538295044305,36.964750622836235,0.905061143747015,15,3,813.8970116952812,6,4,High,412.48882662272104,738.0839361615779,231.66904225996532
Mine_I_Tirodi,1,2021,720.6277185979072,738.1127956973256,38.99043094114916,0.92134343202144,21,5,901.5884343299765,6,4,Low,425.6538295044305,412.48882662272104,738.0839361615779
Mine_I_Tirodi,2,2021,816.6631879614711,797.0509762980886,15.008577293933477,0.9481290048498514,20,5,1046.4668043836841,7,3,Low,738.1127956973256,425.6538295044305,412.48882662272104
Mine_I_Tirodi,3,2021,827.9983826367735,501.74622119429773,24.050218942363202,0.9267843479788043,20,3,915.1299256477519,6,2,High,797.0509762980886,738.1127956973256,425.6538295044305
Mine_I_Tirodi,4,2021,1054.127167493618,1103.145184527211,12.072905963407067,0.8606525736072119,22,5,1286.6332154711565,7,4,Low,501.74622119429773,797.0509762980886,738.1127956973256
Mine_I_Tirodi,5,2021,768.3119612848528,784.6656728337989,1.5462227197872336,0.8598465024996504,20,5,890.4636112812774,8,3,Low,1103.145184527211,501.74622119429773,797.0509762980886
Mine_I_Tirodi,6,2021,1093.863144269792,328.1589432809376,473.85797910682385,0.7672343655695598,5,1,1298.1903922251988,7,4,High,784.6656728337989,1103.145184527211,501.74622119429773
Mine_I_Tirodi,7,2021,1140.5224856887974,342.1567457066392,425.3423486060154,0.7436440175673851,7,1,1390.552716827862,6,3,High,328.1589432809376,784.6656728337989,1103.145184527211
Mine_I_Tirodi,8,2021,718.5301767990745,215.55905303972236,351.48913817832465,0.7489274343234854,13,2,915.0550085989578,6,3,High,342.1567457066392,328.1589432809376,784.6656728337989
Mine_I_Tirodi,9,2021,658.2174409372471,197.46523228117414,509.39454333926,0.6711394654767395,9,2,833.6620120875506,5,2,High,215.55905303972236,342.1567457066392,328.1589432809376
Mine_I_Tirodi,10,2021,644.9261087309118,677.3681386033119,21.498343523397295,0.8675692207525474,21,5,741.3693224039264,7,4,Low,197.46523228117414,215.55905303972236,342.1567457066392
Mine_I_Tirodi,11,2021,749.8882581744555,625.319023307443,33.15593576664587,0.9716715274528707,23,4,920.405457526424,7,2,High,677.3681386033119,197.46523228117414,215.55905303972236
Mine_I_Tirodi,12,2021,663.4498360663231,380.39688282063423,4.322785801039055,0.853915130089747,16,3,858.5340650586817,7,3,High,625.319023307443,677.3681386033119,197.46523228117414
Mine_I_Tirodi,1,2022,1088.25911369979,799.1674358924759,8.190188548314312,0.8629202475689204,17,5,1325.7135120180787,6,3,High,380.39688282063423,625.319023307443,677.3681386033119
Mine_I_Tirodi,2,2022,670.5448943972974,607.5391593051519,30.330217743895737,0.9714873652211371,20,5,871.5179649536615,6,3,Medium,799.1674358924759,380.39688282063423,625.319023307443
Mine_I_Tirodi,3,2022,897.557593236844,574.241191500463,19.760599999783533,0.9106888759080178,24,3,1159.3416523320498,6,2,High,607.5391593051519,799.1674358924759,380.39688282063423
Mine_I_Tirodi,4,2022,1007.6923808041854,708.561456381658,39.13252504974015,0.9565368284704654,20,4,1161.8356261140527,5,3,High,574.241191500463,607.5391593051519,799.1674358924759
Mine_I_Tirodi,5,2022,678.7187875053214,450.53550532333236,33.18469617127834,0.9719862472877903,15,3,752.5845119457169,6,3,High,708.561456381658,574.241191500463,607.5391593051519
Mine_I_Tirodi,6,2022,858.2024868486276,257.46074605458824,409.89072172330236,0.7481484276057657,9,2,944.137290843411,7,4,High,450.53550532333236,708.561456381658,574.241191500463
Mine_I_Tirodi,7,2022,850.0990638257422,255.02971914772263,463.811585630864,0.698248800173395,12,1,1084.8045938800747,5,2,High,257.46074605458824,450.53550532333236,708.561456381658
Mine_I_Tirodi,8,2022,724.6717167872949,217.40151503618847,452.39883115977256,0.7982803163731613,10,2,900.5481273468816,8,3,High,255.02971914772263,257.46074605458824,450.53550532333236
Mine_I_Tirodi,9,2022,708.9758494565275,212.69275483695824,391.24247973602587,0.7507756100619479,12,1,866.0693538620869,7,3,High,217.40151503618847,255.02971914772263,257.46074605458824
Mine_I_Tirodi,10,2022,1100.4905677704955,767.3751395696611,0.502517094990953,0.9630915879766158,21,3,1225.9234516719523,5,3,High,212.69275483695824,217.40151503618847,255.02971914772263
Mine_I_Tirodi,11,2022,848.7981238514767,462.0005629322308,23.841706954390144,0.9695846107382675,18,3,936.9084205755593,6,2,High,767.3751395696611,212.69275483695824,217.40151503618847
Mine_I_Tirodi,12,2022,954.9589896328778,545.6278437790422,33.960572895457226,0.873552189665595,16,3,1100.0125906463404,6,3,High,462.0005629322308,767.3751395696611,212.69275483695824
Mine_I_Tirodi,1,2023,826.9049360447788,658.0762830939874,2.03286256315526,0.9446186195743675,20,3,920.5403690085433,6,4,High,545.6278437790422,462.0005629322308,767.3751395696611
Mine_I_Tirodi,2,2023,826.4739497547274,514.3092551175336,5.801945254279404,0.9331795722551902,16,5,942.5626438058756,5,2,High,658.0762830939874,545.6278437790422,462.0005629322308
Mine_I_Tirodi,3,2023,955.5521253711565,719.7181101452577,14.278112532291377,0.9053091242686228,21,3,1214.548427157115,5,4,High,514.3092551175336,658.0762830939874,545.6278437790422
Mine_I_Tirodi,4,2023,1091.3877658435138,996.2773012211127,6.228743857753494,0.9179803903180064,20,4,1341.981976199493,6,4,Medium,719.7181101452577,514.3092551175336,658.0762830939874
Mine_I_Tirodi,5,2023,930.4019466501077,841.3190938069582,1.754908488708904,0.9437462441501376,16,4,1070.674724132374,7,4,Medium,996.2773012211127,719.7181101452577,514.3092551175336
Mine_I_Tirodi,6,2023,1144.1881882206492,343.2564564661947,491.93886957029804,0.8018754343376151,10,1,1386.227660548278,7,3,High,841.3190938069582,996.2773012211127,719.7181101452577
Mine_I_Tirodi,7,2023,1137.5690392612992,341.27071177838974,467.9148560555979,0.7924872713258004,12,2,1461.1998903980232,5,2,High,343.2564564661947,841.3190938069582,996.2773012211127
Mine_I_Tirodi,8,2023,1110.3572248956948,333.10716746870844,322.3835239286564,0.7944605468732462,6,1,1397.9985429043352,5,4,High,341.27071177838974,343.2564564661947,841.3190938069582
Mine_I_Tirodi,9,2023,735.1120126132835,220.53360378398503,395.21227127281094,0.7930567231613391,7,2,889.8309606365892,7,3,High,333.10716746870844,341.27071177838974,343.2564564661947
Mine_I_Tirodi,10,2023,816.1391524603974,687.832611096028,25.78312478948699,0.9499529389614229,20,5,1012.2805778347479,6,3,High,220.53360378398503,333.10716746870844,341.27071177838974
Mine_I_Tirodi,11,2023,965.2832865104017,784.9911610571027,23.655506622810094,0.9395759323087541,18,4,1211.0614891257421,5,4,High,687.832611096028,220.53360378398503,333.10716746870844
Mine_I_Tirodi,12,2023,1118.2230039549763,893.5287053117914,10.965882659594573,0.8805549770444836,19,5,1400.0706341305747,5,4,High,784.9911610571027,687.832611096028,220.53360378398503
Mine_I_Tirodi,1,2024,1128.6000999510043,915.740192918701,27.529075152309282,0.955395123619774,23,4,1435.9697118433094,7,2,High,893.5287053117914,784.9911610571027,687.832611096028
Mine_I_Tirodi,2,2024,1104.782532456112,866.5498359779627,31.439078978019626,0.874141780877327,22,3,1303.5773234135868,6,4,High,915.740192918701,893.5287053117914,784.9911610571027
Mine_I_Tirodi,3,2024,727.6995004449293,674.0417521689524,10.02156428437274,0.9720432579962927,25,3,854.6991004155968,7,3,Medium,866.5498359779627,915.740192918701,893.5287053117914
Mine_I_Tirodi,4,2024,832.4768670655635,496.836529000501,38.629694174087255,0.9718905154224814,16,4,1034.2242919495307,6,2,High,674.0417521689524,866.5498359779627,915.740192918701
Mine_I_Tirodi,5,2024,1073.2950527361418,998.7640076584546,0.7664790678827549,0.8820146222153306,15,5,1271.639678096909,7,4,Medium,496.836529000501,674.0417521689524,866.5498359779627
Mine_I_Tirodi,6,2024,660.1086586820543,198.03259760461629,449.1262697159935,0.6697449731610613,8,2,831.2283672201562,7,2,High,998.7640076584546,496.836529000501,674.0417521689524
Mine_I_Tirodi,7,2024,652.9237576526118,195.87712729578354,351.1690773789237,0.6876808132877839,10,1,746.9383102774501,5,3,High,198.03259760461629,998.7640076584546,496.836529000501
Mine_I_Tirodi,8,2024,1089.2202723621488,326.7660817086446,509.01630524993897,0.7017355787074293,13,1,1253.6496985506794,7,2,High,195.87712729578354,198.03259760461629,998.7640076584546
Mine_I_Tirodi,9,2024,869.3184769587365,260.79554308762096,385.97956567379504,0.8054669929302218,14,1,1121.727386968599,5,2,High,326.7660817086446,195.87712729578354,198.03259760461629
Mine_I_Tirodi,10,2024,1096.6058129769867,901.0324270882229,27.85297562237296,0.9721704780704985,19,4,1399.9210019625398,5,4,High,260.79554308762096,326.7660817086446,195.87712729578354
Mine_I_Tirodi,11,2024,1096.139453820582,883.2799676581628,30.891053161675718,0.8888051350123846,20,3,1284.2378117701176,8,3,High,901.0324270882229,260.79554308762096,326.7660817086446
Mine_I_Tirodi,12,2024,1017.5823546661566,1207.4130415290053,35.1515168179797,0.9619882132907761,25,4,1181.7125713327703,7,4,Low,883.2799676581628,901.0324270882229,260.79554308762096
Mine_I_Tirodi,1,2025,618.6887979895483,480.62036405226206,12.435370950074311,0.8915429035937512,19,4,726.4248805017047,6,3,High,1207.4130415290053,883.2799676581628,901.0324270882229
Mine_I_Tirodi,2,2025,1056.1674985211703,748.4501457960057,7.2926964027489705,0.8614119615035132,18,4,1349.7232163330827,6,3,High,480.62036405226206,1207.4130415290053,883.2799676581628
Mine_I_Tirodi,3,2025,788.8244557065766,630.5482463748664,27.537881792986752,0.9609108241138844,18,4,1017.6410754550366,7,3,High,748.4501457960057,480.62036405226206,1207.4130415290053
Mine_I_Tirodi,4,2025,1116.7347070876344,902.8988954745938,24.43447655744707,0.8627677313071298,22,4,1425.3785893627144,5,4,High,630.5482463748664,748.4501457960057,480.62036405226206
Mine_I_Tirodi,5,2025,1088.3362469451083,581.4486115253951,21.256322453903547,0.9746048169864977,17,3,1372.5179024916242,6,2,High,902.8988954745938,630.5482463748664,748.4501457960057
Mine_I_Tirodi,6,2025,654.4457900198616,196.33373700595848,485.93700466262834,0.7790254200786244,13,2,727.7490026642922,6,4,High,581.4486115253951,902.8988954745938,630.5482463748664
Mine_I_Tirodi,7,2025,1060.0540723513168,318.016221705395,436.3992031747879,0.7910040444139075,10,2,1288.4377210883472,5,2,High,196.33373700595848,581.4486115253951,902.8988954745938
Mine_I_Tirodi,8,2025,1156.1009520060256,346.8302856018077,440.76379528309894,0.6935563334427343,6,2,1416.8129118934733,6,3,High,318.016221705395,196.33373700595848,581.4486115253951
Mine_I_Tirodi,9,2025,673.5918702590022,202.07756107770066,494.428286511347,0.686893591050108,9,2,817.6912050701438,8,2,High,346.8302856018077,318.016221705395,196.33373700595848
Mine_I_Tirodi,10,2025,831.595067713841,928.9703526910807,28.216477714517385,0.9311453736370624,19,4,1073.8903327058645,8,4,Low,202.07756107770066,346.8302856018077,318.016221705395
Mine_I_Tirodi,11,2025,965.3147645210413,526.8557772130774,32.15662163882618,0.9200245296882832,18,3,1175.1564898291465,6,2,High,928.9703526910807,202.07756107770066,346.8302856018077
Mine_I_Tirodi,12,2025,692.5410053077733,475.3906379872182,9.007052618359603,0.8689989614612331,20,4,881.9195952247892,7,2,High,526.8557772130774,928.9703526910807,202.07756107770066
Mine_J_Sitapatore,1,2016,620.8553188097723,605.9178204806175,38.123294412061,0.9039588605124684,24,3,685.782012926713,7,4,Low,605.9178204806175,605.9178204806175,605.9178204806175
Mine_J_Sitapatore,2,2016,493.5013377607417,262.48081241181734,22.366373737877186,0.8569949897959046,22,4,555.854356472934,5,2,High,605.9178204806175,605.9178204806175,605.9178204806175
Mine_J_Sitapatore,3,2016,640.3796672616777,715.1545753205498,28.32953367785639,0.8789088615882075,23,5,754.3861820095024,7,4,Low,262.48081241181734,605.9178204806175,605.9178204806175
Mine_J_Sitapatore,4,2016,485.24016535644006,336.28803917339815,20.832909886249404,0.8887518465958201,21,3,621.7417080298807,6,3,High,715.1545753205498,262.48081241181734,605.9178204806175
Mine_J_Sitapatore,5,2016,638.4979455989774,535.2186872873114,3.609799564359233,0.9255950690145951,23,4,817.819044970615,8,2,High,336.28803917339815,715.1545753205498,262.48081241181734
Mine_J_Sitapatore,6,2016,467.84199422543446,140.35259826763033,422.018260309832,0.7948311060429472,14,1,568.5360286424146,6,2,High,535.2186872873114,336.28803917339815,715.1545753205498
Mine_J_Sitapatore,7,2016,702.6751131519068,210.80253394557204,337.58767969460644,0.780360756870857,13,1,882.7263948405994,7,2,High,140.35259826763033,535.2186872873114,336.28803917339815
Mine_J_Sitapatore,8,2016,593.7945702591536,179.05866351610572,354.58828646050205,0.7580789040615401,11,2,767.403423665098,6,4,High,210.80253394557204,140.35259826763033,535.2186872873114
Mine_J_Sitapatore,9,2016,655.3904748630684,196.61714245892054,326.5352920557771,0.7645036328252895,8,2,766.410649997218,7,3,High,179.05866351610572,210.80253394557204,140.35259826763033
Mine_J_Sitapatore,10,2016,764.8942501457898,756.0406949089454,30.26389021578238,0.9761052283632541,24,4,949.389193017435,5,4,Low,196.61714245892054,179.05866351610572,210.80253394557204
Mine_J_Sitapatore,11,2016,556.6290300209923,563.8211731821793,35.86848392829238,0.882925567210221,17,5,635.4982089831217,7,4,Low,756.0406949089454,196.61714245892054,179.05866351610572
Mine_J_Sitapatore,12,2016,672.8300617701693,530.7103097644773,10.942808539182902,0.8963041262271789,23,3,855.5793654847059,5,4,High,563.8211731821793,756.0406949089454,196.61714245892054
Mine_J_Sitapatore,1,2017,434.3306062223144,291.67158526543216,25.195773519693432,0.8681851524535662,17,3,541.0421948085487,7,3,High,530.7103097644773,563.8211731821793,756.0406949089454
Mine_J_Sitapatore,2,2017,509.4030821115213,335.80763349645986,3.204165136032233,0.8749937053831148,16,3,654.0663448496949,7,3,High,291.67158526543216,530.7103097644773,563.8211731821793
Mine_J_Sitapatore,3,2017,639.3516729596474,551.1118357885156,1.2574769443687783,0.9233955149579824,25,3,781.923705654319,7,3,High,335.80763349645986,291.67158526543216,530.7103097644773
Mine_J_Sitapatore,4,2017,537.2128025484996,356.59800877488317,15.366826501951628,0.9341334977008406,19,4,656.2571652309173,5,3,High,551.1118357885156,335.80763349645986,291.67158526543216
Mine_J_Sitapatore,5,2017,718.7481698154552,588.7081965761367,14.228582571322486,0.9630006831198872,16,3,930.6113399154771,7,4,High,356.59800877488317,551.1118357885156,335.80763349645986
Mine_J_Sitapatore,6,2017,505.49121825792497,151.6473654773775,391.01209044054434,0.7659034834145875,14,1,574.0075788841405,6,3,High,588.7081965761367,356.59800877488317,551.1118357885156
Mine_J_Sitapatore,7,2017,497.1762152760081,149.15286458280244,378.10155539973516,0.7461587619988412,8,1,618.6007343292557,5,3,High,151.6473654773775,588.7081965761367,356.59800877488317
Mine_J_Sitapatore,8,2017,694.14951709733,208.24485512919898,483.65153902662706,0.7194713983574204,12,2,828.4610187109449,5,4,High,149.15286458280244,151.6473654773775,588.7081965761367
Mine_J_Sitapatore,9,2017,573.6617419106672,172.09852257320014,388.13261987850706,0.7734416205323226,12,2,631.5108397111528,5,4,High,208.24485512919898,149.15286458280244,151.6473654773775
Mine_J_Sitapatore,10,2017,709.0715509986585,414.87959755576065,38.04852891351787,0.9033117318669646,17,4,822.9190606160641,6,2,High,172.09852257320014,208.24485512919898,149.15286458280244
Mine_J_Sitapatore,11,2017,439.7292017444837,327.0129912678851,12.077181389013166,0.9661353771451073,17,5,497.35251172574334,5,3,High,414.87959755576065,172.09852257320014,208.24485512919898
Mine_J_Sitapatore,12,2017,676.5677898263689,789.5014171018961,17.048618581453173,0.8648447097513104,22,5,793.6981667570365,8,4,Low,327.0129912678851,414.87959755576065,172.09852257320014
Mine_J_Sitapatore,1,2018,473.03973329532687,386.70598094707935,31.073260346254564,0.9300465495522157,23,3,580.3217126736762,5,4,High,789.5014171018961,327.0129912678851,414.87959755576065
Mine_J_Sitapatore,2,2018,716.6830838698164,667.6975192205028,7.7264975559061,0.9343187928351071,20,5,820.6530960252836,7,3,Medium,386.70598094707935,789.5014171018961,327.0129912678851
Mine_J_Sitapatore,3,2018,673.1053440707086,432.2192537687182,22.951263657469312,0.8625732109658123,22,5,742.7488857662014,5,2,High,667.6975192205028,386.70598094707935,789.5014171018961
Mine_J_Sitapatore,4,2018,626.8410058996478,495.7850708012317,1.4726908857891186,0.9290938028155821,25,3,793.097862498531,8,2,High,432.2192537687182,667.6975192205028,386.70598094707935
Mine_J_Sitapatore,5,2018,455.89932209372387,513.5696074474954,28.519501297852166,0.8567501801564528,25,5,547.4262697116935,7,4,Low,495.7850708012317,432.2192537687182,667.6975192205028
Mine_J_Sitapatore,6,2018,548.6993270857108,164.60979812571324,439.8586310097949,0.7652654431754299,10,1,709.5755973285917,8,4,High,513.5696074474954,495.7850708012317,432.2192537687182
Mine_J_Sitapatore,7,2018,750.2603089183973,225.07809267551917,459.1677090049574,0.7240856945895608,12,1,935.9702888501492,8,4,High,164.60979812571324,513.5696074474954,495.7850708012317
Mine_J_Sitapatore,8,2018,781.3817787688502,234.41453363065503,354.79582557779025,0.7360952952421751,12,2,951.729546745246,5,4,High,225.07809267551917,164.60979812571324,513.5696074474954
Mine_J_Sitapatore,9,2018,697.4144306318183,209.22432918954547,297.67770113057554,0.6679610754314356,8,2,877.6813190445224,5,4,High,234.41453363065503,225.07809267551917,164.60979812571324
Mine_J_Sitapatore,10,2018,658.900648945225,475.6957479537555,17.981538230942157,0.9022118384036721,15,3,828.3767312899242,7,4,High,209.22432918954547,234.41453363065503,225.07809267551917
Mine_J_Sitapatore,11,2018,401.8090633030761,316.6905171576262,18.746663140633206,0.9441620768272931,15,3,503.43051345242486,7,4,High,475.6957479537555,209.22432918954547,234.41453363065503
Mine_J_Sitapatore,12,2018,696.3853978183043,597.6580133316049,39.59796337719225,0.9480712512264153,21,3,836.7674224332224,6,4,High,316.6905171576262,475.6957479537555,209.22432918954547
Mine_J_Sitapatore,1,2019,695.7028646710851,574.9076950191757,14.882108988775995,0.9578720869697074,16,5,897.5159342394563,5,4,High,597.6580133316049,316.6905171576262,475.6957479537555
Mine_J_Sitapatore,2,2019,449.9295406460336,309.3093230369545,37.73052353888653,0.9160230853680037,15,4,570.6200721597231,7,3,High,574.9076950191757,597.6580133316049,316.6905171576262
Mine_J_Sitapatore,3,2019,750.4457882542576,617.1396203288807,31.775144766602175,0.9181384513333329,18,4,893.2837513339076,7,3,High,309.3093230369545,574.9076950191757,597.6580133316049
Mine_J_Sitapatore,4,2019,621.309283525527,765.8533827055003,14.45565672567199,0.9696141564298282,21,5,796.6691069620174,8,4,Low,617.1396203288807,309.3093230369545,574.9076950191757
Mine_J_Sitapatore,5,2019,589.7933272404905,483.9805185147911,2.328929291592363,0.8788184809460727,23,4,764.1652232903713,8,2,High,765.8533827055003,617.1396203288807,309.3093230369545
Mine_J_Sitapatore,6,2019,557.2966745048124,167.1890023514437,480.94266725240317,0.7555854365240761,7,2,637.7143732678807,5,3,High,483.9805185147911,765.8533827055003,617.1396203288807
Mine_J_Sitapatore,7,2019,732.7135680455358,219.81407041366074,411.67738327258394,0.713554521447632,8,2,927.8094447622268,6,4,High,167.1890023514437,483.9805185147911,765.8533827055003
Mine_J_Sitapatore,8,2019,454.337127746068,136.3011383238204,354.73382296186776,0.7645392751024633,12,1,505.6923893906944,7,3,High,219.81407041366074,167.1890023514437,483.9805185147911
Mine_J_Sitapatore,9,2019,449.46606305800947,134.83981891740282,425.76435410268596,0.7448428472344095,11,2,519.5510021147554,5,4,High,136.3011383238204,219.81407041366074,167.1890023514437
Mine_J_Sitapatore,10,2019,693.4591080428298,639.0962084410228,17.981858610658456,0.9660923414796694,23,3,809.6097662771731,6,4,Medium,134.83981891740282,136.3011383238204,219.81407041366074
Mine_J_Sitapatore,11,2019,405.8072919099563,245.469068810029,10.280247029522114,0.9248213994065222,18,4,506.74234085657525,5,2,High,639.0962084410228,134.83981891740282,136.3011383238204
Mine_J_Sitapatore,12,2019,444.10046634839654,236.90789104907913,13.555860256618804,0.8634618465661353,23,3,514.0822311317546,6,2,High,245.469068810029,639.0962084410228,134.83981891740282
Mine_J_Sitapatore,1,2020,569.8326989068614,408.17708965696164,19.726122706663514,0.9415082624605071,16,5,694.1488449249047,7,2,High,236.90789104907913,245.469068810029,639.0962084410228
Mine_J_Sitapatore,2,2020,765.378012448742,736.6305484018004,21.040873585211415,0.8701161408417226,21,3,990.1871304632277,8,4,Low,408.17708965696164,236.90789104907913,245.469068810029
Mine_J_Sitapatore,3,2020,683.4798656995139,610.2117542127968,26.45647809522763,0.9689655990147439,16,3,754.5354969892974,8,4,High,736.6305484018004,408.17708965696164,236.90789104907913
Mine_J_Sitapatore,4,2020,615.3917033213822,538.598016861687,14.150536600585157,0.8906376785989797,18,3,796.0312978949239,8,4,High,610.2117542127968,736.6305484018004,408.17708965696164
Mine_J_Sitapatore,5,2020,622.8198816194092,461.7126287412961,9.160726100428725,0.8810211775258902,19,5,788.9832233209715,6,3,High,538.598016861687,610.2117542127968,736.6305484018004
Mine_J_Sitapatore,6,2020,606.5922036388458,181.97766109165374,308.1136564298026,0.6540269793465222,9,1,783.0525689918792,6,4,High,461.7126287412961,538.598016861687,610.2117542127968
Mine_J_Sitapatore,7,2020,675.2280180594855,202.56840541784564,453.9300936145697,0.7534349069523179,6,2,774.2364256088224,7,4,High,181.97766109165374,461.7126287412961,538.598016861687
Mine_J_Sitapatore,8,2020,412.77021735872336,123.831065207617,311.01459515769784,0.7800141783457627,12,2,490.2397467442805,7,3,High,202.56840541784564,181.97766109165374,461.7126287412961
Mine_J_Sitapatore,9,2020,426.4429493875342,127.93288481626026,499.1574759358973,0.6587705668697538,12,2,510.2211251016683,7,2,High,123.831065207617,202.56840541784564,181.97766109165374
Mine_J_Sitapatore,10,2020,700.3212138882348,708.9750527608096,20.4667682836171,0.9709703799638306,24,3,846.2880790726955,8,3,Low,127.93288481626026,123.831065207617,202.56840541784564
Mine_J_Sitapatore,11,2020,704.8413819396119,731.7797552742845,37.01457885536511,0.9339535397346648,22,4,901.6439790544202,7,4,Low,708.9750527608096,127.93288481626026,123.831065207617
Mine_J_Sitapatore,12,2020,588.2929544341998,294.3676059990744,31.62546340138393,0.8552349575199264,18,4,711.7729700027564,5,2,High,731.7797552742845,708.9750527608096,127.93288481626026
Mine_J_Sitapatore,1,2021,611.6703050635683,438.3514645992375,21.67028078640465,0.8736539772310544,20,5,715.399735565449,6,2,High,294.3676059990744,731.7797552742845,708.9750527608096
Mine_J_Sitapatore,2,2021,787.8238858154698,408.3802441889158,23.83360253065474,0.8617330936045295,21,3,990.3349862197853,5,2,High,438.3514645992375,294.3676059990744,731.7797552742845
Mine_J_Sitapatore,3,2021,675.1680359245061,467.9068689932832,35.95652351143739,0.8655995019914381,20,4,761.164150847115,5,3,High,408.3802441889158,438.3514645992375,294.3676059990744
Mine_J_Sitapatore,4,2021,439.039580761062,274.148471598518,23.81840314933158,0.8751934623498199,15,4,554.8146130094053,8,2,High,467.9068689932832,408.3802441889158,438.3514645992375
Mine_J_Sitapatore,5,2021,406.2140546078233,279.0932444531714,31.763368278442172,0.9096163505864747,17,3,523.2172958060685,7,3,High,274.148471598518,467.9068689932832,408.3802441889158
Mine_J_Sitapatore,6,2021,797.9512900273165,239.38538700819495,372.7047506046611,0.7196901135400574,14,1,974.5652069442126,5,2,High,279.0932444531714,274.148471598518,467.9068689932832
Mine_J_Sitapatore,7,2021,625.9237969986129,187.77713909958388,393.23199948267796,0.6803603327720503,6,2,737.0283002328671,7,2,High,239.38538700819495,279.0932444531714,274.148471598518
Mine_J_Sitapatore,8,2021,720.6409041494056,216.19227124482168,457.37216687535414,0.7123113505296351,14,2,885.446423210255,5,4,High,187.77713909958388,239.38538700819495,279.0932444531714
Mine_J_Sitapatore,9,2021,575.0151959104645,172.50455877313934,387.74719686519876,0.7665503565738575,13,1,708.835573558438,8,2,High,216.19227124482168,187.77713909958388,239.38538700819495
Mine_J_Sitapatore,10,2021,494.59010178599306,544.9976715213568,22.116570011112774,0.8956667799897531,24,5,637.028157963439,8,3,Low,172.50455877313934,216.19227124482168,187.77713909958388
Mine_J_Sitapatore,11,2021,494.71088900478946,383.69776314390975,4.869005683212966,0.8899600390691238,24,4,610.9956168184428,7,2,High,544.9976715213568,172.50455877313934,216.19227124482168
Mine_J_Sitapatore,12,2021,543.3298697639533,420.4215988054531,39.06274997154103,0.9568386664249457,24,3,705.6908841607049,8,2,High,383.69776314390975,544.9976715213568,172.50455877313934
Mine_J_Sitapatore,1,2022,659.0781470541294,682.7789192917725,11.124997136697615,0.9762007626533418,21,4,827.9679236259486,7,4,Low,420.4215988054531,383.69776314390975,544.9976715213568
Mine_J_Sitapatore,2,2022,778.1881101517472,563.554048980811,29.039400613852173,0.9295520984401298,23,3,959.1465823568142,8,2,High,682.7789192917725,420.4215988054531,383.69776314390975
Mine_J_Sitapatore,3,2022,587.6093758623031,465.10813498638254,27.77127828305513,0.9606890257200661,23,5,728.1474235459543,6,2,High,563.554048980811,682.7789192917725,420.4215988054531
Mine_J_Sitapatore,4,2022,672.8337274302198,507.6842839440762,0.7085080030785784,0.9500232562600217,19,4,776.9779070755192,8,2,High,465.10813498638254,563.554048980811,682.7789192917725
Mine_J_Sitapatore,5,2022,498.1325341796529,323.9746832438775,30.802596785670158,0.9236164268666085,17,3,556.6961975358696,5,4,High,507.6842839440762,465.10813498638254,563.554048980811
Mine_J_Sitapatore,6,2022,463.5447739085424,139.06343217256273,371.75954478774696,0.8192307037000734,7,2,542.8308221539023,6,2,High,323.9746832438775,507.6842839440762,465.10813498638254
Mine_J_Sitapatore,7,2022,538.3517996376551,161.5055398912965,451.0715412511661,0.7623750515985497,13,2,653.6056974663865,5,4,High,139.06343217256273,323.9746832438775,507.6842839440762
Mine_J_Sitapatore,8,2022,675.38120508209,202.614361524627,392.4373384743309,0.6831985193485968,10,1,806.1540678647002,5,3,High,161.5055398912965,139.06343217256273,323.9746832438775
Mine_J_Sitapatore,9,2022,496.95416588260053,160.9982759534065,291.09268599173464,0.7262813889990849,12,2,624.6563160369913,7,3,High,202.614361524627,161.5055398912965,139.06343217256273
Mine_J_Sitapatore,10,2022,724.5063037264424,786.0343375386253,4.652625992658335,0.8666180201977882,21,5,872.3862106332618,7,4,Low,160.9982759534065,202.614361524627,161.5055398912965
Mine_J_Sitapatore,11,2022,598.7497179131415,574.9376309766052,27.098591042817407,0.8536747743755567,23,4,710.7023074907903,8,3,Low,786.0343375386253,160.9982759534065,202.614361524627
Mine_J_Sitapatore,12,2022,728.8638638116993,659.3662326367901,34.31900108498294,0.8895674605141055,24,3,870.6038137128146,6,4,Medium,574.9376309766052,786.0343375386253,160.9982759534065
Mine_J_Sitapatore,1,2023,691.9835075839494,517.0101322555663,12.522911236398247,0.9767826806670692,15,4,817.8110237695382,5,4,High,659.3662326367901,574.9376309766052,786.0343375386253
Mine_J_Sitapatore,2,2023,669.6255274811324,574.8266243707131,35.204489299918116,0.9261566086844695,25,4,753.6734544224664,6,3,High,517.0101322555663,659.3662326367901,574.9376309766052
Mine_J_Sitapatore,3,2023,569.2135671790892,398.0485993639055,36.62003770507417,0.8629591484692278,19,3,682.3651630288069,7,3,High,574.8266243707131,517.0101322555663,659.3662326367901
Mine_J_Sitapatore,4,2023,573.1374270475844,454.5055040249518,7.010967651555147,0.908636942605143,22,4,656.7904217358631,5,4,High,398.0485993639055,574.8266243707131,517.0101322555663
Mine_J_Sitapatore,5,2023,439.7176450438362,291.6550119726926,5.832631650292726,0.9038766178867678,19,3,558.6696269430656,8,2,High,454.5055040249518,398.0485993639055,574.8266243707131
Mine_J_Sitapatore,6,2023,695.3401627292424,208.60204881877272,380.9517313152024,0.7664131739244084,9,2,774.799748153236,5,2,High,291.6550119726926,454.5055040249518,398.0485993639055
Mine_J_Sitapatore,7,2023,480.1655213644822,144.04965640934464,447.7749118529955,0.7135703819267193,9,1,599.9474665665213,5,4,High,208.60204881877272,291.6550119726926,454.5055040249518
Mine_J_Sitapatore,8,2023,783.3956980018255,235.01870940054764,413.29698780420233,0.7490141517729888,13,1,1007.2821793382459,8,2,High,144.04965640934464,208.60204881877272,291.6550119726926
Mine_J_Sitapatore,9,2023,758.1509482151305,227.44528446453913,400.81768764969524,0.6797867674291651,9,1,884.3863112991223,5,3,High,235.01870940054764,144.04965640934464,208.60204881877272
Mine_J_Sitapatore,10,2023,559.3886622080526,273.90795125839384,38.90450477620786,0.9711936536071495,18,3,676.2579848807746,5,2,High,227.44528446453913,235.01870940054764,144.04965640934464
Mine_J_Sitapatore,11,2023,646.624644722241,710.7493054571588,9.230324022740337,0.9366229021637748,19,4,794.6808630730375,8,4,Low,273.90795125839384,227.44528446453913,235.01870940054764
Mine_J_Sitapatore,12,2023,575.7217385355656,451.2791004678039,38.76166029091874,0.915316967290623,23,5,723.4524219950148,6,2,High,710.7493054571588,273.90795125839384,227.44528446453913
Mine_J_Sitapatore,1,2024,561.7828428827837,361.7570821272668,12.836565061734593,0.9716299178431029,16,4,631.8284460596716,5,3,High,451.2791004678039,710.7493054571588,273.90795125839384
Mine_J_Sitapatore,2,2024,766.8998206581339,937.5839731243153,31.386276226925833,0.9394704209472426,21,5,862.9297815214512,8,4,Low,361.7570821272668,451.2791004678039,710.7493054571588
Mine_J_Sitapatore,3,2024,701.2829149023515,738.5799165096304,8.444795579315173,0.9235356206433284,25,5,867.978551155355,5,4,Low,937.5839731243153,361.7570821272668,451.2791004678039
Mine_J_Sitapatore,4,2024,787.8101064095629,665.4671801961296,20.963609896633372,0.8647276703680657,19,4,1023.0138763730255,7,4,High,738.5799165096304,937.5839731243153,361.7570821272668
Mine_J_Sitapatore,5,2024,505.1583376608544,316.41569006112655,12.79172121165194,0.8830269013254203,16,4,599.896770622876,5,3,High,665.4671801961296,738.5799165096304,937.5839731243153
Mine_J_Sitapatore,6,2024,440.2816469868858,132.08449409606573,354.061688983597,0.8105414718863814,12,1,506.60176274444564,8,2,High,316.41569006112655,665.4671801961296,738.5799165096304
Mine_J_Sitapatore,7,2024,626.5525384226688,187.96576152680063,473.6503873419209,0.7037752716835934,11,1,706.8965115644299,7,4,High,132.08449409606573,316.41569006112655,665.4671801961296
Mine_J_Sitapatore,8,2024,550.6075264217427,165.1822579265228,355.56721009729324,0.6661257828393766,11,2,665.1462832442032,7,3,High,187.96576152680063,132.08449409606573,316.41569006112655
Mine_J_Sitapatore,9,2024,403.3356400016031,121.00069200048092,288.67601006820826,0.6651204055299103,8,1,475.1092321578889,7,2,High,165.1822579265228,187.96576152680063,132.08449409606573
Mine_J_Sitapatore,10,2024,434.62943128909876,333.514862118119,3.793196569743147,0.8778601862493781,20,4,536.8558814795813,7,3,High,121.00069200048092,165.1822579265228,187.96576152680063
Mine_J_Sitapatore,11,2024,460.15932369154984,311.8988133835953,6.403353090941328,0.8752443505429355,18,5,526.7846770291591,5,3,High,333.514862118119,121.00069200048092,165.1822579265228
Mine_J_Sitapatore,12,2024,641.887972519158,588.1483197209733,16.965904522006532,0.9063998320434474,18,3,746.7533609804964,8,4,Medium,311.8988133835953,333.514862118119,121.00069200048092
Mine_J_Sitapatore,1,2025,406.31977968159566,279.5918779059458,10.527982523129285,0.8989107106007534,25,3,476.21520742879017,6,2,High,588.1483197209733,311.8988133835953,333.514862118119
Mine_J_Sitapatore,2,2025,785.469983857322,968.0932011717152,10.903894236116077,0.9508823183239424,25,4,908.5843333059161,8,4,Low,279.5918779059458,588.1483197209733,311.8988133835953
Mine_J_Sitapatore,3,2025,427.63839509175017,259.25025539482465,0.2949510605320027,0.8786579680485784,16,3,483.4276680429644,8,2,High,968.0932011717152,279.5918779059458,588.1483197209733
Mine_J_Sitapatore,4,2025,556.4619691451885,410.19882837096867,26.97228048744211,0.9221076141729764,20,4,633.7744183175654,7,2,High,259.25025539482465,968.0932011717152,279.5918779059458
Mine_J_Sitapatore,5,2025,601.2803456025264,382.05793606444547,15.676942415340953,0.8947437627053471,15,4,744.6439904577645,6,3,High,410.19882837096867,259.25025539482465,968.0932011717152
Mine_J_Sitapatore,6,2025,550.2673094943304,165.08019284829913,437.69743626851607,0.6565702814500838,11,1,688.9533132318961,8,3,High,382.05793606444547,410.19882837096867,259.25025539482465
Mine_J_Sitapatore,7,2025,619.3000033957776,185.79000101873328,453.5644728883553,0.7910961929571256,5,1,694.4122801046069,8,3,High,165.08019284829913,382.05793606444547,410.19882837096867
Mine_J_Sitapatore,8,2025,666.2250109710296,199.86750329130888,440.0902820910809,0.7870326096212261,7,1,853.253942264552,5,4,High,185.79000101873328,165.08019284829913,382.05793606444547
Mine_J_Sitapatore,9,2025,761.2030129642051,228.36090388926152,345.85445638798933,0.7742458627278153,5,2,896.8397088499003,7,3,High,199.86750329130888,185.79000101873328,165.08019284829913
Mine_J_Sitapatore,10,2025,400.8982045474456,419.85574711231936,28.79674098830143,0.8666807089876213,18,5,448.58568519653824,8,4,Low,228.36090388926152,199.86750329130888,185.79000101873328
Mine_J_Sitapatore,11,2025,588.8075414314337,593.7872976782882,28.816392279600386,0.9431692239284342,19,3,653.8121820374171,8,4,Low,419.85574711231936,228.36090388926152,199.86750329130888
Mine_J_Sitapatore,12,2025,744.3507299177634,497.0994202308329,30.492187876747362,0.9077127454927217,17,3,867.6041704551807,8,2,High,593.7872976782882,419.85574711231936,228.36090388926152
