latitude,longitude,B02,B04,B08,B11,B12,ndvi,iron_oxide_index,clay_index,rock_type,fault_distance_km,shear_zone_proximity_km,elevation_m,slope_deg,rainfall_mm,soil_moisture,mn_occurrence,vegetation_masked
21.0,79.0,0.0849014245903369,0.1228245198887812,0.2076240317977296,0.3507985654970339,0.1160752634756389,0.2566194085296941,1.4466720710136736,3.0221647118504342,Deccan_basalt,11.236203565420874,16.55037844212606,357.4542081109768,17.398492661870648,814.3636257013713,0.386652875091774,0,False
21.0,79.01,0.0657320709648644,0.1385473864213143,0.205558589161615,0.2382291124892716,0.1345450268473172,0.1947400146344653,2.1077593353873763,1.7706274092356689,Gondwana_sediment,28.521429192297486,15.290555893094353,389.3742637500086,16.54652674157575,847.1857752878022,0.24961091420974432,0,False
21.0,79.02000000000001,0.0891906561430206,0.0863876646726669,0.0722356827369994,0.2821392231394761,0.1197709469477426,-0.0892175216186576,0.9685730356920312,2.3556566103381558,Gondwana_sediment,21.959818254342153,11.470579029111466,541.8189572808722,23.864037422403225,800.0,0.38461565095524375,0,False
21.0,79.03000000000002,0.1153308956922405,0.0749705306196897,0.2196909808298576,0.2360878420569832,0.1549809023473057,0.4911413419727644,0.6500472410683704,1.5233350582485756,Gondwana_sediment,17.959754525911098,19.12094287223866,336.00175442395687,14.164050728647643,800.0,0.28701394144617337,0,False
21.0,79.04000000000002,0.0624953987582996,0.0558739789376877,0.3268829081821763,0.1820866633148457,0.2091389265730952,0.7080445533271753,0.894049481376618,0.8706493153207444,Gondwana_sediment,4.680559213273096,4.009490310568056,547.8598739248685,19.322740556587526,830.6730082835918,0.31327094896077884,0,True
21.0,79.05000000000003,0.0623758912915242,0.0660835788008413,0.1270767880923227,0.0715658845843753,0.1105478921429393,0.3157646169394572,1.059441032851049,0.6473744829716209,Gondwana_sediment,4.679835610086079,2.1852842061924282,235.2537723906766,8.080782189487515,800.0,0.24566445943076362,0,False
21.0,79.06000000000003,0.1166563844652213,0.2,0.3602482651050619,0.2425818980925402,0.1989610248884201,0.2860308100131428,1.7144368115418671,1.2192433071083089,Gondwana_sediment,1.7425083650459838,17.079239339108444,510.7193748834523,22.624752628699945,841.5249066992976,0.2770083691783626,0,False
21.0,79.07000000000004,0.0921830418745868,0.1485271832294708,0.305077482108437,0.1736075376778315,0.1096563963826549,0.3451249751318877,1.6112202423349955,1.5831957208742689,Gondwana_sediment,25.985284373248057,8.782996332674966,539.0190532218945,22.792438852298627,800.0,0.274854517498099,0,False
21.0,79.08000000000004,0.0549557684219509,0.0578721329571819,0.1837766678028999,0.205891825882113,0.106178639375155,0.5210228000205079,1.0530674852461777,1.9391077800567411,Gondwana_sediment,18.033450352296263,16.93937708414121,272.7270611349355,13.725607357900326,800.0,0.24771525145610437,0,False
21.0,79.09000000000005,0.0851968013075784,0.0454816817302563,0.2439470362662193,0.1923708920814607,0.1893097309171598,0.6857141055014735,0.5338425971260783,1.0161701199819646,Gondwana_sediment,21.242177333881365,17.861804103908298,372.13861294888017,16.312324665611015,800.0,0.2895541021314564,0,False
21.0,79.10000000000005,0.0548974692156255,0.1527170352093603,0.4188321807641079,0.4189683581563716,0.1942968189003799,0.4656032027879476,2.781859293573891,2.156331536007043,Gondwana_sediment,0.6175348288740734,1.2491518723814288,266.19990986546225,9.158259129655608,800.0,0.2796492054096614,0,False
21.0,79.11000000000006,0.0547081073928916,0.1199105918951176,0.3332547813505916,0.3950386279577764,0.1905904968381317,0.470786609048169,2.1918248937910705,2.072708945640723,Gondwana_sediment,29.09729556485983,17.669295259721213,482.6416515976871,18.517940541129025,800.0,0.39253905712178666,0,False
21.0,79.12000000000006,0.0758188681469803,0.1197953534126934,0.2616783654898203,0.2416045556269862,0.0820501295890918,0.3719339105407465,1.5800203324383528,2.9445968768420654,Gondwana_sediment,24.973279224012654,8.966381107388443,414.13910722466267,17.46163091540742,800.0,0.24170129071597693,0,False
21.0,79.13000000000007,0.0110415926602652,0.0874617682578508,0.2379316683039075,0.193566294326177,0.1243624510963962,0.4624245085879462,5.0,1.5564689539649903,Gondwana_sediment,6.370173320348284,10.208649780084645,454.1293386833284,14.293967646471806,837.0508475668224,0.31902859367498776,0,False
21.0,79.14000000000007,0.0165724650246081,0.0924618295998827,0.2702609070451724,0.1433941507784131,0.1886294296001647,0.4901790250062497,5.0,0.7601897063800954,Gondwana_sediment,5.454749016213018,12.531850221864204,278.59478678248445,14.954999887182822,800.0,0.3123923140950912,0,False
21.0,79.15000000000008,0.0513313741227699,0.1435397352562848,0.2123236442057765,0.309957373569867,0.1493770920281933,0.1932874043801297,2.79633532960457,2.074999380118244,Gondwana_sediment,5.502135295603015,18.527652134601734,284.6983448209678,12.745924506962107,807.5237249386951,0.24930536941941878,0,False
21.0,79.16000000000008,0.0376950663899663,0.1005557202517317,0.0539250494281059,0.3500033920045576,0.0934353576901253,-0.3018542106573056,2.667609573748801,3.745941582315509,Gondwana_sediment,9.127267288786133,0.3823218885952806,216.59893020396254,11.47902461926285,807.8817279220472,0.3372970227434096,0,False
21.0,79.17000000000009,0.0773874199778571,0.02,0.4695177910534809,0.2075861729082364,0.1698558969562705,0.9182869329309858,0.2584399373939408,1.222131091742234,Gondwana_sediment,15.742692948967136,9.536869366356342,328.8270140782919,10.539917704977157,809.7477546206094,0.28373905733864707,0,True
21.0,79.18000000000009,0.0405992777343625,0.0875680147769906,0.2817324999199484,0.0580702771472715,0.1110196370504248,0.5257628336903882,2.1568860198511817,0.5230631142181618,Gondwana_sediment,12.958350559263472,13.754440848611214,423.89786453346994,20.151541342938426,800.0,0.17538051742084662,0,False
21.0,79.1900000000001,0.02535088895994,0.0625237426295857,0.3069147265122625,0.2712034770270837,0.2363062424196088,0.6615201291414222,2.4663333298391805,1.1476780051825295,Gondwana_sediment,8.736874205941257,14.454139153964569,543.1739655989315,25.0,825.5300345205156,0.34256624355042165,0,False
21.0,79.2000000000001,0.1115694630676453,0.1034084567563386,0.2622092250123183,0.2929779798015004,0.223642073120911,0.4343355809389619,0.9268526872891384,1.3100306913721915,Gondwana_sediment,18.355586841671386,13.85064863074216,466.7709789834723,16.807034080223378,800.0,0.2441529557948818,0,False
21.0,79.21000000000011,0.0607067109854026,0.26,0.1953883199275508,0.1352289662075849,0.1764248713177764,-0.1418826026731211,4.282887268167602,0.766496045148651,Gondwana_sediment,4.184815819561255,2.688702588162437,374.15852935990057,17.132742313136724,869.9708963326941,0.2738503388178053,0,False
21.0,79.22000000000011,0.0693858461406363,0.1107392666189701,0.251207551905133,0.2357538928564033,0.2140903352384866,0.3880909516490184,1.5959921600569145,1.101188862559655,Gondwana_sediment,8.764339456056545,5.987911767433625,581.2480457576551,24.220888462610215,800.0,0.3343951041446199,0,False
21.0,79.23000000000012,0.0244975544135948,0.0833188125531019,0.1107605237805794,0.2546858211295233,0.1490995675061669,0.1413942964343066,3.401107343464193,1.708159354306466,Gondwana_sediment,10.99085529881075,7.17431050834027,487.6980802303327,17.23188564643404,800.0,0.2826419258790775,0,False
21.0,79.24000000000012,0.050788518264243,0.1325520600790878,0.4993086498053415,0.2176824888593706,0.1839518747187485,0.5804389858886644,2.609882397601292,1.1833665140616667,Gondwana_sediment,13.682099526511077,16.0887441535901,572.06608114502,24.821854658079573,809.4036678495886,0.34941498297117074,0,False
21.0,79.25000000000013,0.0703276776912944,0.1148075154883662,0.1490488001577719,0.1671460356640214,0.2193860147651014,0.1297724656412998,1.6324656108946305,0.7618809966843058,Gondwana_sediment,23.555278841790408,5.5751974482910605,411.0351893088663,18.79367263087746,800.0,0.36050830476826595,0,False
21.0,79.26000000000013,0.0323501926773293,0.1121237796180712,0.170203371615294,0.2933156056494449,0.1575949340897132,0.2057173450124311,3.4659385305625268,1.8611994551573008,Gondwana_sediment,5.990213464750792,4.214099277344063,303.5617099172558,11.446151474547966,833.2667267254437,0.2802285995059265,0,False
21.0,79.27000000000014,0.0780309405503685,0.1552382308472116,0.2302740795613723,0.2323961013386256,0.1323806414242833,0.194639306369154,1.9894445658778372,1.7555142403203714,Gondwana_sediment,15.427033152408349,19.148960380761924,221.13067454588878,11.545611146589145,910.4802788021188,0.3810932293485461,0,False
21.0,79.28000000000014,0.0486208393024341,0.2303882653711328,0.4040075724852506,0.1411643623332005,0.0597289020911416,0.2736766175411994,4.73846745968764,2.363417996223219,Gondwana_sediment,17.772437065861276,0.177265702269378,490.43394059354017,17.101220711152443,800.0,0.2622269599303559,0,False
21.0,79.29000000000015,0.0577691875061999,0.0495444625869607,0.2775508999262787,0.0778367860031178,0.1406233237139226,0.6970641085147847,0.8576278227191738,0.5535126314189107,Gondwana_sediment,1.3935123815999317,19.956417113639564,248.52119920221367,7.365537673859615,816.6186166611992,0.4178877771045585,0,False
21.0,79.30000000000015,0.0483488016331162,0.147608867994192,0.1533864203969675,0.3711113596799364,0.1857711592281128,0.0191948267088745,3.0529995098738536,1.997680162099177,Gondwana_sediment,18.22634555704315,13.536425977147912,321.11005130878686,13.652780262376957,800.0,0.26535214977343924,0,False
21.0,79.31000000000016,0.1218483455352662,0.0573647548007356,0.4033338360757482,0.2638664783529735,0.1917016713783786,0.7509662240158066,0.47078813012733,1.3764432845998116,Gondwana_sediment,5.115723710618746,16.56938598898234,412.98836315355896,17.258619020676164,822.6952614720674,0.35981509510002546,0,True
21.0,79.32000000000016,0.06575508325786,0.1164605058536869,0.3519000626785629,0.2265581482990369,0.1694582532859175,0.5026886817402848,1.7711255146597864,1.3369555260497248,Gondwana_sediment,1.9515477895583855,5.892387926923863,425.76663511189906,16.307129486147584,800.0,0.34218950129407877,0,False
21.0,79.33000000000017,0.0343086721313209,0.0573125395405531,0.3335434957216605,0.1892807754204387,0.1169950452518849,0.7067332500702433,1.6704971604302308,1.6178529171995326,Gondwana_sediment,28.466566117599996,0.28630555334119956,440.2332787948544,19.962242155062704,800.0,0.31580439110544667,0,True
21.0,79.34000000000017,0.0905963473630935,0.0771853274557935,0.3521734241170997,0.1827701110057759,0.0450389215526173,0.6404623070797582,0.8519695287631399,4.058048112596289,Gondwana_sediment,28.96896099223678,14.757390371230601,266.50213213988025,12.166044134260241,800.0,0.2664728419291658,0,False
21.0,79.35000000000018,0.0291746905008671,0.0818964034304805,0.5,0.1441984346090818,0.11893924509976,0.7185189563516844,2.807104436886342,1.2123705204863091,Gondwana_sediment,24.251920443493834,16.682891940013516,351.89496192865954,16.378568222228846,836.6075613027368,0.3061579608914558,0,True
21.0,79.36000000000018,0.0719459078501404,0.132552668773785,0.5,0.1889981048808025,0.1283027564472991,0.5808960254336272,1.8423934390493195,1.4730634786566563,Gondwana_sediment,9.13841307520112,14.809522639070384,446.87769084678666,18.373630914578243,850.3652178736631,0.21120755105539607,0,False
21.0,79.37000000000019,0.01,0.1300781777576931,0.2146284656996875,0.070493894941582,0.1276935516404958,0.2452818636433386,5.0,0.5520552446128424,Gondwana_sediment,2.930163420191516,2.857005746016772,587.927545853514,25.0,801.1692607329254,0.3116594746939595,0,False
21.0,79.3800000000002,0.0255944185330447,0.0433313049421411,0.4465884992811327,0.1670755442571981,0.1740878178488927,0.8231085797725827,1.6929982104065615,0.9597199058824828,Gondwana_sediment,20.526990795364707,15.06855844513938,491.0524550798755,19.56921835560149,800.0,0.31748076655141927,0,True
21.0,79.3900000000002,0.0712258370760713,0.0951773644399903,0.3234168189759079,0.1965343738554174,0.2422638205507384,0.5452523315514464,1.3362758264913128,0.8112411227046271,Gondwana_sediment,13.204574812188039,15.378455642152819,569.0415028375832,25.0,879.4761518051931,0.336478527880016,0,False
21.0,79.4000000000002,0.0873539973998598,0.0837418475530382,0.3359095816137933,0.3128299239639878,0.1489764600920509,0.600898070337362,0.9586492885248052,2.099861438248079,Gondwana_sediment,3.6611470453433648,13.170810313401098,504.8848233256708,19.411776098325646,800.0,0.15133469143537212,0,False
21.0,79.41000000000021,0.0702210484356966,0.0422798035729828,0.117672916835686,0.2149051475638582,0.1317834105421731,0.4713462392070857,0.6020958737391977,1.6307450726661084,Gondwana_sediment,14.855307303338105,15.322318655911724,436.6867875569602,22.405877673789966,800.0,0.23671817774550943,0,False
21.0,79.42000000000021,0.0614905515283502,0.0837593179830213,0.2707614234611997,0.2730446179712827,0.1294789093497915,0.527478602982818,1.362149399622626,2.1087960898926337,Gondwana_sediment,1.0316556334565519,16.918428793554643,276.8093476545378,11.603498713117894,822.9194504978534,0.27119024479426185,0,False
21.0,79.43000000000022,0.0558068891323187,0.0799206884617632,0.2074176409663633,0.3115394573579335,0.1484792383453817,0.4437171772870623,1.432093592048486,2.098202150144605,Gondwana_sediment,27.279612062363462,12.272082284749168,466.67426075700524,16.693739085737732,800.0,0.3145829466594523,0,False
21.0,79.44000000000023,0.0203643402889744,0.1891486594538168,0.3724058814893511,0.2908719065676803,0.1006653119825759,0.3263391329631272,5.0,2.889494906935544,Gondwana_sediment,7.7633994480005075,1.7720942793935812,449.3518263839628,21.459151466975655,849.4304396749587,0.3330033601602587,0,False
21.0,79.45000000000023,0.0430046737481559,0.1092183930144237,0.3976080500403012,0.249435689316492,0.1479099279372986,0.5690106759836866,2.539686579185786,1.6864026142558295,Gondwana_sediment,19.87566853061946,9.752556193344217,440.9876681829066,18.626288951077694,800.0,0.29148881040144103,0,False
21.0,79.46000000000024,0.0506608368712035,0.0366152999698262,0.08395136489839,0.2170303875426478,0.1642606168165857,0.3926132064865728,0.7227535540054147,1.32125637670568,Gondwana_sediment,9.351332282682328,1.5529866934321013,395.9143471952963,18.19867932989782,830.1856620272098,0.34308190009040146,0,False
21.0,79.47000000000024,0.0960736667865645,0.0689490398331579,0.2900965135995946,0.1472448394110436,0.15202430317872,0.6159315206399382,0.7176684524237741,0.9685611855170696,Gondwana_sediment,15.602040635334324,8.150860620648617,411.46264159571024,19.591988570239778,870.0750173276078,0.27496601273270793,0,False
21.0,79.48000000000025,0.0745485486870509,0.171879931362323,0.4053861504794473,0.3208753003158537,0.1642370967002346,0.4045036187327535,2.305610694760816,1.9537321748090912,Gondwana_sediment,16.40130838029839,8.142129782512553,333.7770108472416,14.58328656025845,800.0,0.3305117502846998,0,False
21.0,79.49000000000025,0.0112287953391149,0.2271330241892302,0.275432103768678,0.3994587801065994,0.1628673804674222,0.0961051153033493,5.0,2.4526628887558943,Gondwana_sediment,5.545633665765811,1.3201968828048316,407.72507705692124,15.804063187746086,800.0,0.32373710524199456,0,False
21.01,79.0,0.0796425190818438,0.0364406675104816,0.3235063645002365,0.2537474227755292,0.0612851658876777,0.797522055693613,0.4575529238003946,4.1404378806210405,Gondwana_sediment,29.087538832936758,6.976410679389586,279.02236227139133,13.577358516646473,812.2164463671493,0.32345890402957644,0,True
21.01,79.01,0.0582475315875104,0.024503024594438,0.286616546762709,0.3637081403898284,0.18154350791977,0.8424848393196435,0.4206706084284097,2.0034213525840903,Gondwana_sediment,23.253984700833435,2.2199619758262967,522.0697589441506,21.754417637582133,892.8775659517197,0.32572706567761206,0,True
21.01,79.02000000000001,0.0493723399908211,0.174358607014871,0.2865660231952636,0.1224099804357237,0.1159692577168771,0.2434398354995553,3.531503807478762,1.0555381895175788,Gondwana_sediment,28.184968246925674,16.164704200184442,274.3107818794831,12.801331548861967,800.0,0.39153719124156305,0,False
21.01,79.03000000000002,0.0879102886652258,0.1149245670948358,0.2261685021931717,0.1481085630654316,0.0945480418498018,0.3261395351653752,1.3072937048558066,1.5664900087943288,Gondwana_sediment,26.844820512829465,18.953760519289414,233.98651595578656,5.441977017241517,800.0,0.32465978442449395,0,False
21.01,79.04000000000002,0.1003699856748782,0.0644282907249449,0.1325419195864309,0.2884641055423777,0.0939374086072497,0.3458067528040378,0.6419079391866449,3.0708118257909214,Gondwana_sediment,17.936999364332554,1.4463295051587721,374.498410542863,16.498063873305664,839.9070287777929,0.2665483426289944,0,False
21.01,79.05000000000003,0.0972584035734856,0.156474712478366,0.1429469852574996,0.2961603776528721,0.170657080523626,-0.0451795154414022,1.6088554466067575,1.7354121878249875,Gondwana_sediment,27.656227050693506,19.10230414583403,463.32297580242476,18.027952341477636,800.0,0.3124152737867992,0,False
21.01,79.06000000000003,0.0440234743033204,0.02,0.3269352514455345,0.3199647523600256,0.1376712536387568,0.8847047109747217,0.4543030796881288,2.324121729632728,Gondwana_sediment,2.6547750615575847,10.451531986734903,375.08672997341654,18.935233023249417,823.6262941448833,0.3464840291580422,0,True
21.01,79.07000000000004,0.0598036287244631,0.1283815263430515,0.2588458255518916,0.2719403821789525,0.0645215608007288,0.3369191213810327,2.146717997997741,4.214721069711146,Gondwana_sediment,5.879485872574356,5.9913135590774775,310.70165278052343,14.192076894966668,800.0,0.2705945700537845,0,False
21.01,79.08000000000004,0.0788979029421064,0.1115528469137226,0.2439487755392813,0.1666417204230155,0.1723418907596134,0.3724200403777872,1.4138886156985553,0.9669252181917792,Gondwana_sediment,1.356818667316142,1.5372415055232702,423.26847355617633,18.115901889872607,926.7164971278323,0.40198229876949204,0,False
21.01,79.09000000000005,0.0981063538136702,0.1352308055815123,0.2163109957677689,0.2121484730456456,0.0762795934600577,0.2306416757608681,1.3784102679069106,2.7811956402024243,Gondwana_sediment,9.759909922897931,10.012485361408356,338.80093416488,15.089325576903777,800.0,0.3191016852858005,0,False
21.01,79.10000000000005,0.0543447728646406,0.0575241619082975,0.2290811154519295,0.119512122035337,0.1550710679259095,0.5985826746244732,1.0585040431712822,0.7706925834506325,Gondwana_sediment,11.660318690684461,15.890310889814973,573.1470760506533,21.884246463023782,800.0,0.18287608311673265,0,False
21.01,79.11000000000006,0.0630302307000848,0.1013274864561333,0.3651911794488191,0.1474986528832058,0.1598249462836516,0.5656015765720395,1.6076013869839267,0.9228762857153902,Gondwana_sediment,8.140470953216877,14.141729545333963,569.0580558414288,25.0,814.3759482078977,0.3203745794448579,0,False
21.01,79.12000000000006,0.0352899507798184,0.0607030149576153,0.2278755918132029,0.2942710798542588,0.1919988540847511,0.5792964997243266,1.7201218319725742,1.5326710208962817,Gondwana_sediment,24.86212527455788,1.0045202292794753,400.9487279888382,20.688937836368734,911.6344067178422,0.3215614447985551,0,False
21.01,79.13000000000007,0.032473801277579,0.1400819552950629,0.1281935286698492,0.3443941428154448,0.2366242393233413,-0.0443142490885868,4.313691325087056,1.4554474370619894,Gondwana_sediment,10.702599800807679,1.4580367073580702,331.15359760730337,14.583893588067406,800.0,0.3268589907270868,0,False
21.01,79.14000000000007,0.092615774671825,0.0615461471054777,0.3375651775540239,0.2510102999364232,0.0791261837049716,0.6915840601989207,0.6645320114970401,3.17227860445169,Gondwana_sediment,8.428035290621423,8.057465652652741,494.85296558265566,23.799680703091262,915.1852067739401,0.3904051945528183,0,False
21.01,79.15000000000008,0.1088072008571237,0.0808559664335897,0.2436123336135352,0.1048245735327647,0.1445563071968461,0.5016094549333361,0.7431122731063695,0.7251470066782192,Gondwana_sediment,16.280882494747456,5.9058098809588655,214.68517739322667,7.806919327372711,853.8588410551037,0.32995516775275474,0,False
21.01,79.16000000000008,0.0658396963525889,0.0571673842083893,0.268139586553285,0.1999117497140953,0.1331832352477876,0.6485326821803777,0.8682814060291948,1.5010278823160914,Gondwana_sediment,4.22772674924288,4.647686461120957,389.9076024174605,14.65192296827756,836.8547662211648,0.3970831490301716,0,False
21.01,79.17000000000009,0.0979859869367596,0.1228654496729447,0.426657830639959,0.1389500077937938,0.1685074842980465,0.5528289551968557,1.253908373927503,0.8245924997940602,Gondwana_sediment,24.06590942262119,5.620089978174272,334.5293577081334,14.020572735296735,800.0,0.2910646557718252,0,False
21.01,79.18000000000009,0.0786090807514279,0.1309780446662649,0.2647439442649577,0.3067573277651408,0.1574234385466792,0.3380299889985101,1.666194837131031,1.9486128012590689,Gondwana_sediment,2.236519310393125,16.069654865937693,568.2143540410218,24.545480161778375,844.5570621019062,0.34794978944090854,0,False
21.01,79.1900000000001,0.0482864073618451,0.0870751772017016,0.2966183673118813,0.1832394506506149,0.1288326878631672,0.5461212289125431,1.8033061844683032,1.4223055774711646,Gondwana_sediment,29.60660809801552,18.58456107263708,204.801210909073,7.7454104253918015,800.0,0.34024712868186735,0,False
21.01,79.2000000000001,0.0783618681652511,0.0978095197983992,0.1507076508701767,0.1477976602452884,0.1242348905694553,0.2128550349586799,1.248177486878168,1.1896630604241862,Gondwana_sediment,23.167343078899723,8.102053890551328,421.1259502873396,18.622450976042785,879.3330626599231,0.3248826000528346,0,False
21.01,79.21000000000011,0.1135410969939777,0.0381563434146562,0.2475330547649137,0.2255857315584964,0.0902774572407956,0.7328823281897409,0.3360575544119884,2.4988046651216,Gondwana_sediment,5.961470446025173,18.122220042649943,496.2654324266504,21.29050531525726,800.0,0.3389387153988891,0,True
21.01,79.22000000000011,0.0662052188267001,0.0839329340797264,0.3313526045208704,0.1783891880215737,0.1953130791203234,0.5957820520678495,1.2677691493272432,0.9133499340325356,Gondwana_sediment,0.16566351370807197,6.42991402495764,394.0071950096165,14.420352908151914,810.3420752771983,0.2741446288708409,0,False
21.01,79.23000000000012,0.1140993096744187,0.093731815318328,0.1157626266158864,0.3267620737142559,0.1687002090799743,0.1051617937146051,0.8214932719894761,1.936939351187505,Gondwana_sediment,24.463842853645026,9.528739726875832,234.16121206508865,10.794303204282137,800.0,0.27887157904893906,0,False
21.01,79.24000000000012,0.01,0.26,0.2922845093115821,0.2053958846071235,0.1914484098897546,0.0584563006229865,5.0,1.0728523920262136,Gondwana_sediment,21.205720315428515,4.520579956319994,588.9845560111609,25.0,800.0,0.23437556548318436,0,False
21.01,79.25000000000013,0.0915770751312551,0.0509013189690311,0.2831791072644922,0.1243540218542719,0.129860193176222,0.695275059495915,0.5558303630083457,0.9575992358933422,Gondwana_sediment,21.87021504122962,12.809520843516879,407.2041725504392,17.30977915811575,853.0659908453982,0.33197020238552666,0,False
21.01,79.26000000000013,0.0694114120471435,0.153767089550095,0.278128745558756,0.0712960538969698,0.112358226565276,0.287943633326595,2.2152998302948808,0.6345423562919552,Gondwana_sediment,23.138110400578373,19.57962230349618,445.67449772760455,20.875066945173575,842.7729373704842,0.3323024353066488,0,False
21.01,79.27000000000014,0.0577097794860223,0.1348943509386298,0.3786158898658368,0.2195449448310567,0.091104246668536,0.474618653170247,2.33746085856308,2.409821195150687,Gondwana_sediment,2.2213395520227106,12.069861920867574,294.64391308300293,9.842022124797884,876.4505099450523,0.3876320991583561,0,False
21.01,79.28000000000014,0.0693128232960633,0.1060654561796028,0.3092438514848651,0.1820648920299408,0.1627858791870303,0.4892218679107709,1.5302429043112231,1.1184317265560666,Gondwana_sediment,10.753971856328178,7.156281682270977,393.39923404272156,17.327535596043766,800.0,0.33955700021779417,0,False
21.01,79.29000000000015,0.01,0.1650048193678026,0.4245071898356579,0.1210766775441746,0.0926703387735855,0.4401986157575839,5.0,1.3065310758099098,Gondwana_sediment,3.4760717857538914,12.956348919810567,371.6597967833287,13.145263453178481,869.2085351170547,0.3117134228365238,0,False
21.01,79.30000000000015,0.0597298433648727,0.1421734845755532,0.1782410484406102,0.3648550227454804,0.2369131534483247,0.1125653181654561,2.380275526072084,1.540037002086752,Gondwana_sediment,25.893102776267806,2.4584135693077513,229.9583368007935,7.353434650233554,941.2724452678472,0.2940681826087288,0,False
21.01,79.31000000000016,0.0769133771453504,0.1098663678267142,0.2920924567218491,0.2672071603200421,0.0789178709453251,0.4533451630386693,1.428442902412738,3.3858891120691337,Gondwana_sediment,18.698943804826737,17.773181605307972,242.46414141898688,8.840810891648873,800.0,0.3216425201259987,0,False
21.01,79.32000000000016,0.1104168213422435,0.0919951738792952,0.2878466786390095,0.2182247484743889,0.1578030059606221,0.5156132832906157,0.833162671028488,1.382893481703099,Gondwana_sediment,9.926940745579476,10.061679015596727,534.9890078475098,20.407088293164417,910.757430605451,0.39707169509777623,0,False
21.01,79.33000000000017,0.0504118934517885,0.1857475818857646,0.1733745506245072,0.3784834045103467,0.2222827353606862,-0.034453546962768,3.6845983913487537,1.7027116556125284,Gondwana_sediment,1.906750508580709,8.98699484079284,295.9279808826361,11.234340899294228,802.8419363970112,0.33882497483907636,0,False
21.01,79.34000000000017,0.0415851919132022,0.1376187693524322,0.3768295002091504,0.2659775223378976,0.1737144879631872,0.4649850042533474,3.3093214841653644,1.5311188220590466,Gondwana_sediment,9.329469651469866,11.717295769070384,277.98330859945224,11.154337236888134,800.0,0.3542238762428644,0,False
21.01,79.35000000000018,0.0506672886924617,0.0891187810501927,0.5,0.1940401042724452,0.1523636856245857,0.6974505517335648,1.7589017130013045,1.2735324913522648,Gondwana_sediment,9.75549966080241,12.495677255788049,401.9645805000557,18.42283316016509,800.7183778796627,0.28967491514496135,0,False
21.01,79.36000000000018,0.09306206353106,0.0406301122160459,0.2812993925516335,0.1462545885206408,0.0949758176519018,0.747583793024837,0.4365915672912871,1.539913969497905,Gondwana_sediment,21.88818535014192,1.4355161245302606,507.49885254500515,20.503467445297144,868.4101983837663,0.3023228759851301,0,True
21.01,79.37000000000019,0.0753425332897882,0.0851007745041702,0.3344021088273938,0.2759587081117646,0.0741315405716113,0.5942779994357141,1.1295183567016165,3.7225546051202314,Gondwana_sediment,19.126724140656393,13.652344424468048,224.77860743159516,6.1945238961106135,800.0,0.26315493238841003,0,False
21.01,79.3800000000002,0.0494671938869864,0.0610384574240906,0.2932518475815503,0.2461456869527087,0.1815425054458757,0.6554325275376055,1.233917926295723,1.355857055142977,Gondwana_sediment,26.616382277289794,4.838633606310592,430.72316785530234,20.226934353627918,800.0,0.2972051766693202,0,False
21.01,79.3900000000002,0.0806380229933982,0.0903190170153822,0.2143415330093004,0.2299823437579403,0.2181673620387437,0.4070842645795851,1.1200549511335491,1.0541555872673698,Gondwana_sediment,14.16644775485848,14.279052650131796,247.68417713622935,8.645993780112809,845.6769716146621,0.3131993245570573,0,False
21.01,79.4000000000002,0.0680323264804387,0.1421775253873618,0.1045239722198168,0.1585451537991703,0.1207375004760877,-0.1526279877402191,2.0898524647581582,1.3131392735702403,Gondwana_sediment,3.587827378149051,16.450695887683935,214.58442033024738,8.82357665955105,816.1530058369311,0.31639125861580497,0,False
21.01,79.41000000000021,0.0940593497159841,0.0742079337965246,0.2169226516904824,0.2600563296903965,0.0855469246191786,0.4902086038339185,0.7889479774387507,3.03992610539856,Gondwana_sediment,21.39734361668985,16.079170151050405,221.09758086488696,10.105472216585047,845.2311476243395,0.3104968075073519,0,False
21.01,79.42000000000021,0.0438184071836768,0.0906070647475331,0.1492041619048462,0.164315078180617,0.03,0.2443467637060146,2.0677854437052057,5.0,Gondwana_sediment,22.823551458506923,11.050019348157782,533.6656432833765,22.63528930694625,827.8914770379193,0.30377791740288124,0,False
21.01,79.43000000000022,0.0549301356020643,0.1227991822100314,0.4597102078059316,0.2517131210141231,0.0931017578168691,0.5783787030949488,2.2355521361913646,2.703634460252389,Gondwana_sediment,16.83831592708489,10.403397846215023,247.18899345122463,12.487900488843977,839.9812659775812,0.2761582720929857,0,False
21.01,79.44000000000023,0.0528767554060325,0.1258972352882073,0.2786890306076964,0.3178860902470818,0.1362771578750439,0.3776494858108606,2.3809561324889543,2.33264396594839,Gondwana_sediment,23.12901539863683,2.8575192267882343,218.06054576491678,10.043862360323716,800.0,0.34708095067757455,0,False
21.01,79.45000000000023,0.0206145515560336,0.02,0.2565080670953037,0.1700416034932828,0.2217361620418325,0.8553387591699192,0.9701884539480732,0.7668645558342283,Gondwana_sediment,14.813867890931721,15.506923008062712,375.1599548571649,13.909045626320989,827.5865471015221,0.3141708582752563,0,True
21.01,79.46000000000024,0.0732836083119344,0.0673319882093838,0.3809153824788018,0.1058907520048926,0.1752566846116441,0.6995766505401283,0.9187864744719458,0.6042037836052777,Gondwana_sediment,15.681984881459822,5.428187608934287,537.5973887768099,25.0,800.0,0.2912778032857359,0,False
21.01,79.47000000000024,0.0721116581653937,0.0998713476911745,0.1807248897144329,0.142021696569085,0.1566742702353333,0.2881490598092662,1.3849542514140545,0.9064774724344524,Gondwana_sediment,12.826230550756488,9.933908456358932,304.9633505957208,13.095473201498166,880.421681125172,0.29278666775947926,0,False
21.01,79.48000000000025,0.0643134036992708,0.13924315825707,0.2171135961995669,0.2850009178681262,0.121234016934939,0.2185182038695459,2.165072131645575,2.3508329166886424,Gondwana_sediment,0.7625738023228557,5.685481858550334,368.6850470103666,15.067196505522263,800.0,0.23340434448044567,0,False
21.01,79.49000000000025,0.0570023859987425,0.0713839020997472,0.3015072269248848,0.2329311796166071,0.1119017141371976,0.6171327415735411,1.252296736773304,2.0815693593653424,Laterite,3.2367428097991335,2.676567259993863,215.9690130255005,10.926559722173662,872.442374377472,0.39256410001901915,1,False
21.020000000000003,79.0,0.0273788777384875,0.024697891758325,0.3540768991423482,0.2205785834917872,0.2200423798753981,0.8695906253788622,0.9020783066428756,1.0024368192911246,Gondwana_sediment,0.9428755706020275,12.591153937834731,379.6314056539503,16.31687712744141,820.3196519508617,0.3353518048881635,0,True
21.020000000000003,79.01,0.0571006403170391,0.1616789951902389,0.3022685045168795,0.2323961203538279,0.1596169270379193,0.3030289189727054,2.8314742883688044,1.4559616233748354,Gondwana_sediment,19.092312337913413,1.0866406964580766,431.04523225485343,18.758674396497547,842.0999505378711,0.2345915893232033,0,False
21.020000000000003,79.02000000000001,0.0593185645041967,0.0739855044469746,0.2778325142515893,0.2629751935287229,0.0442699654039486,0.5794103738652706,1.24725716039562,5.0,Gondwana_sediment,9.4306794322898,14.972904682524,428.3628215008579,22.832818893070453,807.25177245547,0.3408765297062841,0,False
21.020000000000003,79.03000000000002,0.0454116819233512,0.0516333336363852,0.2617117735236032,0.1692626604306838,0.1155430176051375,0.6704379134055279,1.1370055310841551,1.4649319689973588,Gondwana_sediment,15.257120734941083,6.351735905222333,332.97067686974606,13.323535346395992,800.0,0.34612405851165545,0,False
21.020000000000003,79.04000000000002,0.0645214286500194,0.0740661844114706,0.2948235855526795,0.249796589804981,0.1061291984114182,0.5984373085293719,1.1479315608219278,2.3537027821623084,Gondwana_sediment,27.226994217782792,0.0026938600897064013,326.2132722652542,12.956697889684133,800.0,0.3062188061150465,0,False
21.020000000000003,79.05000000000003,0.0813615257044358,0.0914789856937655,0.2758652905129279,0.1769121801830921,0.1215467995411262,0.5019441344588135,1.1243518946983428,1.4555066912945085,Gondwana_sediment,7.478766874466248,10.222582784744596,242.64944757463917,10.343550672968227,800.0,0.3799055447875879,0,False
21.020000000000003,79.06000000000003,0.1257055770363155,0.0744902134184709,0.1536027725223093,0.1649638430307452,0.1768255330142536,0.3468434539661561,0.5925768380005405,0.9329186804948348,Gondwana_sediment,12.311487691068892,0.9370381705520625,346.71932825850735,16.589670548599884,815.8045573392089,0.3167626911083475,0,False
21.020000000000003,79.07000000000004,0.0742373343849547,0.02,0.2621079221633185,0.182875879562248,0.1431277559102868,0.858210291369754,0.2694062244927893,1.2777107994979284,Gondwana_sediment,22.666534156291462,5.52339115641799,239.79786754918587,6.978509754168613,842.5939589414492,0.2451315582055839,0,True
21.020000000000003,79.08000000000004,0.0766065117216824,0.1342026478754845,0.1510311341082286,0.2009214787461213,0.1444767296498161,0.0589989240047489,1.7518438665875966,1.3906840159937734,Gondwana_sediment,6.863944964748674,14.139529749114324,506.63837788482067,17.178820628914515,882.5189656641681,0.3492030621764791,0,False
21.020000000000003,79.09000000000005,0.0665266225270144,0.1938755021464924,0.2674082542900867,0.2681782937815672,0.213813658066261,0.1594089345258858,2.914254391560915,1.2542617533489484,Gondwana_sediment,2.30939729486379,1.2537924324373173,586.5097190992743,23.26367442122947,809.7121270101626,0.31588691271444747,0,False
21.020000000000003,79.10000000000005,0.0110768635410281,0.1240208796535792,0.2121352058511806,0.2430819056577764,0.1131369455106646,0.2621232515814186,5.0,2.1485634453513374,Gondwana_sediment,8.692543587413041,16.78676984712005,588.0297826666828,21.23339502632654,800.0,0.2698351575610922,0,False
21.020000000000003,79.11000000000006,0.0677245837365227,0.0522725731830062,0.5,0.04,0.2409899762943664,0.8107000935343579,0.7718404487975093,0.1659820072123757,Gondwana_sediment,4.836638617620133,0.07639845317166216,546.0284397501575,21.901522294538623,800.0,0.3286779418438712,0,True
21.020000000000003,79.12000000000006,0.07020690629823,0.0895403386420981,0.2580105616248345,0.1694644609577245,0.1140346204314445,0.4847353950309757,1.275377925559123,1.4860790536063166,Gondwana_sediment,27.89092957027719,4.936477384038045,440.31685973584763,19.351535214585564,856.0031808952102,0.23761792952616073,0,False
21.020000000000003,79.13000000000007,0.1421772633745577,0.0971591473908204,0.1224760433738472,0.1982901015850751,0.1518799098306273,0.1152679399114429,0.6833662782390435,1.3055716300835718,Gondwana_sediment,24.243611386932507,14.818081123041429,480.346278897552,18.232930560293475,901.1597257664722,0.3874632385345665,0,False
21.020000000000003,79.14000000000007,0.0623891710565654,0.121191775582475,0.2503819789323142,0.3307543427025808,0.1331798202298603,0.3476838763377426,1.9425129928132028,2.483516961378737,Gondwana_sediment,19.002112695312704,6.325402994586136,314.08232107216566,10.233110224444218,895.3165133978194,0.2918376073439097,0,False
21.020000000000003,79.15000000000008,0.0770864202700074,0.1237936195487218,0.3166358745637959,0.1494998174132483,0.1532309566750466,0.4378504563139522,1.605906967200245,0.97565022473053,Gondwana_sediment,26.14381770563153,2.0378477613202706,452.3081680690483,18.984847992974373,867.4966374073668,0.276063932771911,0,False
21.020000000000003,79.16000000000008,0.0668786469088417,0.0675130480488586,0.4329363946152599,0.2361957632669913,0.1691095997536549,0.7301903356072665,1.0094858533835636,1.3967022775252962,Gondwana_sediment,24.110162306973432,7.204678376008557,382.259819775951,17.652579459894966,863.927165863385,0.3182814485833955,0,True
21.020000000000003,79.17000000000009,0.0327396588714129,0.0999798222565408,0.2075547600061361,0.329152121681506,0.1683917620044422,0.3497978566284676,3.0537832524107653,1.9546806658947768,Gondwana_sediment,5.597101766581075,5.407865727690511,392.806935910773,12.97700878591565,916.881188985472,0.36547909227173375,0,False
21.020000000000003,79.18000000000009,0.1019646844354494,0.1148112161846079,0.1091572025976444,0.132292202903688,0.1088641334689693,-0.0252446912612978,1.1259900102441076,1.2152046644442016,Gondwana_sediment,26.776769954699333,16.854238043211097,503.1106241500632,22.60340746953127,848.6040730708455,0.3264227305812385,0,False
21.020000000000003,79.1900000000001,0.090117990980602,0.1545728928858689,0.349983701143107,0.2514782658105052,0.0901942661276196,0.3872921502385256,1.7152279032454023,2.7881846189186743,Gondwana_sediment,16.18026725746952,6.266958351702863,312.76734223890065,14.66658500076418,864.3064838012136,0.2869819731368362,0,False
21.020000000000003,79.2000000000001,0.0911709584112901,0.124340261592987,0.1311401294100442,0.1674409716245804,0.2713185895452836,0.0266160067616107,1.363814350790108,0.6171378520118703,Gondwana_sediment,24.223204654921876,15.778649435520144,327.2158446778079,15.542163732555254,815.9608069074051,0.28068083803068244,0,False
21.020000000000003,79.21000000000011,0.0400383763561565,0.1658049477435244,0.2264844558492613,0.2255707656477003,0.1217807830199703,0.1546804668556812,4.141150626451772,1.8522689694439147,Gondwana_sediment,26.8827389977048,17.837442896214696,569.8567164514546,25.0,800.0,0.2433478826311269,0,False
21.020000000000003,79.22000000000011,0.1092838293280816,0.0991530651171723,0.2452379514489109,0.1667822416232645,0.1807606219335972,0.424183208220499,0.9072985970209236,0.922669106506313,Gondwana_sediment,9.540104249155917,8.67634839153059,222.4897179403889,13.674432763502104,800.0,0.28876600491850646,0,False
21.020000000000003,79.23000000000012,0.0250244681162301,0.1520383658081379,0.26493665467,0.1714699884108843,0.065237934473838,0.2707555208111219,5.0,2.628378558134917,Gondwana_sediment,3.3015577358303028,18.19886287708784,394.25371936533617,15.7150542096509,831.5420480732722,0.36557932875302257,0,False
21.020000000000003,79.24000000000012,0.0845657128140066,0.1118305118383776,0.3417164457074448,0.4,0.1314593640047639,0.5068624758554471,1.3224096147820112,3.042765364977941,Gondwana_sediment,6.8380548762582505,7.546361079263857,565.1203201631447,23.765823166953414,835.0392686250701,0.3129265788522075,0,False
21.020000000000003,79.25000000000013,0.1325536687742978,0.0608164835930548,0.2053365717713729,0.2812119110450127,0.1389000308008755,0.54299616409113,0.4588064903033942,2.0245633440189548,Gondwana_sediment,12.81323365878769,19.281568329802163,444.1452031272628,17.673173263806568,928.3142927427747,0.39108857251651313,0,False
21.020000000000003,79.26000000000013,0.0370039102460777,0.1512147988050052,0.2472270747833361,0.2989216503250306,0.1687207534963892,0.2409693416245479,4.086454577118317,1.7716946134564195,Gondwana_sediment,24.540442977674793,1.7857904905114586,418.56282968485283,17.444071593047155,836.0638583795584,0.386294013778644,0,False
21.020000000000003,79.27000000000014,0.0496110681119151,0.1228161309015585,0.2740729647050737,0.2559395440785505,0.03,0.3811060455924427,2.475579247295096,5.0,Gondwana_sediment,25.821917497690304,13.740385330064855,299.89767169174206,15.561483031761876,890.9421722012872,0.30470238862363436,0,False
21.020000000000003,79.28000000000014,0.0694695409526275,0.0769982391548581,0.2913597957518918,0.1087620248118585,0.1530270306539139,0.5819380500091594,1.1083740872352552,0.7107373401680984,Gondwana_sediment,0.2085639159357211,9.876280809138574,337.31019562577933,11.364562516546135,810.2461379211892,0.29451363906767775,0,False
21.020000000000003,79.29000000000015,0.0512557303765122,0.0753602813040275,0.2870827174708058,0.248547057922627,0.0870529272316026,0.5841537478280683,1.4702801150899831,2.855125790036443,Gondwana_sediment,15.322419077326972,7.752976109112941,540.8193663218772,20.812040919080395,816.4162057117433,0.41471572019502845,0,False
21.020000000000003,79.30000000000015,0.0197200970680141,0.1062230218056276,0.321800577522272,0.2957050730155096,0.1605772855597433,0.5036581067137121,5.0,1.841512464235424,Gondwana_sediment,12.52233009446337,12.654237574972019,423.68725270738327,20.407997402483424,800.0,0.3722171705989973,0,False
21.020000000000003,79.31000000000016,0.0681768892441788,0.1127073918107005,0.3634839509641882,0.1605620368172573,0.0923635401580889,0.526629815736434,1.6531612529535824,1.7383703176448542,Gondwana_sediment,6.663234314121907,14.077141832686625,405.89687750271196,18.95244290975051,800.0,0.21637977370938236,0,False
21.020000000000003,79.32000000000016,0.0341308885882148,0.1018916906252452,0.3192634115651117,0.2875728667012739,0.1012258652037179,0.5161322271954901,2.985321933923968,2.84090302254706,Gondwana_sediment,3.595961020010484,0.08726539300618175,239.83188541601157,9.266731932032993,858.3490695681927,0.3412383168911176,0,False
21.020000000000003,79.33000000000017,0.0800877729190534,0.1062723469377123,0.3262585523509372,0.2690035346897804,0.1301386194803335,0.50860228881719,1.326948458317469,2.067053850403928,Gondwana_sediment,10.12845514210884,3.3390617749439744,206.41126258204926,10.309273276493492,832.3780090197116,0.31216975299937666,0,False
21.020000000000003,79.34000000000017,0.0381772729729837,0.161638294983052,0.123577683325368,0.3490428031369516,0.091023526519837,-0.1334448787549427,4.233887912162999,3.834643812415016,Gondwana_sediment,28.287291117375574,14.260921012686374,585.4740754748196,25.0,879.1469309948667,0.3710027546660131,0,False
21.020000000000003,79.35000000000018,0.112138032150524,0.1363217260893921,0.2877227699165843,0.1898551891240412,0.119683277663229,0.3570404644265309,1.2156600517551452,1.5863134154767575,Gondwana_sediment,9.696087960622657,13.327708271564129,350.79446691473663,17.616985339449336,841.0626974172575,0.2781495731572188,0,False
21.020000000000003,79.36000000000018,0.0420224012299106,0.1009054236505976,0.3315507548001776,0.1419672312406935,0.0836112115728308,0.5333380411455947,2.401229355229047,1.6979449095440535,Gondwana_sediment,15.563718652300983,19.320950102573544,441.2852248398017,18.535903555978617,814.3773134181179,0.2634110739297606,0,False
21.020000000000003,79.37000000000019,0.0557381545138274,0.1307524232306959,0.3573941194570623,0.193186032343916,0.0514414774150601,0.4642902824468188,2.345833372787319,3.755452636199229,Gondwana_sediment,21.090568766855334,15.22075580501566,231.886029274914,11.713182114199915,939.414843189353,0.3184770304313269,0,False
21.020000000000003,79.3800000000002,0.0896855165210877,0.0516190438588948,0.2161649225766382,0.3186899695214478,0.1938178526214644,0.6144724826006686,0.5755560741984701,1.6442756177855142,Gondwana_sediment,10.908888071378819,19.01545415462676,473.2457142892186,25.0,827.3048215643527,0.2816428807767106,0,False
21.020000000000003,79.3900000000002,0.0282340705069789,0.1086570819978687,0.2203960725111536,0.0899115883410565,0.0779375653587999,0.3395773264840814,3.848438417201194,1.1536360907832872,Gondwana_sediment,29.15346248162882,14.05081003069614,573.0266834823844,25.0,890.1500484852702,0.37457247652242703,0,False
21.020000000000003,79.4000000000002,0.0718637980381214,0.1649322539893206,0.2297899324716587,0.0728136999198215,0.1336259556195971,0.1643122193039392,2.295067311531778,0.5449068598066006,Gondwana_sediment,28.873418848263338,5.9610441727888634,430.2661011989679,18.02641054821335,811.9395396727712,0.24541726871984515,0,False
21.020000000000003,79.41000000000021,0.1041342826284703,0.0836581641843012,0.3417413899891534,0.2235576695252065,0.1800245540746854,0.6066842882466952,0.8033681319190488,1.241817653986684,Gondwana_sediment,7.553468874760925,2.1072984450171295,250.44612895016422,11.880149343365467,867.4799739691833,0.2941742952404778,0,False
21.020000000000003,79.42000000000021,0.0165755029631605,0.0582946428552327,0.3923881054924403,0.1860187495058025,0.1114527948741939,0.7413051948137701,3.516915452466347,1.66903620092142,Gondwana_sediment,14.917455176771563,15.636477266898712,432.68861098939067,17.298130408150172,878.4007829575894,0.23994967408402396,0,True
21.020000000000003,79.43000000000022,0.0702190157559664,0.0659364444562735,0.2491539892708598,0.2172409525222912,0.1007617050127191,0.581476062567815,0.9390112301135448,2.155987260033664,Gondwana_sediment,9.02634929450309,12.882984429518318,506.53888524186095,25.0,842.424598528784,0.3662651156189127,0,False
21.020000000000003,79.44000000000023,0.0723564838274499,0.0482546785063003,0.3815962313627253,0.2825718239865037,0.153151904433367,0.7754817894428674,0.6669019262279816,1.845042834089864,Gondwana_sediment,8.545214831324028,0.9637202478659246,362.56661462960744,15.467084351625605,800.0,0.363551504971557,0,True
21.020000000000003,79.45000000000023,0.0878946861533165,0.078350380777354,0.3040479809164803,0.212904174926008,0.1975566911363534,0.5902159179772024,0.8914120308882449,1.0776864787196356,Gondwana_sediment,1.1066084206359839,7.201009318019567,551.9350991765871,22.451429158573433,832.9126230428107,0.29598856209786467,0,False
21.020000000000003,79.46000000000024,0.0272114786736547,0.0766596760563945,0.2801714222837777,0.0846895918348494,0.0830142367456722,0.5703307450415641,2.8171815539335583,1.0201815381654564,Gondwana_sediment,18.286930019396905,19.135996309685723,459.4731813429458,17.473337879249335,893.5230023880038,0.3201736576548403,0,False
21.020000000000003,79.47000000000024,0.0245863016074688,0.0350773192328499,0.2723615770182249,0.3586137090039888,0.1337926083991236,0.771809489956053,1.4267017321354274,2.680370111823761,Laterite,15.080370696865845,10.008022914204025,559.699567315681,25.0,858.3740416513915,0.3445513607334167,0,True
21.020000000000003,79.48000000000025,0.0797382469685039,0.0917447333579796,0.3690611364602379,0.1453940198792782,0.0544952702516291,0.6018074447521156,1.1505737426000953,2.6680117181019107,Laterite,1.5443625374996806,8.654582720394092,449.4021244989349,20.459463346444434,854.2919437614673,0.394083579279463,1,False
21.020000000000003,79.49000000000025,0.0728695401969925,0.1270310869514613,0.3278577816787297,0.1407674014591455,0.1212799498158859,0.4414851813979758,1.7432673025481424,1.1606815599509666,Laterite,8.359393927098344,9.15399210318588,252.5151888019297,9.526757457252218,800.0,0.3204305373781958,1,False
21.030000000000005,79.0,0.0772747855103762,0.08232867863236,0.479382542764764,0.367992481152698,0.1513502342269037,0.7068647535189695,1.0654015793387746,2.4313968378659085,Gondwana_sediment,27.247976578999612,4.177654480103275,323.87668444207566,14.647764541997997,811.9772464662545,0.2696143703010897,0,True
21.030000000000005,79.01,0.0800334462849091,0.2083007640293718,0.1674775357002683,0.2426229138325122,0.1067287679122465,-0.1086364708861868,2.6026714259883263,2.273266321266564,Gondwana_sediment,7.186856720009173,7.374143417295905,280.71797930098273,8.67947053444857,868.5678815575794,0.2447718269847703,0,False
21.030000000000005,79.02000000000001,0.0491192583526451,0.1197116835411035,0.3054101702029988,0.2243627103575628,0.1264304083087381,0.4368123750466925,2.437163900927274,1.7745945234331468,Gondwana_sediment,4.346846162736693,7.396265119743532,563.5305990867449,23.850382778760686,868.5191638393521,0.26993837330658266,0,False
21.030000000000005,79.03000000000002,0.0763676109148298,0.1824201904524505,0.2015798990188503,0.314754370421066,0.0786886615846271,0.0498950627532139,2.388711497299899,3.999996488471952,Gondwana_sediment,14.683582808326891,1.047100403749448,504.16002691499307,21.9121804922781,908.7333390066526,0.344435974643118,0,False
21.030000000000005,79.04000000000002,0.0780721741989601,0.0726066178459141,0.1684713013011377,0.304050817217699,0.1527739305690742,0.3976502027005776,0.9299935412056424,1.9902009190056624,Gondwana_sediment,29.56951362331802,15.351352570358365,470.5593475640024,23.02129910095188,840.7566622427028,0.28251737218097384,0,False
21.030000000000005,79.05000000000003,0.0477294574592086,0.1329210090826641,0.2552132862965053,0.2045577514772751,0.2015247124441569,0.3150772262030229,2.784884134033473,1.0150504565659833,Gondwana_sediment,7.261658145345012,8.33008863807758,320.38652785264867,11.80780105506965,868.2912043336983,0.3353575869246747,0,False
21.030000000000005,79.06000000000003,0.1250132353343422,0.0548826439841868,0.2709352479407066,0.3339966404139999,0.0937028065114762,0.663108470237149,0.4390146674750417,3.564425148959133,Gondwana_sediment,20.164066422176358,16.443597736328467,273.6179088200854,8.844040943232244,848.8187120965722,0.29066081622440293,0,False
21.030000000000005,79.07000000000004,0.0831349876273531,0.1741868700434975,0.5,0.0933528127062749,0.1172464116723801,0.4832682812217251,2.095229395050316,0.7962104024770348,Gondwana_sediment,22.848588459861528,17.00696002239791,502.58043519556475,19.14999554463178,800.0,0.2470926784352794,0,False
21.030000000000005,79.08000000000004,0.03306089508392,0.1050735735917404,0.2405854184316837,0.2801851065867141,0.1733273123227083,0.3920391134842984,3.1781829562451045,1.6165086890830134,Gondwana_sediment,7.12912631977199,4.239881093973161,389.66317835163187,13.56282876402149,800.0,0.24114841842734644,0,False
21.030000000000005,79.09000000000005,0.0883766082590143,0.1201500487993904,0.146882127051536,0.1679330709387625,0.2086245359661359,0.1001080793239623,1.3595231931882044,0.8049535980059708,Gondwana_sediment,21.846490458355788,13.14706964340257,290.3158208602516,14.769807251361783,869.5504846065113,0.40419915719610316,0,False
21.030000000000005,79.10000000000005,0.0393195498931797,0.0660610805075064,0.2881010717494434,0.3869507905950693,0.0731805093895524,0.6269444370728502,1.6801077458659948,5.0,Gondwana_sediment,11.033493981577596,9.445636083259634,446.64879126611004,21.70764489280266,856.6973604206481,0.36571089761692516,0,False
21.030000000000005,79.11000000000006,0.0920525381122728,0.0618572063089347,0.0542359962453685,0.2360431135181364,0.1392207631292014,-0.0656473410097946,0.6719771937878806,1.6954591258024831,Gondwana_sediment,18.969174917807383,17.6031347584297,216.1335408553808,9.645997358205191,817.091247894999,0.3929351155520226,0,False
21.030000000000005,79.12000000000006,0.1030778673702213,0.1213691287301342,0.2534043217395792,0.1786966267593399,0.161636541115975,0.3523066877035476,1.177450908801515,1.1055459700821584,Gondwana_sediment,19.00589132282684,4.314813583529082,330.46810165130137,16.212094126841183,800.0,0.32699754503775513,0,False
21.030000000000005,79.13000000000007,0.0435795304494478,0.0593660798310307,0.2651025282295223,0.2718988765115122,0.1421971804685563,0.6340719663601153,1.3622468870716844,1.9121256513269884,Gondwana_sediment,16.073240522242756,13.556264006200884,387.42279783645387,16.410533337679382,879.4869757204444,0.3083080454644247,0,False
21.030000000000005,79.14000000000007,0.0969812838773287,0.1156482516839635,0.3438600382945279,0.2877231843045054,0.03,0.4966434589712886,1.1924801048313465,5.0,Gondwana_sediment,2.708693101632249,12.155042445054452,259.18333364376235,10.609082273088566,834.70399629023,0.37918104473333314,0,False
21.030000000000005,79.15000000000008,0.0803434278080939,0.0422544877415887,0.3626622249427919,0.2698325886001023,0.1719945004654371,0.7912929426842927,0.5259233871614771,1.5688442811428236,Gondwana_sediment,25.05907486767714,5.906029551436656,593.8617910363358,24.078166055073137,875.8437361184148,0.32678800097631716,0,True
21.030000000000005,79.16000000000008,0.0925018047998336,0.1306869685066652,0.2158430381092359,0.1525212632256832,0.2227268175545307,0.2457393817337873,1.4128045247136598,0.684790744248218,Gondwana_sediment,9.623401949152075,2.7320180730234522,283.6389458358457,11.197507427071772,941.2024265205954,0.36399299845974087,0,False
21.030000000000005,79.17000000000009,0.1246237894796173,0.047279067409258,0.2520385985370148,0.1904188013464513,0.1524130875584735,0.6840876912895014,0.3793743359011984,1.249359909125001,Gondwana_sediment,5.595555311995627,13.032795209545531,252.14125201730621,7.410282388103029,800.0,0.29785878104622404,0,False
21.030000000000005,79.18000000000009,0.0602383565199127,0.1184919975071792,0.1913879169389414,0.2237149014014967,0.0948446973352851,0.2352392524005063,1.9670522928577008,2.358749697674379,Gondwana_sediment,1.2232542466429175,14.771949162646614,281.4139495547586,12.254090758662953,813.0199595648893,0.15753727387263278,0,False
21.030000000000005,79.1900000000001,0.0448679150692741,0.1212452373458382,0.1560937445192396,0.2208118243144927,0.120563637681784,0.125653115643835,2.70227036153594,1.8314960329428216,Gondwana_sediment,17.726788295647253,6.3125468752669995,507.6244532638897,21.07035106556732,837.5312193344118,0.3943109578651471,0,False
21.030000000000005,79.2000000000001,0.040674567111233,0.0681691272628151,0.3007894779380729,0.2758821832806812,0.2345356533827777,0.6304781819238353,1.6759644155227529,1.1762910209340074,Gondwana_sediment,20.326930855268472,12.896652080446277,370.2022637087371,16.91581576935313,920.7413087073401,0.36982818806314016,0,False
21.030000000000005,79.21000000000011,0.0427656914510355,0.119141062683387,0.14334144514035,0.0820569137245341,0.1913581270430259,0.0921980769247839,2.785902866581897,0.428813319557641,Gondwana_sediment,0.49763486783568456,7.902618152230065,426.1663759010152,17.943979322086186,800.0,0.3164911530434255,0,False
21.030000000000005,79.22000000000011,0.0648069487175754,0.1379269976933422,0.2301373099428241,0.2954434725824901,0.1776813309192144,0.2505277211382842,2.1282748256146378,1.6627716085182913,Gondwana_sediment,15.36279174897843,14.264137665652354,208.4036627945443,8.358078546634495,944.7930512840377,0.3512085911179861,0,False
21.030000000000005,79.23000000000012,0.0772345592444978,0.0739463257522883,0.1729826040100871,0.2022013051894315,0.1633206291767166,0.4010719939255242,0.9574253595784408,1.2380634711297789,Gondwana_sediment,6.794873255938139,3.984305497881062,213.77252342932582,7.164802416206646,854.792795078322,0.3287186891736773,0,False
21.030000000000005,79.24000000000012,0.075180723979899,0.0549778126369494,0.3283683186290372,0.1635049568531195,0.1122631443904491,0.7131688143503856,0.7312753808878084,1.456443765184485,Gondwana_sediment,19.355183712283495,17.804300052723487,378.3302199308065,15.908065637427125,843.1999669133146,0.2863360408001806,0,True
21.030000000000005,79.25000000000013,0.0915754974710791,0.02,0.4544430099266606,0.1699259255561241,0.1351114409672092,0.9156906114018788,0.2183990317330941,1.2576723644861203,Gondwana_sediment,5.230992870149743,5.748191929311595,526.6620972806494,23.420728514992714,838.0970118390621,0.34511534705501185,0,True
21.030000000000005,79.26000000000013,0.0670300567563355,0.1089460018919853,0.1450412017196791,0.2065823634837384,0.1410638632160717,0.1421142455218743,1.6253305905063975,1.4644598455443123,Gondwana_sediment,20.728132143073978,7.355719755123058,554.0955514830262,20.800636662958368,826.186848391006,0.24446515092667065,0,False
21.030000000000005,79.27000000000014,0.1101260223147178,0.0321878891455152,0.0907981517102557,0.04,0.1722587158032196,0.4765602836651869,0.2922823183815771,0.2322088597390523,Gondwana_sediment,11.602060389016122,1.1618390416069957,234.6826270382561,9.95339030062215,900.4058379634653,0.3469556108598268,0,False
21.030000000000005,79.28000000000014,0.0584602950028595,0.0984137679776497,0.2645113114650064,0.1719097300445871,0.2200459447133425,0.4576634486011997,1.6834292027519344,0.7812447086466976,Gondwana_sediment,28.101899662102035,2.230244246425528,415.34524084040913,17.77213760474268,800.0,0.32807867352855524,0,False
21.030000000000005,79.29000000000015,0.1478850749976867,0.0838820713567073,0.2794697795957894,0.1593929622747549,0.2003369068396536,0.5382873588576373,0.5672112030324784,0.7956245542054212,Gondwana_sediment,4.1256283243797975,10.317238054246562,565.2918745117082,22.117698537417983,865.2707090822001,0.3145430592146799,0,False
21.030000000000005,79.30000000000015,0.0849300204329483,0.121405711017525,0.3006659306757439,0.257694824652579,0.0732707822101951,0.4247151476384208,1.4294793555410257,3.517020243643864,Gondwana_sediment,10.231990531507755,5.35185353455943,355.18910175915454,13.62383329681544,828.7909167146587,0.32933998339154824,0,False
21.030000000000005,79.31000000000016,0.0403252733075095,0.0819781800204025,0.23506794847658,0.1637131322242587,0.1552597484450495,0.4828627592257392,2.032923104871897,1.0544467175712084,Gondwana_sediment,3.404205637217672,16.70960451484389,531.8263325713474,22.620652221338574,809.8933275743026,0.25414327822865096,0,False
21.030000000000005,79.32000000000016,0.0337932250581646,0.0807020885461133,0.2605360701174718,0.2047420339880607,0.1807181672583918,0.527004313418389,2.388114427326723,1.132935537034447,Gondwana_sediment,27.740808548356885,0.29386777309907686,253.47826175977448,8.294752203405357,977.2987587842023,0.3181956959992776,0,False
21.030000000000005,79.33000000000017,0.0802741724572935,0.1229748281715287,0.3182510410540757,0.327459363936286,0.1746430165072287,0.4425765270314241,1.5319351698550217,1.8750212307242755,Gondwana_sediment,26.32018060142943,7.581880973438723,574.1577958671195,24.623088924962097,868.9525367376805,0.3376930573279498,0,False
21.030000000000005,79.34000000000017,0.0589761164402223,0.1069223211633615,0.3864430892644998,0.2888046063870743,0.1120583118306258,0.5665593131104865,1.8129766325057928,2.5772707210320136,Gondwana_sediment,7.738248831454668,6.7469109353818535,500.56932701252106,19.066346544869976,878.6632772330647,0.3634262116934518,0,False
21.030000000000005,79.35000000000018,0.0869800148227605,0.1059862382873078,0.0877951229681881,0.2820589979960362,0.2890454607884147,-0.0938744324628195,1.218512532809118,0.9758291900834394,Gondwana_sediment,19.79952138102537,0.3865526183520207,576.5337571147606,25.0,904.8888390334406,0.2455900318624547,0,False
21.030000000000005,79.36000000000018,0.0796371287372041,0.1119307035923376,0.2473060560968706,0.1836089298712347,0.0793057718834406,0.3768415921131458,1.405509028598316,2.3152026047936705,Gondwana_sediment,24.516666006036473,2.4873679800102044,470.6468934210026,24.285942716651704,800.0,0.32610103175553834,0,False
21.030000000000005,79.37000000000019,0.0631351326202915,0.0315571150717123,0.3064808793941236,0.2563122595502699,0.088820577666694,0.8132924959382559,0.4998344616066661,2.8857306042697464,Gondwana_sediment,16.65602434798387,8.272853498372704,345.3615727997708,12.668551929920142,935.6145954561091,0.32369539827722404,0,True
21.030000000000005,79.3800000000002,0.0397961884579454,0.1230715471994757,0.1942023895389441,0.2016271539682425,0.1544797540630752,0.2241937773025892,3.092546086926808,1.3052011576571807,Gondwana_sediment,15.889517350680194,9.857291688948933,575.2724690098889,25.0,800.0,0.2903596956346294,0,False
21.030000000000005,79.3900000000002,0.0196345832594216,0.1171187517605404,0.4600169631767482,0.2039734752526082,0.248460152748189,0.5941379167533466,5.0,0.8209504538831929,Gondwana_sediment,7.25556872701355,8.085794945097382,310.2267105236714,11.47262912872227,809.5616794980815,0.2366097336335287,0,False
21.030000000000005,79.4000000000002,0.0515645514379868,0.0673044773140172,0.2242590119771449,0.2952935688747026,0.1006302574647877,0.5383202642788965,1.3052470215790597,2.934441151406047,Gondwana_sediment,2.793083034176976,10.618753568241877,332.869008824693,15.951450381957788,825.0484163410625,0.26681229411856305,0,False
21.030000000000005,79.41000000000021,0.0905319638297016,0.0824967810530281,0.2845707312992909,0.1753104488105283,0.1289685817176465,0.5505089483300747,0.9112447965570168,1.3593267937024094,Gondwana_sediment,26.916472738599804,11.90263349811363,480.3233672006961,17.48295681519191,877.0861682485328,0.37721357936971533,0,False
21.030000000000005,79.42000000000021,0.0711428123239035,0.117660021043358,0.3452022096842487,0.3855722607732212,0.1959446836507807,0.4915980900710794,1.653856757057655,1.9677607648882436,Gondwana_sediment,27.012541714899914,0.1984764225567126,506.1265198101545,22.049778508945195,858.9359133070819,0.3237441361891664,0,False
21.030000000000005,79.43000000000022,0.0272278366386376,0.0865201286239266,0.2313715211198306,0.2052908902281377,0.1410068922556093,0.4556627787080848,3.1776350598264824,1.4558925936074725,Gondwana_sediment,18.993043718198038,9.281903189070078,571.7613935396615,22.07741346370719,839.6592629650878,0.29573330352642996,0,False
21.030000000000005,79.44000000000023,0.0696754277755327,0.1050743986627373,0.1067426952195788,0.2594852396381696,0.1249898072734811,0.0078761186147742,1.5080553053860084,2.0760512004215173,Gondwana_sediment,10.170893731461021,19.269984817751766,281.9209636224838,11.332737639406753,847.4001327686213,0.3119506321566813,0,False
21.030000000000005,79.45000000000023,0.0759195213918623,0.1487946712732431,0.2494345473083676,0.3177920335480038,0.1698216450943317,0.252718462920189,1.9599000145067067,1.871328199561047,Gondwana_sediment,10.476287238379827,10.380645602590974,519.1992140876896,19.57125003669245,800.0,0.324460591233215,0,False
21.030000000000005,79.46000000000024,0.0377242769139631,0.1346306691069088,0.3961440555927255,0.2878157642202551,0.1549858995114753,0.4927012803492799,3.568807138625269,1.8570448340253063,Laterite,21.778670366107182,13.550845349179063,495.4184213587854,22.287135165074233,800.0,0.3220247248081669,1,False
21.030000000000005,79.47000000000024,0.0687317531783629,0.0386912322627393,0.260410487321508,0.1166756628116559,0.1927019392818351,0.7412837856393166,0.5629309659254621,0.6054721773218139,Laterite,26.913307798577314,6.237277158337664,225.51782250143916,7.72261522868079,884.3255811168106,0.3278707428989639,0,True
21.030000000000005,79.48000000000025,0.065746261553377,0.1158827996122374,0.2103565698541245,0.2461427126506844,0.2055734444532637,0.2895842104141561,1.7625762544977377,1.1973468323478391,Laterite,26.61259272795352,15.47982756305525,354.8892564840828,15.890980872167106,882.6853056268168,0.38565494515488974,0,False
21.030000000000005,79.49000000000025,0.0295908910650782,0.1439773327814118,0.388467220950295,0.2742503576122376,0.1561701530002635,0.4591837523915413,4.865596374850883,1.756099691060461,Laterite,23.396266375728715,15.458429637522302,313.1061828240394,12.357894894476978,927.2247187578604,0.3962324013795309,1,False
21.040000000000006,79.0,0.0804136208104484,0.114992340827568,0.2193225103976951,0.2916304115512523,0.1641066362689154,0.3120715970485609,1.4300107310878056,1.7770787215189798,Gondwana_sediment,19.26094938462863,10.425920953082779,321.7961697416122,13.179228995636116,824.4991451592496,0.32985578089123835,0,False
21.040000000000006,79.01,0.0863835357910469,0.1429792170074385,0.2022839186349791,0.1509693616119755,0.1600455491143065,0.171766677319946,1.655167452137802,0.9432899718430928,Gondwana_sediment,2.524198949851465,19.52027646558427,593.1787518218803,25.0,898.6407605150562,0.33972087433864956,0,False
21.040000000000006,79.02000000000001,0.1019315372952581,0.1796508178280303,0.2691456089663323,0.1826075334087868,0.1736165278324641,0.1994106587648193,1.7624654981058665,1.051786575756314,Gondwana_sediment,4.848861422838413,2.5110042952530676,457.11096539197115,17.52264088134777,849.8146635817734,0.351546553599142,0,False
21.040000000000006,79.03000000000002,0.1009340615610468,0.1399283818442789,0.3321750209618805,0.2979190765019129,0.1517385318935728,0.4072129917602282,1.3863345984647026,1.9633712847210871,Gondwana_sediment,26.956625655812378,0.33895329779161987,487.0704631173998,20.715336856973433,923.5237492596841,0.3620347770624407,0,False
21.040000000000006,79.04000000000002,0.0278699189612869,0.1087723438256687,0.4941713531732568,0.174676774052214,0.1487695758838851,0.639195684774453,3.902858260423159,1.1741431196331114,Gondwana_sediment,18.1928717897877,15.403164235141919,590.6470549260036,25.0,915.0981388339171,0.39620180565301627,0,False
21.040000000000006,79.05000000000003,0.0409452488025459,0.1404235389633896,0.339623610765745,0.2067212760334971,0.2084513560413615,0.4149593886210085,3.4295441529153363,0.9917003173311512,Gondwana_sediment,0.27591154849888944,16.14311074729765,350.88071298305545,13.063840135961883,874.5604699612328,0.37293824507237766,0,False
21.040000000000006,79.06000000000003,0.0844110580162593,0.104235513323875,0.3737839966388375,0.3377113066651368,0.2242458090177515,0.5638859453238629,1.234856139112857,1.5059871486285146,Gondwana_sediment,3.044146285980963,2.404144582411525,520.7360673811224,24.040956427427794,847.0234921667106,0.26672111449163005,0,False
21.040000000000006,79.07000000000004,0.0842535785273657,0.0992161217313975,0.208103380101218,0.2237540524730635,0.0728823527683282,0.3543128818219148,1.177589407450663,3.070071748058208,Gondwana_sediment,19.905053073241675,5.3116566591721215,373.81238532179816,18.57171132205049,912.0466089304231,0.2877193198118233,0,False
21.040000000000006,79.08000000000004,0.0841714305891809,0.0840234305714499,0.1570131894030564,0.1759258103516296,0.1485810575870276,0.3028160567844206,0.9982416822843664,1.18403929202201,Gondwana_sediment,0.1518475153865606,0.3510472673325782,547.8134687259919,21.19325121886024,896.3452261628383,0.3010669825908605,0,False
21.040000000000006,79.09000000000005,0.15,0.2085674946592684,0.2667331349619168,0.1980801420235141,0.1134652783277373,0.1223765269083879,1.3904499634681564,1.7457335386495836,Gondwana_sediment,4.82424154252496,5.866172215611294,272.2630165245213,8.434183145007282,829.7779798957009,0.3599736769642339,0,False
21.040000000000006,79.10000000000005,0.0856067153207943,0.0649828533623189,0.2721169915259646,0.2494903530709615,0.1321714266756953,0.6144593100327439,0.7590859320194672,1.8876269944060224,Gondwana_sediment,16.462013680997583,15.46283747837343,579.0744708257118,24.732024751414855,800.0,0.2211845501614377,0,False
21.040000000000006,79.11000000000006,0.1024269692054172,0.2064851216832606,0.1544487258635457,0.1590955672879122,0.167665810486765,-0.1441715598550219,2.015925327904238,0.9488849678484824,Gondwana_sediment,20.756855930780798,10.359210554251579,287.5086833643519,10.884713427980916,849.5733549659202,0.33832787756761973,0,False
21.040000000000006,79.12000000000006,0.0968600529047952,0.1525609344344977,0.2456705470096046,0.2499437790326985,0.1808319185771222,0.2338077648057449,1.5750655683302683,1.382188392741529,Gondwana_sediment,19.558837785078016,6.961911863365762,330.4882027923726,17.50754822134153,939.7706907674204,0.3705411635924307,0,False
21.040000000000006,79.13000000000007,0.0876617375391731,0.041207753007921,0.3040317601719194,0.2486261374492994,0.1415736778194314,0.7612802041896095,0.4700768444442368,1.7561607574452551,Gondwana_sediment,6.728079283816793,7.434785898126606,502.4768936427122,21.006152316112672,921.324357936662,0.40362903716055787,0,True
21.040000000000006,79.14000000000007,0.0585419226607887,0.1452177632355521,0.3010393395018149,0.3791285849260012,0.0513329832638584,0.3491744451248543,2.480577275005712,5.0,Gondwana_sediment,21.365376640426074,0.027072514309363083,357.5020566261627,13.291520210019755,808.383626516481,0.31216079447687467,0,False
21.040000000000006,79.15000000000008,0.090649076614797,0.02,0.3163287853384345,0.2714283656258973,0.0985677209711895,0.8810687582156952,0.2206310392208916,2.7537246745297166,Gondwana_sediment,7.117472624904002,5.9960105513047175,443.28455070657867,16.175870590750687,805.612129205014,0.2349440789226852,0,True
21.040000000000006,79.16000000000008,0.0445752435638718,0.1581584168752118,0.295896473013752,0.2092985300894938,0.1914649835100067,0.3033511127738058,3.548122318025579,1.0931426005071094,Gondwana_sediment,9.76199094477803,12.92917483275861,377.82940042777136,17.922701602672134,927.7341924839843,0.29993257414908797,0,False
21.040000000000006,79.17000000000009,0.0605354417977986,0.131869259319558,0.2169991340730026,0.3065893522294576,0.03,0.2440171604575579,2.178381047291131,5.0,Gondwana_sediment,22.394742153540726,19.483888876327143,496.94797483591276,19.563797669994656,807.2182047621186,0.24360705069090324,0,False
21.040000000000006,79.18000000000009,0.0529590935651257,0.0943614903060909,0.2172099373351243,0.2434007368460084,0.2056513575840982,0.3942866260864867,1.781780687236897,1.1835600775361623,Gondwana_sediment,19.48898697141644,16.94121653967799,291.3325009474444,12.226511805064371,889.4647661821105,0.3066520890016343,0,False
21.040000000000006,79.1900000000001,0.0698562241815884,0.1313544801896879,0.1496048602006215,0.1644009461478459,0.1721614995322252,0.0649573706255303,1.880354707695076,0.9549228282690524,Gondwana_sediment,25.47670231482534,0.4718992929105825,223.3831948947508,11.219238610839579,833.1964392331938,0.3033035863412514,0,False
21.040000000000006,79.2000000000001,0.1367197570002039,0.1740862973500095,0.448877503918519,0.2111571048514137,0.2117288040764992,0.4411030078551072,1.2733075382983534,0.9972998509706364,Gondwana_sediment,19.7283867690103,17.97121209349679,319.9717589892265,12.363639920689444,944.8522462260942,0.2960475160237324,0,False
21.040000000000006,79.21000000000011,0.0111420442222462,0.0755101318295205,0.2726450364619393,0.3235718440801958,0.1358115406559499,0.566227138155719,5.0,2.382506245633768,Gondwana_sediment,17.049258100064147,15.66396826597252,389.7234659473721,16.146620090326852,825.478760043116,0.38308763454878303,0,False
21.040000000000006,79.22000000000011,0.087627805711234,0.0532036965177338,0.2497146944205253,0.2341668035045412,0.0424897287988526,0.6487258737551254,0.6071554117461777,5.0,Gondwana_sediment,2.8102430348427743,15.607522471419609,267.2080208770714,11.100530716899602,921.1680765103014,0.2791739600937409,0,False
21.040000000000006,79.23000000000012,0.0185385238643089,0.1546465360985017,0.1802207918547651,0.2231765305030813,0.1668981320753227,0.0763713077203975,5.0,1.337202086052344,Gondwana_sediment,11.031474091783005,9.15991518007143,341.9189158625555,15.61327051730533,873.2429327030283,0.39477127095675957,0,False
21.040000000000006,79.24000000000012,0.0526420440263154,0.1737034876212295,0.5,0.3366048151291959,0.2089326562019147,0.4843325265874058,3.2997101557155544,1.6110684709947425,Gondwana_sediment,7.9560710304517634,7.960105859090056,359.9932073174274,16.181205642580125,876.6097427117244,0.38798680508886363,0,False
21.040000000000006,79.25000000000013,0.0993485179090194,0.0951678268739115,0.1675671967777223,0.1215051607061861,0.1912560902756686,0.2755604063364261,0.9579189381090886,0.6353008705109652,Gondwana_sediment,7.319689301372508,6.058314576663852,222.9567374753094,8.849636598961569,800.0,0.34491512748445174,0,False
21.040000000000006,79.26000000000013,0.0684884005728622,0.1352985214163317,0.232915207439405,0.1314080620163018,0.1117054258255957,0.265108762511155,1.9754954136334844,1.176380296010236,Gondwana_sediment,29.190316642573368,1.3138971790873155,433.32289927368186,18.18241892606311,800.0,0.26531166962516245,0,False
21.040000000000006,79.27000000000014,0.0341076566621191,0.1928147476076025,0.3182836836286188,0.1295888964387809,0.1489980537731297,0.2454887910592662,5.0,0.8697354970094072,Gondwana_sediment,11.792931740002812,4.564707269873982,553.737371188515,22.32883244314115,852.9717029866443,0.33698693257883666,0,False
21.040000000000006,79.28000000000014,0.0448608887221991,0.0647806306984619,0.337621296574441,0.2468853730535994,0.1178381865610011,0.6780302163491866,1.4440335980682937,2.0951219638489804,Gondwana_sediment,26.761396655313398,4.932072699560493,260.69716518122095,7.907157068711983,876.3453031708406,0.2647609320115343,0,False
21.040000000000006,79.29000000000015,0.0865879324680384,0.0973540965608672,0.3742932055215821,0.2785854226776649,0.1033366767905286,0.587174161029305,1.1243379264699396,2.695900730123041,Gondwana_sediment,18.934158779917887,9.681541394204032,439.1232053606056,18.812001938154825,807.7401086131239,0.3484478924816089,0,False
21.040000000000006,79.30000000000015,0.044169001048484,0.1433549805261866,0.4601608507769405,0.3281915457095796,0.1918894285589897,0.5249338190751435,3.245601593847835,1.7103159251821782,Gondwana_sediment,23.844339106249453,14.948888131933879,465.8956819643385,23.196703603513573,809.5653294761929,0.2998877594767589,0,False
21.040000000000006,79.31000000000016,0.0724537576874572,0.1613405711483374,0.3309157655460858,0.236943255399569,0.0840633844367389,0.3444855489357908,2.226807498675626,2.8186261676867845,Gondwana_sediment,15.079112793155764,9.476196567958933,367.73387216771533,13.554806392272681,892.0736314913166,0.31406160107990944,0,False
21.040000000000006,79.32000000000016,0.0672071551971124,0.1162752344069711,0.1755969200033483,0.1913089988364437,0.0990691784709163,0.2032454438687461,1.730102009122934,1.9310647528938552,Gondwana_sediment,17.307116538790773,1.1568889889432121,480.439034945708,18.472233703532424,892.1427240228666,0.27336627917576145,0,False
21.040000000000006,79.33000000000017,0.0461719895718234,0.0583874258599147,0.2564054874878374,0.2194256411014623,0.0883787183263776,0.629042310575358,1.2645637815245765,2.482788221060833,Gondwana_sediment,14.775530814565917,19.15579601976408,364.2926173964048,13.437403514896051,857.1129469806136,0.19754204918627927,0,False
21.040000000000006,79.34000000000017,0.1299183226797576,0.1728824444679744,0.3137832372514045,0.2272395192922617,0.0688876238350444,0.2895227628475434,1.3307010186781056,3.298698754750643,Gondwana_sediment,5.857289633941335,18.854486381882246,401.854915190974,18.19313835707016,903.0100860593137,0.28670173942045485,0,False
21.040000000000006,79.35000000000018,0.0844975706695381,0.0719811640875181,0.4907226041505989,0.1016767108670227,0.1505407145921268,0.7441596513557871,0.8518725855899725,0.6754100448836275,Gondwana_sediment,21.67356345784516,15.703790862968168,202.9412178217708,9.352854984299997,805.2898852140027,0.3576236167358963,0,True
21.040000000000006,79.36000000000018,0.01,0.0796344887531385,0.1450194521575872,0.4,0.2011151524240954,0.2910474800053785,5.0,1.9889103082477904,Gondwana_sediment,8.423170873225674,19.82655803128441,476.6880456538755,19.5449265174119,846.2032541456615,0.29718454888088286,0,False
21.040000000000006,79.37000000000019,0.0708336294430805,0.1065535133795813,0.4059576505225402,0.254490971267128,0.1336161621877332,0.5841904687596607,1.5042786042013605,1.904642124948172,Gondwana_sediment,0.7294789929436152,10.889646656005258,464.5370715778898,17.51967319246748,946.3938802891937,0.3464312622526952,0,False
21.040000000000006,79.3800000000002,0.0452664060569459,0.1548464168285874,0.3045914369546595,0.2325005815615752,0.067392609971788,0.3259309585842823,3.4207799994483707,3.449941786108456,Gondwana_sediment,19.364168877215036,19.255367005064123,215.36035093053783,9.158101538718924,867.4161064970009,0.358058757850798,0,False
21.040000000000006,79.3900000000002,0.0905730000438842,0.1266590390620852,0.3712830535229664,0.2605614788994945,0.1844972269870977,0.4912700051963788,1.3984193839320185,1.4122785638208442,Gondwana_sediment,5.313320382211469,1.5121008123350155,347.30004295805327,11.341590868580612,870.31562572936,0.41665180355432324,0,False
21.040000000000006,79.4000000000002,0.0411043778470164,0.1089146200144726,0.2782005283364256,0.266858768641056,0.2266050877017448,0.4373011725306461,2.649708509270316,1.1776380275915468,Gondwana_sediment,28.21375753058743,7.313614965227426,591.612736316667,24.937383813576112,979.297329298397,0.43348673123418074,0,False
21.040000000000006,79.41000000000021,0.0613179067559904,0.1106715412047204,0.2050567369873866,0.2070612560148233,0.1098278837926664,0.298944384371369,1.8048812635539,1.8853250074196284,Gondwana_sediment,28.61785731007762,4.507625360135316,368.2946250274467,17.08865814831948,800.0,0.2513832498091906,0,False
21.040000000000006,79.42000000000021,0.079789618369411,0.0937005867457347,0.3652872779401529,0.1724131204631444,0.1180322866641101,0.5917077814706718,1.1743455921105408,1.460728459897718,Gondwana_sediment,27.445931706613457,3.9166616826854006,400.77816205273666,14.196691812263335,903.8215183321155,0.241804540802673,0,False
21.040000000000006,79.43000000000022,0.0904926558251009,0.1141055805807362,0.3565431027105823,0.2582615480425125,0.1675630315041656,0.5151135670516104,1.2609374696127742,1.541279992191858,Gondwana_sediment,11.104761007663331,2.8160589778535217,563.9720632638874,20.433799415669313,947.199313990415,0.47318045570141076,0,False
21.040000000000006,79.44000000000023,0.0283911077883239,0.02,0.3892056965739928,0.2429997588371948,0.2226936873892484,0.9022496499312732,0.7044459159068298,1.0911838659500697,Laterite,0.46369849586602285,12.448272831319933,486.90475034630254,23.446573714485655,847.7571036750827,0.43135849446112867,0,True
21.040000000000006,79.45000000000023,0.0542449629247687,0.0795557016372038,0.2915695364621575,0.1590076930637344,0.1154282927137344,0.5712730178459702,1.4666007164734909,1.3775452203934404,Laterite,27.849556877631763,15.626437114946102,432.82805244968944,16.810982906394553,906.9815393427523,0.3495407570749962,0,False
21.040000000000006,79.46000000000024,0.0499116406651684,0.1008928773966669,0.2338177976680366,0.3147324927957013,0.0746175109500854,0.3971337938533342,2.021429787719511,4.217944130895009,Laterite,12.84552444951943,11.565967988407213,519.121872536429,23.901973714238853,814.8990251394648,0.2420627221482082,0,False
21.040000000000006,79.47000000000024,0.0444401230227857,0.0450194366552153,0.1388213004976378,0.2356346425426015,0.1726309303136159,0.5102343759283784,1.01303582194921,1.364961898647198,Laterite,28.999644571310085,2.9392541917641934,545.7465065823893,22.43144244387056,829.6633802216425,0.3592850942778129,0,False
21.040000000000006,79.48000000000025,0.1168836272084299,0.1063329327124579,0.377537326813963,0.2658873553587266,0.1808334036571104,0.5604899013857401,0.9097333404264478,1.4703442496490189,Laterite,28.908599312677584,16.222475398669417,382.75522869490675,15.62422489507179,883.2483208023917,0.3258189360002664,0,False
21.040000000000006,79.49000000000025,0.0759494513288256,0.0825211511605505,0.3388889482444215,0.3119344621375867,0.1410065725217567,0.6083570312743445,1.0865272837142674,2.2121980297637305,Laterite,25.590283664020802,12.71909414327457,390.0433459727342,17.128631481190546,903.9283336555395,0.33332406896549677,0,False
21.050000000000008,79.0,0.0317734813699485,0.1696190279326195,0.1564217367136045,0.2305322174815382,0.1214933370171273,-0.0404774268925762,5.0,1.8974885615273736,Gondwana_sediment,8.833466762087571,7.76331412253991,354.4203742607343,12.999517880704381,936.0468256203249,0.3957405017628782,0,False
21.050000000000008,79.01,0.0970158584116431,0.2107830257111723,0.2000426326703385,0.3010639685866653,0.1989389365496021,-0.026143432911499,2.1726656749203084,1.513348636807783,Gondwana_sediment,11.552931858057757,13.48260591072126,586.6824560073842,24.7100966206323,958.4814293469872,0.3761492733487851,0,False
21.050000000000008,79.02000000000001,0.1330246859103788,0.0804077772352732,0.2081241188048573,0.2851019066954277,0.1754418002273979,0.4426420207891207,0.6044575608244598,1.6250511916965584,Gondwana_sediment,25.534100145505708,5.1980995848566565,478.86650171614014,19.189792075190987,876.6276720722534,0.26944463147634773,0,False
21.050000000000008,79.03000000000002,0.1002139578165341,0.1206744389985313,0.10740155680176,0.2128316689607948,0.1104382241548249,-0.0581949983135177,1.204167977269576,1.9271558411669805,Gondwana_sediment,9.50766015468833,6.90384416988421,233.2892264832289,7.079397549991141,939.6805877586419,0.336143123655392,0,False
21.050000000000008,79.04000000000002,0.0235389010213792,0.0957220973756638,0.1748317603394889,0.2315836163992193,0.1511347365652831,0.2923989463786327,4.066549108731498,1.5322990697506271,Gondwana_sediment,5.084782400582775,18.349716862639806,545.1838493252073,23.390957871336436,862.8847578275551,0.3566394306184004,0,False
21.050000000000008,79.05000000000003,0.0544729778140121,0.0804336209536145,0.1441169643193673,0.2362884010655794,0.0809146233987671,0.2836035508879829,1.4765783702991675,2.920218754638088,Gondwana_sediment,16.704037873750504,5.810090113428408,392.22397633450726,15.816050066848637,925.1045655794259,0.3724268232125357,0,False
21.050000000000008,79.06000000000003,0.1068873344755982,0.1061209993611244,0.2171520988112095,0.1602759013821613,0.1826145228218953,0.3434591373159963,0.99283043947614,0.8776733570676175,Gondwana_sediment,28.08464322482343,9.399765363158732,227.50156256899498,9.165182116818707,890.3744398926216,0.3469912436776569,0,False
21.050000000000008,79.07000000000004,0.047529916031436,0.0678087172444956,0.1854302501670474,0.3891345752071702,0.1350283215308564,0.4644685376755468,1.4266534167024807,2.8818737469832088,Gondwana_sediment,20.88089390024919,17.802822747920292,419.8869020653244,15.074965699226869,902.2838953541087,0.385027608481584,0,False
21.050000000000008,79.08000000000004,0.0819545828443863,0.0685560025832475,0.0974995079133292,0.1537073507466365,0.1261744583807623,0.1743001796573823,0.8365121280620645,1.2182128823645564,Gondwana_sediment,17.101835102680948,14.154427005350549,366.86571159028085,18.468872051787308,901.1753937011143,0.3198549232470546,0,False
21.050000000000008,79.09000000000005,0.0917590216028794,0.1226884489560098,0.4633590230569527,0.1354327267418974,0.1461362757423773,0.5813020110344875,1.3370723301004823,0.9267563851700668,Gondwana_sediment,2.9152948131230563,1.244064523294055,551.09976194505,24.71591845381598,800.0,0.3089334887609536,0,False
21.050000000000008,79.10000000000005,0.0405920858526568,0.1227811833688714,0.3872540731029281,0.3179958602992488,0.1496153849665113,0.5185384467570152,3.024756685627661,2.1254221961055952,Gondwana_sediment,18.45021680097509,2.946060885579407,281.59784144375493,13.661555161833746,823.7939070569738,0.14014376013748514,0,False
21.050000000000008,79.11000000000006,0.0664942393181452,0.0652473696135992,0.1849980578480069,0.2756286375557561,0.1921665030782769,0.478532972215555,0.981248453768977,1.4343219707757786,Gondwana_sediment,29.701615503127897,0.15683181543833635,530.5858437968732,21.49685408665302,885.1270719908887,0.30944014230444256,0,False
21.050000000000008,79.12000000000006,0.01,0.1330542172305027,0.2910421396653669,0.1535824627763435,0.1767945265662598,0.3725283649074184,5.0,0.8687059813014778,Gondwana_sediment,4.202520457095721,12.618435804583267,423.0754764741811,14.169779074084037,800.0,0.3381951454287822,0,False
21.050000000000008,79.13000000000007,0.0373083707599704,0.0717968908333854,0.3064465089821359,0.2676102310571163,0.1392395360603585,0.6203667220661567,1.924417742679272,1.9219414143186784,Gondwana_sediment,15.549889570912102,8.953468508208367,221.84412128538762,13.149339818536838,921.5605551600003,0.326065484829143,0,False
21.050000000000008,79.14000000000007,0.0603429554582042,0.1070066095215178,0.3847085854773546,0.3275495311498094,0.1850634074859483,0.5647618351513367,1.773307398214922,1.769931373373673,Gondwana_sediment,26.321192157838663,2.6854970180455107,588.7381205301938,24.40856000607967,923.5777983144196,0.32303030478205175,0,False
21.050000000000008,79.15000000000008,0.0303665045410535,0.1295137605044967,0.1846394973339995,0.2223815859682085,0.1667368626845791,0.1754740256117128,4.265020358299736,1.3337277807338936,Gondwana_sediment,22.223058532626133,19.15868242113541,405.04609764127997,15.379321143013225,896.358527643902,0.2840618002777223,0,False
21.050000000000008,79.16000000000008,0.116652339117948,0.0951754974118499,0.3766106783982504,0.4,0.1251900181856965,0.5965312155310554,0.815890174598456,3.1951429153653343,Gondwana_sediment,20.91047222985804,10.593194478912398,316.350741692633,14.014884052825936,823.9432993621164,0.3591470318972509,0,False
21.050000000000008,79.17000000000009,0.0246557586611799,0.1145296364856437,0.2135094695793147,0.1032156732392347,0.140104092088174,0.3017318095114483,4.645147512798053,0.7367070556412129,Gondwana_sediment,21.07452251961328,4.837865882257784,387.76273679570323,18.491022275827564,949.0069469434383,0.38330076878081787,0,False
21.050000000000008,79.18000000000009,0.0542386653990893,0.0755028142444953,0.1356137595831474,0.2721676417701342,0.1387488555578422,0.284728689085558,1.3920477863852143,1.9615847675263407,Gondwana_sediment,10.784734536592655,10.01207142309415,543.1431134069956,22.58486194645388,981.8605319859304,0.40946842938587813,0,False
21.050000000000008,79.1900000000001,0.0712422173185815,0.0881213366628742,0.3425136559314589,0.3049569835354672,0.1712430671587082,0.5907376864033748,1.2369257984366209,1.7808428009219694,Gondwana_sediment,8.807755327934801,13.592406654702156,321.9612497540254,15.97220240896314,887.3538413723112,0.24644699241672224,0,False
21.050000000000008,79.2000000000001,0.1104381986719821,0.0875656227647844,0.4000758424122524,0.285394073112364,0.1274488692639159,0.6408606361436592,0.792892529382683,2.2392828946756147,Gondwana_sediment,24.28083466435541,1.5247843594712895,277.0705585946801,13.710606485145409,905.5267689225743,0.3315500361826837,0,False
21.050000000000008,79.21000000000011,0.0240041354646154,0.0657568661383884,0.5,0.2083950991348012,0.1260995406789163,0.7675437273060652,2.7393973826460427,1.6526237752139747,Gondwana_sediment,24.30340184037542,5.49407630095784,251.6284987723526,8.33175840737724,890.0869327398148,0.31977704938993023,0,True
21.050000000000008,79.22000000000011,0.1018549125646473,0.0883690334753666,0.1528274734909892,0.202069096259216,0.2438778654716958,0.2672445003438188,0.8675971650608312,0.8285667737231005,Gondwana_sediment,26.012169557403112,16.139309817679873,319.1437593560845,11.950076428517903,906.5184594499525,0.32591583696380455,0,False
21.050000000000008,79.23000000000012,0.0671469918305861,0.0333152680454479,0.3435919685080899,0.2531901619761043,0.192246774087353,0.823217678751697,0.4961542890839833,1.3170060358430735,Gondwana_sediment,27.397216576694138,9.193297408053224,512.0192348160174,23.24920911056026,874.0220621686927,0.2969568961273619,0,True
21.050000000000008,79.24000000000012,0.0372747404685599,0.0754338501143135,0.2336198756206582,0.278902814065641,0.1070499667787407,0.511839891523627,2.023725691009626,2.60535170815666,Gondwana_sediment,15.340271965828133,10.931542840645898,388.65054607810464,10.768547625633484,878.2717880078224,0.3120467069139326,0,False
21.050000000000008,79.25000000000013,0.0804631042278965,0.0835049802652107,0.3538358710524151,0.2636731405397614,0.1734470496971075,0.6181240328017281,1.0378046057596566,1.520193862323962,Gondwana_sediment,15.045488840615988,8.656320044189385,290.992641477416,11.825782008562355,925.2858800248807,0.38946444414466286,0,False
21.050000000000008,79.26000000000013,0.0724517908672024,0.0844728099001823,0.1293510448768873,0.2940040523555331,0.1506375032827563,0.2098841357177204,1.1659174848889735,1.9517321102202232,Gondwana_sediment,23.948855369003255,0.8779988528601024,266.47399984389966,8.241420923579808,997.2812080948345,0.2783378853681714,0,False
21.050000000000008,79.27000000000014,0.0483534936852344,0.0848801021651662,0.1510230224301564,0.1495791030053242,0.1641175587630021,0.2803817047799435,1.7554078417201333,0.9114143790682756,Gondwana_sediment,19.498917923332954,3.3149955964031186,333.09179060415164,12.92571700563927,809.9964382799255,0.39261340275649476,0,False
21.050000000000008,79.28000000000014,0.0683340625496987,0.0918894320055921,0.2006125176833649,0.2046560314613411,0.1512270662282525,0.3717003792836851,1.3447090432284905,1.3533029267202472,Gondwana_sediment,21.0590063177311,8.910832774837818,575.9697491542836,23.40109937003674,874.8093757798641,0.3522455721687721,0,False
21.050000000000008,79.29000000000015,0.0545605920941453,0.1133576607234398,0.2869964045668223,0.1544988847513326,0.203662132274259,0.4337129527437689,2.077647183888222,0.7586038845327331,Gondwana_sediment,23.87378008308303,4.183709308158557,337.21068503600975,13.333956454018724,820.9769757384084,0.3057497711188925,0,False
21.050000000000008,79.30000000000015,0.0694055203575355,0.128980682965298,0.2158918733461787,0.1929721056739653,0.1612810172325694,0.25200958662882,1.8583634574747183,1.1964960840744654,Gondwana_sediment,26.70016025452699,0.9995805731935747,595.2496303818541,23.69754542835204,959.6012449288166,0.4051921741669525,0,False
21.050000000000008,79.31000000000016,0.0857439202356294,0.0678293909260663,0.3468054343913567,0.2907654624269964,0.1407155650892826,0.6728234734852248,0.791069391982081,2.066334751495863,Gondwana_sediment,10.139854705546075,16.872993281036475,394.0921823061425,14.226220296831642,850.6131015340176,0.2463881758168348,0,False
21.050000000000008,79.32000000000016,0.1133405044843585,0.0455119657844311,0.3844894618258066,0.2269588744507609,0.1957495288491478,0.7883171408207509,0.4015507602629116,1.1594350988692326,Gondwana_sediment,11.26748857919832,19.623850583282316,271.66556731606033,15.903221171806551,807.8399603107227,0.2697049398589703,0,True
21.050000000000008,79.33000000000017,0.0285055350351924,0.0673116905633545,0.3426577541245512,0.48,0.1551242520543904,0.6716258176353719,2.361355092760659,3.09429372476375,Gondwana_sediment,2.81945819522607,15.862857479934789,556.4560367174038,25.0,911.9093499424412,0.33591223460888775,0,False
21.050000000000008,79.34000000000017,0.1295110012396858,0.0737918831521997,0.4454787639661029,0.2323384457032748,0.1493539289664496,0.7157864262210938,0.569773087914407,1.555623257824735,Gondwana_sediment,17.34840422988522,17.07569843409334,384.14214925393077,13.681791245067881,967.2155557371681,0.4309838519230469,0,True
21.050000000000008,79.35000000000018,0.01,0.0790231472873363,0.3260826629455509,0.222678431640576,0.1588011301243024,0.6098641622918184,5.0,1.4022471460124282,Gondwana_sediment,1.0782682139022626,4.839542606340908,483.86853740180976,23.325422561015877,913.1798934280506,0.340117630979191,0,False
21.050000000000008,79.36000000000018,0.0607264471489302,0.0621201573520983,0.1637103289660003,0.2256328043608094,0.1382395488316782,0.4498514493114969,1.0229506280427532,1.6321870702307,Gondwana_sediment,13.967940543973805,19.212539510263994,593.4846332836607,23.929595405873492,890.2398938641084,0.3563426937582979,0,False
21.050000000000008,79.37000000000019,0.0828095161945349,0.0408953334300007,0.4226376513538515,0.1732533914997986,0.1432013496497699,0.8235494136830503,0.4938482345983662,1.2098586486966891,Gondwana_sediment,16.2793390412273,3.9385140890685677,220.0701401279896,9.427964118662988,900.4570461388122,0.3081924425052482,0,True
21.050000000000008,79.3800000000002,0.0734697560320485,0.0743151669010288,0.2266843764394182,0.2135514371335624,0.1132252705619027,0.5062107662915298,1.0115069222151878,1.8860757486836968,Gondwana_sediment,8.596237563848533,19.028596207236646,238.67782391502686,9.818361409998953,950.7420331412902,0.38087036587635836,0,False
21.050000000000008,79.3900000000002,0.0462390144053797,0.1295281842459217,0.3791418499685754,0.3554941942773708,0.1048216390188023,0.4907182434267872,2.8012747596697074,3.3914199135396284,Gondwana_sediment,17.724997817070324,19.89638587931902,488.18269658510246,19.021448408538003,836.290036499305,0.39747074333596216,0,False
21.050000000000008,79.4000000000002,0.0585563324892792,0.1160011786334188,0.4463734216555295,0.2249779467689377,0.0922714806758742,0.5874593959144302,1.9810185082297465,2.438217582260386,Gondwana_sediment,0.9150074981714829,14.234456114920974,312.7300013181888,14.998121408803492,874.4076447956969,0.37767920138209204,0,False
21.050000000000008,79.41000000000021,0.0498899719602324,0.0697230778756632,0.3355688010730593,0.1611578189081505,0.0724208356601423,0.6559364668775836,1.3975369196736818,2.22529631447371,Gondwana_sediment,1.1204456624764325,19.62287463583644,273.7205587800396,11.656796343654966,857.3654925745359,0.31743926032655695,0,False
21.050000000000008,79.42000000000021,0.046879057291671,0.0753200871142586,0.1411841186835548,0.1516440765664889,0.0978541319307682,0.3042159448873843,1.6066894537781549,1.5496951781127402,Gondwana_sediment,24.678016819789747,11.390795591342073,215.7447519278918,8.036261817223675,821.606734635427,0.34187706785155864,0,False
21.050000000000008,79.43000000000022,0.089928062910628,0.0545920676461035,0.1998787833490411,0.1845858675833842,0.1329466482766496,0.5709365731975959,0.6070637553891451,1.3884206171218096,Laterite,10.805719242337886,5.190835663521806,208.73868479448072,6.088266312169084,863.5812370291724,0.35271881161630025,0,False
21.050000000000008,79.44000000000023,0.0750304645789486,0.0902224331850048,0.4248744466885343,0.2209704404087547,0.1466358791222777,0.6496875180465483,1.2024773346541535,1.50693296607031,Laterite,3.8118153795565437,8.739917713312417,509.7942412479164,19.454236691224942,935.386054799135,0.37609915413453937,0,False
21.050000000000008,79.45000000000023,0.0434127121421775,0.0745717110220721,0.2765877314357395,0.3588612689799975,0.1277351718426137,0.5752828941241109,1.7177390485550474,2.8094162596126573,Laterite,15.667297801644132,11.87121870757572,253.77337094782,7.2911302249549745,908.3301074196488,0.39622145832538874,0,False
21.050000000000008,79.46000000000024,0.0910679962629946,0.1140451125296436,0.3023573534942382,0.1213657951043422,0.03,0.4522361327912277,1.2523072548457406,4.045526489992985,Laterite,23.099806592958323,1.4616312405402998,387.08824638846033,16.153124029682854,912.2155250054225,0.39730470706890675,0,False
21.050000000000008,79.47000000000024,0.0731789856262953,0.02,0.371182441616383,0.1925121605477797,0.2196693178881126,0.8977459215078957,0.2733025034646445,0.8763725508457099,Laterite,6.4746308249052955,12.446865292344922,442.35872607179317,16.038282401755925,887.3237805826784,0.32638848787476016,0,True
21.050000000000008,79.48000000000025,0.0882258635651657,0.076374813101897,0.3658322862080549,0.2247017013604479,0.1950840061445145,0.654574459551618,0.8656737370319683,1.1518202116416,Laterite,18.686714274570008,19.62355673524589,371.3407202275385,14.941408984443688,906.166189136442,0.37190627400005416,0,False
21.050000000000008,79.49000000000025,0.0826088652577053,0.102624293567665,0.3249799812385691,0.0859405962659319,0.1628679925608518,0.5200034254093052,1.2422915279527302,0.5276702614300054,Laterite,2.56042394981304,3.8021529956745526,210.84266093449324,11.525314579491294,839.9704828826073,0.295834185022988,0,False
21.06000000000001,79.0,0.0446501496723377,0.1066333806529,0.2327331628779539,0.1704481201923513,0.2446545336276633,0.3715739945249846,2.3881976028434955,0.6966889907794857,Gondwana_sediment,1.550451635058231,15.851902325767666,513.4006010351636,23.790290855641658,880.5245057036535,0.2840430698230912,0,False
21.06000000000001,79.01,0.0525945687940907,0.2,0.2232331554267653,0.1809078022184665,0.1002317941258142,0.0548944597637885,3.8026740061837616,1.804894381226936,Gondwana_sediment,15.94063894704444,18.15797587559239,204.2052898166614,8.443999954155656,905.6002118484488,0.32612539165796894,0,False
21.06000000000001,79.02000000000001,0.0916988081536976,0.112912000982716,0.3411898825291358,0.1724820738304646,0.2433012560312999,0.5027019040985583,1.231335533503653,0.7089238936661426,Gondwana_sediment,16.219053648303195,18.874031856404414,504.7559577509936,20.857328787338435,909.8757929441095,0.3373895147670619,0,False
21.06000000000001,79.03000000000002,0.0874711079630037,0.0585778161263192,0.3116569531067813,0.2413322681515146,0.1004792961624722,0.6835639381907069,0.6696818803773101,2.401810891679676,Gondwana_sediment,19.122897044946196,19.202712088108946,557.321797515249,25.0,912.0093927461087,0.25892447282089115,0,False
21.06000000000001,79.04000000000002,0.0684129521810752,0.0947414301164366,0.2314699999382234,0.2163608273348733,0.1604968962645673,0.4191409533288348,1.3848463917649771,1.3480686059088118,Gondwana_sediment,21.782740011679845,10.429192774429438,373.1359684228689,16.588844258336962,889.0832358991961,0.3764228414330345,0,False
21.06000000000001,79.05000000000003,0.072439821499263,0.0273301466613413,0.366311231299317,0.1884299728179264,0.0846881337432891,0.8611419010573125,0.3772807008351245,2.2249867161626917,Gondwana_sediment,29.27556238387604,19.546158159830075,414.2169892391193,16.60342829854359,877.1288299434985,0.19055704009869207,0,True
21.06000000000001,79.06000000000003,0.1071299468736523,0.0949760100281289,0.2460965884870249,0.2569573838586833,0.1489347047772176,0.443074521590084,0.8865495849772748,1.7253022663221442,Gondwana_sediment,15.48901044903586,15.146204142688777,390.7933570470615,13.431020309386655,1053.88856415223,0.5309490585314023,0,False
21.06000000000001,79.07000000000004,0.0509328583349246,0.0841070850359595,0.1747337825665644,0.4167782762822835,0.1673283248999186,0.3501251496141588,1.6513325114752924,2.490781380154771,Gondwana_sediment,9.68869418823738,3.233428724739238,355.68344744937554,15.607890080053469,941.339363646635,0.428096218057304,0,False
21.06000000000001,79.08000000000004,0.0849729214351005,0.1344556110224056,0.1849029301096697,0.3411479561719212,0.1401054834432714,0.1579645212952186,1.5823348025860775,2.434936503156624,Gondwana_sediment,23.85558584306111,9.5380021293594,554.9698141481441,24.782389801338397,916.6573737976461,0.33069607896550157,0,False
21.06000000000001,79.09000000000005,0.0623742204269825,0.0756783890161776,0.1638259163690281,0.0915059759556348,0.1833538722045059,0.3680415146369689,1.213295947857815,0.4990675942947408,Gondwana_sediment,8.124967537862226,14.36662350744008,557.5734042679962,21.968922128805886,884.3395750896954,0.33209865868682437,0,False
21.06000000000001,79.10000000000005,0.0617895639031827,0.0928093633681891,0.2353589983396364,0.266195052868458,0.1524307224743618,0.4343795793907885,1.5020232763482295,1.7463346520488834,Gondwana_sediment,13.169142621169083,4.946806316381666,334.32654585661385,14.51267825430164,873.4390586528211,0.3426882406741721,0,False
21.06000000000001,79.11000000000006,0.1011633055596149,0.0718776863438227,0.3868724278336249,0.2130383696955294,0.1211792635811234,0.6866368676243999,0.7105114436025868,1.758043110875209,Gondwana_sediment,2.353691440267979,12.812303670977748,446.0279016058792,17.857349310414907,889.4599703136672,0.3040894694681781,0,False
21.06000000000001,79.12000000000006,0.09284249046964,0.166674054074132,0.1838904818969551,0.2360608740005729,0.1187793341098818,0.0491105803678099,1.7952346285789456,1.9873901093220128,Gondwana_sediment,0.7605223024637253,13.332009580932384,570.7630248583457,23.413727904033063,910.6414421793492,0.35112149819660277,0,False
21.06000000000001,79.13000000000007,0.0923652890800182,0.0840902893552822,0.2841475761018168,0.1970201876520194,0.1874856886307835,0.5432827676313849,0.9104100696463124,1.0508545424761822,Gondwana_sediment,28.87945244033775,3.2539948761713178,584.8233995765406,19.391997533897865,801.9782227968609,0.2935418346637398,0,False
21.06000000000001,79.14000000000007,0.1070043642146289,0.1700622817391666,0.2005310654372657,0.2328312040921018,0.1140728985096502,0.0822162187260523,1.5893022946160047,2.041073795177543,Gondwana_sediment,25.079403615366175,11.301706249055126,403.58361616881905,16.372421199601856,817.5305202312808,0.301860309225182,0,False
21.06000000000001,79.15000000000008,0.0683501152489817,0.1291460704847291,0.2410690958728637,0.2348985177250388,0.1923501485242453,0.302318855434992,1.8894784569906813,1.2212026837780687,Gondwana_sediment,20.87922618281094,15.432538219572153,381.1299221137307,17.819152026221552,864.1558805530672,0.33313150838143213,0,False
21.06000000000001,79.16000000000008,0.0880585891388478,0.1156826690934138,0.1169958788014826,0.1834733769855727,0.2075355896415949,0.0056438795900412,1.3137011402674093,0.8840574149909306,Gondwana_sediment,12.268588332428097,9.977913290718838,311.4777263714103,11.715433487675647,906.3569718389434,0.2742074745219041,0,False
21.06000000000001,79.17000000000009,0.0581719973021952,0.1109693258926991,0.2468461770843546,0.1609542716522345,0.0627843068826918,0.3797399777907194,1.9076072826839447,2.56360672574766,Gondwana_sediment,5.1988296021253735,0.2420623355221485,583.548749276164,24.419583956270802,884.0363426424225,0.3334921146975908,0,False
21.06000000000001,79.18000000000009,0.0770849905746521,0.1117918919286483,0.2504294620195126,0.1919913022166331,0.2026863193650499,0.3827426752770382,1.4502420114504715,0.9472336501218028,Gondwana_sediment,4.693111280132581,0.18076938158584355,257.12572178914695,9.201670327830614,969.9060613049892,0.37188716032024477,0,False
21.06000000000001,79.1900000000001,0.0633357083689682,0.02,0.3247287944035789,0.2394981485119704,0.2488811349222331,0.883966756656921,0.3157776313467645,0.962299326104309,Gondwana_sediment,7.50728694493786,7.140586879400244,431.93183041909003,18.718042953380962,821.8801606502266,0.3146475413116307,0,True
21.06000000000001,79.2000000000001,0.0700298789497802,0.1098820635041581,0.2939280913255468,0.3176756927014743,0.1582801880600944,0.4557736490144169,1.5690740151935612,2.0070464686342,Gondwana_sediment,16.476799941183614,18.52388136863564,313.0201070074555,12.609458063571633,858.4327265198465,0.31112073467313467,0,False
21.06000000000001,79.21000000000011,0.084854710763106,0.1293063188473708,0.1526607875048057,0.2822344284138068,0.1754542092647391,0.0828269259889574,1.5238555117579438,1.6085930878243568,Gondwana_sediment,21.43787768100187,4.573535592072176,311.60331613911865,11.104988424432596,972.0045870495701,0.4213946089420574,0,False
21.06000000000001,79.22000000000011,0.0423333795029944,0.0933641126610336,0.3818198244043649,0.1876066983853125,0.1971702662184558,0.6070401147480868,2.205449069661087,0.9514958917908198,Gondwana_sediment,19.80592130153194,12.687273777433743,361.9874349504754,17.747912724933396,902.5559662337723,0.32077585959358706,0,False
21.06000000000001,79.23000000000012,0.1295316182705623,0.0389324061278547,0.2953303040222106,0.2417691197111878,0.1313658842410466,0.767055043927999,0.3005629561152973,1.840425472137933,Gondwana_sediment,8.398016908378285,4.4415174138664115,599.5171743262617,25.0,940.242129140073,0.36395709376868685,0,True
21.06000000000001,79.24000000000012,0.0364594785550073,0.0928638219768989,0.2950393517177602,0.288975181436727,0.1540740111768911,0.5212010197366552,2.547041960078737,1.875560836262001,Gondwana_sediment,28.645958419895823,6.433399793190972,221.98652273592882,8.039624919474019,998.5623471634882,0.43932575688258535,0,False
21.06000000000001,79.25000000000013,0.0300943416163664,0.1629442206502172,0.2751817646614982,0.3028916426600849,0.0790700235188421,0.2561764144297653,5.0,3.8306760109264335,Gondwana_sediment,22.136907500873054,16.96084179202968,431.4167272814126,18.971273588894412,861.3097791049239,0.31902236016333085,0,False
21.06000000000001,79.26000000000013,0.1011433262050003,0.1444756686213862,0.2252242552777905,0.2168817002107892,0.15153175142652,0.2184165627704702,1.428425126001058,1.4312624121739403,Gondwana_sediment,16.63062157534202,14.577228845398938,233.02886321411086,10.78435997289538,891.0342831104134,0.34486101953978265,0,False
21.06000000000001,79.27000000000014,0.0900298808188863,0.0919398396253561,0.2996802339748856,0.2052347792542228,0.1693255997822244,0.5304641112665244,1.0212147199016135,1.2120717682203708,Gondwana_sediment,18.351622387030567,1.9079855462642126,261.8083319962076,12.193282969864335,882.3786549534715,0.32607276379180694,0,False
21.06000000000001,79.28000000000014,0.0848835945115628,0.1322979710823207,0.3263588435928717,0.2337786963685429,0.1700481511463207,0.4231069205974156,1.5585811567916228,1.3747794060395648,Gondwana_sediment,12.588001872833697,8.574040419728671,375.82517670915945,12.27087057089149,800.0,0.36186848967817997,0,False
21.06000000000001,79.29000000000015,0.0848903652779265,0.0793997191852751,0.1050104308654584,0.1396204768971769,0.1973312361798762,0.1388790782896143,0.9353207378928412,0.7075437195313177,Gondwana_sediment,7.431929685034724,0.5833952729052894,404.1840525385765,18.85421527117261,880.4801598122166,0.31729383185026644,0,False
21.06000000000001,79.30000000000015,0.0655525968145906,0.0257251365269283,0.2267239162654048,0.2062473342275096,0.1051398910932206,0.7961954201674121,0.3924350481560021,1.9616468296365168,Gondwana_sediment,10.679180359537847,9.61780293206018,303.5169633458096,11.50714221355727,940.0531093690482,0.41668764487780335,0,True
21.06000000000001,79.31000000000016,0.038882368855423,0.0567213604748148,0.2560053029596559,0.2716210478931141,0.1170696621663222,0.6372464062786085,1.4587938440644757,2.3201659818168987,Gondwana_sediment,22.735383313931074,13.24868023402136,326.5828523497665,12.891962981024403,923.0294770906271,0.3409566591766319,0,False
21.06000000000001,79.32000000000016,0.0679541367458097,0.1560355507403248,0.3080170605694431,0.2641362990610539,0.2382953672995647,0.3275092222138482,2.296189135539678,1.1084407638448135,Gondwana_sediment,0.43180465889267605,2.370052471963031,234.78680810237321,15.058547175452617,926.9541584694155,0.30463482325362995,0,False
21.06000000000001,79.33000000000017,0.0452451486546345,0.0823802767268246,0.4026311005927283,0.1999812676945225,0.1358235813118113,0.6602954874373487,1.8207538044260776,1.4723604370892545,Gondwana_sediment,3.482179215207487,5.777698778183313,321.2879135377002,13.990743158846199,877.22455096804,0.3629278651417211,0,False
21.06000000000001,79.34000000000017,0.0946935920025303,0.1084520330724948,0.2070259185403379,0.2806083288913155,0.1531616893656131,0.3124588736951451,1.1452943189130198,1.8321052077080655,Gondwana_sediment,1.3800792606525825,7.956732510043139,586.6233757522176,23.669995705448052,863.1951381997329,0.308464785137117,0,False
21.06000000000001,79.35000000000018,0.0609082785549336,0.0809864721490014,0.2353038153182324,0.1605744761796463,0.1396294979137356,0.4878978243567713,1.3296463787429902,1.1500039638031951,Gondwana_sediment,1.221864069569104,18.390620493120995,577.8829526689926,19.667867615696213,959.462783594946,0.3908235888030629,0,False
21.06000000000001,79.36000000000018,0.0404350840962223,0.1689654635829168,0.2347465889353621,0.267244450375746,0.1017159586847454,0.1629407022302679,4.1786845988242645,2.6273600875286176,Gondwana_sediment,25.663817520330216,19.86510030845928,333.951316054794,16.694166436842462,871.1341426821315,0.1902050842596126,0,False
21.06000000000001,79.37000000000019,0.0554384247504078,0.157658356614479,0.2067472409895634,0.212252499470441,0.2237964605445868,0.1347094684724154,2.843846249959231,0.9484175882813496,Gondwana_sediment,21.109735781400712,0.8982259799123171,428.34157451150463,15.157146263028821,910.7041019396758,0.34177430132212566,0,False
21.06000000000001,79.3800000000002,0.0773479436282663,0.1811912093379217,0.2530813504887918,0.1980833983812643,0.1160549294039661,0.1655415234225299,2.342547204286008,1.7068072784835475,Gondwana_sediment,14.225214872619755,15.22015846990784,563.8381564443778,21.486378711516732,904.1667340338919,0.3160822603248354,0,False
21.06000000000001,79.3900000000002,0.0479282634158782,0.0858981915839942,0.3657802219988156,0.1917793314734567,0.0858957238146497,0.6196488960647295,1.7922241550757787,2.232699402638694,Gondwana_sediment,2.935024819530044,7.434481328046864,202.47352905635867,7.773692445839246,969.085850812871,0.31024425972826264,0,False
21.06000000000001,79.4000000000002,0.0400533881330045,0.10390497954988,0.1842164504635844,0.2123974293170036,0.1195429861348586,0.278741747471117,2.5941620455535124,1.7767452194955184,Gondwana_sediment,14.74847625350497,7.849163724589601,524.2734281350367,24.677549755693782,944.570617883633,0.3265519316143724,0,False
21.06000000000001,79.41000000000021,0.0719106163447547,0.0406045874301138,0.3332814395153097,0.2221782778257077,0.0418146999137194,0.7827969779936134,0.5646535857651592,5.0,Laterite,14.20415312341697,15.085299466940453,579.3478211155675,25.0,831.237068966659,0.28302874364786457,0,True
21.06000000000001,79.42000000000021,0.071828997133259,0.150797377044727,0.1212097769981863,0.2622700125201728,0.1091556267508369,-0.1087750803458473,2.099394156304652,2.402716379235029,Laterite,5.196056097300455,18.368528642908174,236.5302937334228,9.539753885878765,836.622341661263,0.3113340883804446,1,False
21.06000000000001,79.43000000000022,0.0491517047388634,0.0448288179492785,0.2361662003557997,0.1882301516388605,0.0931335701073795,0.6809280231818631,0.9120501129359234,2.0210773754268243,Laterite,13.01554947713919,19.018571890050968,264.5790744131684,11.640712227826327,924.9454909034718,0.27848823602455414,0,False
21.06000000000001,79.44000000000023,0.0501088508314475,0.100031022550501,0.2602510699782222,0.3271074867219097,0.172231431546362,0.4447072188870366,1.996274524182375,1.8992322341809849,Laterite,11.955142031921204,11.542451720766415,584.2985211085422,23.145000327113717,892.7831176310567,0.35060735812463195,1,False
21.06000000000001,79.45000000000023,0.0710814981207262,0.0472878988946819,0.4615859672914278,0.3178647352436896,0.1075092880220021,0.8141468757678557,0.6652631145708401,2.956625802256034,Laterite,18.475502941566493,7.142423186010056,415.0160574561385,17.57164310646981,873.2414108023268,0.3957762683111619,0,True
21.06000000000001,79.46000000000024,0.0205574697550773,0.0674453269304478,0.2675197695247529,0.1525919557101774,0.1853901967789381,0.5972993743284944,3.2808184764911545,0.8230853533740066,Laterite,19.052809526029314,15.750981717175584,205.67865378868947,8.716617397418334,946.7813941997385,0.36908944767229324,0,False
21.06000000000001,79.47000000000024,0.0216560867687003,0.0745283535854098,0.0757756526549303,0.2634951586320506,0.2107441996534616,0.0082985084688708,3.4414506202007296,1.250307998703165,Laterite,1.3591202931613355,5.020027665246005,303.05279950541166,14.56473977075486,905.3729691044606,0.37996429387562314,1,False
21.06000000000001,79.48000000000025,0.0422066733624239,0.0663249895729627,0.0969111093138976,0.1688540365064588,0.1796987668143754,0.1873735033535498,1.5714337125386368,0.9396505018140496,Laterite,11.238378438794136,11.281480576670354,379.97746970754383,17.76675081602556,898.6228693444872,0.39171169873487244,0,False
21.06000000000001,79.49000000000025,0.0572365854486415,0.0688950918740362,0.3011029586346912,0.1912346705767895,0.1296905855569915,0.6275921356305051,1.2036897591574005,1.4745455085118595,Laterite,18.77579747142709,7.171569230497463,477.16356440990705,20.869769948157415,934.9914320377675,0.41244626262337164,0,False
21.07000000000001,79.0,0.07876722696794,0.0772292482029967,0.3155770855789915,0.3687699227351355,0.1562157248352795,0.6067820623472994,0.98047438100599,2.3606453376439385,Gondwana_sediment,15.094087757402631,13.132621474157522,493.2641512547198,19.827977853854456,893.2445502528393,0.42847364098588003,0,False
21.07000000000001,79.01,0.1135806865084864,0.132313356471212,0.2926455857627263,0.2067700008018936,0.0727307529927967,0.377288752675601,1.1649283027078126,2.8429514615100566,Gondwana_sediment,25.694695235649668,4.807978257870138,598.1686051701824,25.0,990.4259492736452,0.34644963106382043,0,False
21.07000000000001,79.02000000000001,0.0949297886960603,0.0546054882774988,0.2727570105801006,0.2532158225954194,0.1421110313739376,0.6663913032105031,0.575219738398544,1.7818167947212298,Gondwana_sediment,19.76080894856835,3.8318589146965154,315.0044797535036,12.94124972398989,872.5976188383671,0.2912999078063318,0,False
21.07000000000001,79.03000000000002,0.0642818441010969,0.1074416570805542,0.3731259597505687,0.2655924905805787,0.1055980765966579,0.5528551931290316,1.6714152870978285,2.515126211469953,Gondwana_sediment,4.888032812442891,18.364781733508742,415.2880407473901,15.13983962704832,944.8464533171219,0.39349070241015743,0,False
21.07000000000001,79.04000000000002,0.068389513762919,0.1471583660922218,0.2038408779262893,0.1573559439261723,0.1831563190574644,0.1614889854718012,2.151767979915581,0.8591346705918955,Gondwana_sediment,2.1170624220128955,2.036073658990738,413.329419143842,16.415483547171537,983.6916419330098,0.40429767670774863,0,False
21.07000000000001,79.05000000000003,0.0387641190608653,0.1010517890453026,0.3481910556026855,0.2006919801496256,0.2768976194622231,0.5501239907249288,2.6068382626199424,0.7247876686947359,Gondwana_sediment,19.27257834618947,10.119158154698633,362.258103778895,15.263141625022607,843.1352255364125,0.3549594745569391,0,False
21.07000000000001,79.06000000000003,0.0681646059202278,0.0693632443700952,0.0963985114973616,0.1423784340014305,0.1730710817986898,0.1630971328065208,1.0175844682431188,0.8226587159417784,Gondwana_sediment,0.7953393162486544,4.417055659260178,267.66475753696807,12.973129798036494,894.8332412073951,0.4300265881652857,0,False
21.07000000000001,79.07000000000004,0.0599402408323953,0.0886790149927892,0.1700052167061972,0.1644820486271543,0.0483429925522658,0.3143840702923227,1.4794570994936005,3.4023969060062904,Gondwana_sediment,17.5732674382039,0.778599266513349,590.982625273537,24.257219708749737,969.1103696442954,0.36398488405653545,0,False
21.07000000000001,79.08000000000004,0.0781615568101421,0.1449090083344275,0.0806958605068226,0.04,0.1296584903542804,-0.2846266045983546,1.853967782410235,0.3085027433209597,Gondwana_sediment,28.206907242748727,0.7203763658285278,541.3268746666345,20.136889021963892,969.8622273865687,0.3850061632522725,0,False
21.07000000000001,79.09000000000005,0.0435430716934296,0.1053043052381333,0.2348154699330255,0.2640207680555523,0.1536645462687217,0.3807810486515817,2.418394038383461,1.7181631957057173,Gondwana_sediment,17.26422533627637,3.504435442116547,399.3332113176949,16.752367171497593,903.4252199806056,0.2897650449185533,0,False
21.07000000000001,79.10000000000005,0.0838203954272344,0.076111428215695,0.2585738782733709,0.3693935688879231,0.1517278712630121,0.5451761594114659,0.9080299339671488,2.4345795243125847,Gondwana_sediment,11.645097786195658,17.335407090120004,441.2981690736119,18.614335791513604,875.2664453161746,0.43499097319236335,0,False
21.07000000000001,79.11000000000006,0.1141021673900765,0.1514955858617765,0.2755101492226577,0.2827769420790659,0.1106393437195612,0.2904283318520679,1.3277187383399365,2.555844352622332,Gondwana_sediment,19.298646553270594,5.649574879540533,290.9044214238649,12.49269281713321,959.7967911165556,0.3430965506082528,0,False
21.07000000000001,79.12000000000006,0.0647371955462934,0.0529083140065418,0.2711883352887197,0.1258611798461554,0.1592645871318455,0.6735028630794887,0.8172784359646743,0.790264691189235,Gondwana_sediment,13.747586714745498,19.009183411505916,417.51482815669874,19.236194205104642,971.1774551290978,0.34878074926537017,0,False
21.07000000000001,79.13000000000007,0.0799313516629673,0.1240743804177166,0.1731446669188338,0.1797056531970014,0.0846949581540293,0.1650980545302792,1.5522617556331753,2.121798710355372,Gondwana_sediment,16.36850367947805,11.632445859783871,477.98805324859035,21.95401536553773,853.7668325743978,0.302825067664987,0,False
21.07000000000001,79.14000000000007,0.0884643197513324,0.1129842923080692,0.2477759155586855,0.1922786208482478,0.0993945638657452,0.3736321808059212,1.2771735825013248,1.9344983586276776,Gondwana_sediment,28.243944263295756,8.732283795375322,406.06681135463555,15.731028728346482,851.8043175516985,0.2871818261496701,0,False
21.07000000000001,79.15000000000008,0.0556033858434239,0.0841476611544431,0.1179553331394327,0.1528690655950611,0.178749882080184,0.1672794214968545,1.5133549823757646,0.8552121194741017,Gondwana_sediment,11.583079134023228,11.601776693389091,596.1140682339765,23.6057992603178,923.2628340991974,0.3097517103448165,0,False
21.07000000000001,79.16000000000008,0.0742427744543114,0.0815575384807419,0.404922897513233,0.3408153416251899,0.0954968384560071,0.6647037270991625,1.0985249267735735,3.5688651768854966,Gondwana_sediment,28.835716914717427,10.333967704525355,444.5366624990905,16.44196351555116,943.4680316714621,0.327615297732322,0,False
21.07000000000001,79.17000000000009,0.0677777720234527,0.06063276310866,0.2391373927102083,0.2802182031062705,0.1730105802746111,0.5954716507865443,0.8945818254135214,1.6196593439518443,Gondwana_sediment,27.160519258681912,15.175525075146503,348.38948503686765,15.913859883763772,897.0465457385147,0.2681026582493958,0,False
21.07000000000001,79.18000000000009,0.0702102829564637,0.1173126934538346,0.2215113880956398,0.1423183744327608,0.0774468112671953,0.3075303683685697,1.6708762356005695,1.837627294401996,Gondwana_sediment,5.873734043678893,5.649921319457045,508.86081104633524,24.100174010272735,945.964690999135,0.3154708631115136,0,False
21.07000000000001,79.1900000000001,0.0439697064843347,0.1448992200995606,0.4301940328444177,0.2736556731113224,0.2339812941895849,0.4960844371496046,3.295432954996893,1.169562182063301,Gondwana_sediment,2.0808390262549636,7.061007832006048,268.18500463265684,10.544211337209521,876.4931696581484,0.4261330941941866,0,False
21.07000000000001,79.2000000000001,0.0677753052277669,0.0700676901188462,0.1479753466450869,0.3294768864504052,0.1068465038797952,0.3573040333998738,1.033823304520623,3.083646859542634,Gondwana_sediment,3.0233400413227995,17.881886050665013,353.8063254825066,14.259069098987789,806.2653200463308,0.33913225219944243,0,False
21.07000000000001,79.21000000000011,0.0818599487373621,0.1137154681420573,0.1605412885968134,0.3554790743660657,0.1341966714098257,0.1707371624840837,1.389146582145869,2.6489410681101577,Gondwana_sediment,0.5466547695464918,18.92913026300811,338.78358015103436,17.04954762009105,890.8049463833877,0.38034706373015625,0,False
21.07000000000001,79.22000000000011,0.1103343082338498,0.02,0.1643779675131542,0.4,0.1617306630545181,0.7830543387704301,0.1812672803411605,2.4732477577108454,Gondwana_sediment,2.8332888226778516,17.85116454972949,372.72283804311087,16.5412339582263,915.1616073256725,0.40204604211797296,0,True
21.07000000000001,79.23000000000012,0.0954581247825547,0.0716352907737097,0.268112861830063,0.1585605145389724,0.116752502374943,0.5783035742586141,0.7504368105056017,1.3580909289117984,Gondwana_sediment,20.490203202490704,8.388959879146272,512.7119303714906,22.235468508414215,898.2080020051947,0.4285347289700675,0,False
21.07000000000001,79.24000000000012,0.1311554737253451,0.12167693549071,0.3189631629637714,0.48,0.1520102980535628,0.447726450952281,0.9277305166290102,3.157680800777704,Gondwana_sediment,2.13565945380687,15.607310060137634,393.66921286536297,14.02105085744267,854.0698368170432,0.23170506123419898,0,False
21.07000000000001,79.25000000000013,0.0434195731133568,0.0582726633207242,0.3506675468117955,0.1963055528043807,0.1734278362260038,0.7150064390215337,1.342082821366797,1.1319149045679848,Gondwana_sediment,9.56926890881284,9.526714666021975,517.605780106385,22.92436364299155,821.2175512060767,0.2464624259379517,0,True
21.07000000000001,79.26000000000013,0.0924896191016186,0.0741256685109377,0.5,0.2151929017480317,0.1925106616251717,0.7417789427869328,0.8014485209345578,1.1178232925885483,Gondwana_sediment,25.346259329083637,9.950797042922044,430.59556125594634,16.083209037978246,886.2955597816226,0.2921746518733742,0,True
21.07000000000001,79.27000000000014,0.0717002601721488,0.0675888177412419,0.0535567545799367,0.2433950662414448,0.1838748717986452,-0.115828113903502,0.9426579134399056,1.3236994469565588,Gondwana_sediment,0.698158072074776,4.093602181145679,336.8277738630221,11.766450205756005,956.8827885825046,0.33534455589395934,0,False
21.07000000000001,79.28000000000014,0.1317740879965283,0.1375500218729679,0.3402735589124552,0.2153468479361815,0.1355294768098635,0.4242644045817784,1.043832090662684,1.5889299718864995,Gondwana_sediment,24.434054477668074,11.82260606517033,523.991497473389,21.13943590785778,974.8098719707016,0.35052523245975065,0,False
21.07000000000001,79.29000000000015,0.0417110514393435,0.0864468392637422,0.2245869427427909,0.2478330898452521,0.136608411297817,0.4441321535669521,2.0725164212703198,1.814186164009608,Gondwana_sediment,8.455643243201997,3.7227179550669587,295.31586822123666,11.133242395654147,971.3856692069403,0.34192074831230057,0,False
21.07000000000001,79.30000000000015,0.0406483447345747,0.02,0.2225584851111371,0.127194596858384,0.2612154279012487,0.8350913180168418,0.4920249540637713,0.4869337076743261,Gondwana_sediment,3.5449448286496876,6.631293981343875,289.7531919199182,11.629850274559846,871.2045232425899,0.33766714187257385,0,True
21.07000000000001,79.31000000000016,0.0477382206366773,0.026,0.2201227871746271,0.2431047814266655,0.1910744534124616,0.7887233414028515,0.5446369721949893,1.272303947271583,Gondwana_sediment,20.902114960924518,17.100604032398703,401.8011696219343,13.859752131864095,854.3146838184994,0.32213277596919804,0,True
21.07000000000001,79.32000000000016,0.01,0.0691253928857099,0.192123032919218,0.3089907564053124,0.0973088171839862,0.4708072004930232,5.0,3.1753623672514,Gondwana_sediment,18.86828540339652,4.141516184217105,304.3396983848356,14.59845337897016,936.8317307490123,0.3151701592719671,0,False
21.07000000000001,79.33000000000017,0.049707349349575,0.1115274634421389,0.452352483460361,0.2147057095998137,0.1482194081882744,0.6044283394541623,2.2436815617231094,1.448566770569135,Gondwana_sediment,26.32416040581159,1.4231657034686562,203.63481398048654,10.740156504886462,943.7550005799138,0.24513068636808916,0,False
21.07000000000001,79.34000000000017,0.0425860201533868,0.02,0.3690297327014066,0.2283117050717863,0.1262828430610871,0.8971800951768912,0.4696376858180212,1.8079392208532288,Gondwana_sediment,22.052131314116572,1.380151852256326,459.3190109195206,15.243607173365064,932.0084802600423,0.2998597448285809,0,True
21.07000000000001,79.35000000000018,0.0697518135942839,0.0728707929539314,0.2880195978557542,0.2513681023302062,0.1360932883038411,0.5961610791562049,1.044715385800829,1.8470279120914497,Gondwana_sediment,24.104427911545457,18.815690410062157,404.4375285889592,18.808479302539734,811.2968362881294,0.27677438094241974,0,False
21.07000000000001,79.36000000000018,0.0753726792733124,0.0931191114610896,0.4217015752487172,0.3596955768626766,0.0812052421145921,0.6382464267777525,1.2354491340274778,4.429462520561773,Gondwana_sediment,8.461037177139195,10.138408759236693,378.20712579726444,14.13757298190943,868.6557707558442,0.31339194219305566,0,False
21.07000000000001,79.37000000000019,0.1212851251764742,0.1480335111283344,0.1362471034701301,0.1016342701467337,0.1219038382806988,-0.0414604691589896,1.2205413548519342,0.8337249384169159,Gondwana_sediment,5.323186313391685,8.188241436340366,586.7874058473261,25.0,910.5155604857185,0.28495996221661757,0,False
21.07000000000001,79.3800000000002,0.093392715145579,0.0769191275314818,0.1553294868669255,0.2581166836286144,0.232897788659692,0.3376138949409378,0.823609500261563,1.1082831013691743,Gondwana_sediment,22.51844254922575,16.217571620158367,428.4796735851655,17.716426747382396,936.3609097315389,0.326595017824506,0,False
21.07000000000001,79.3900000000002,0.0474528903301254,0.1074595593896334,0.0715032267805498,0.1981302602530703,0.1710938150437714,-0.2009151363725399,2.264552452244569,1.1580211715226527,Gondwana_sediment,24.20504217801792,16.71651855821032,545.3726311157538,22.78141075798507,950.3653681301419,0.2998376436245239,0,False
21.07000000000001,79.4000000000002,0.0376875598595467,0.0976102856034947,0.2202585459876903,0.2282646526718223,0.03,0.3858455065621232,2.589986873872126,5.0,Laterite,29.7151542600202,6.643820662312092,255.78009448206407,10.287308637910233,919.2126761141195,0.33841378596537813,1,False
21.07000000000001,79.41000000000021,0.0792775751451925,0.02,0.3072698526704948,0.2904965118833598,0.2026161746248934,0.8777767039604136,0.2522781497560095,1.4337281427693906,Laterite,12.378530307342794,13.872361149475905,427.6825852517711,20.244366127290768,928.5391903269293,0.2945476299544677,0,True
21.07000000000001,79.42000000000021,0.024793003789378,0.1223282886652655,0.3022858577932534,0.1324069344011642,0.196081476145454,0.4238143514212537,4.933984167915769,0.6752648793576895,Laterite,11.160542573783495,15.422456317037732,547.1918506923612,20.320484420464993,916.2432729180728,0.301145994525754,0,False
21.07000000000001,79.43000000000022,0.1192237629756278,0.1000358602182474,0.3078341911060084,0.1448148890989768,0.123455734784675,0.5094719020485634,0.8390597447825155,1.173010627932791,Laterite,23.292388822259905,13.09301373731909,433.2423029119592,19.267443298801652,946.2809687109417,0.28942115671714613,0,False
21.07000000000001,79.44000000000023,0.0995432036216358,0.1115707455869794,0.1526943168934127,0.0799199028200265,0.1771031771891565,0.1556148622329639,1.120827353507504,0.4512618240018429,Laterite,10.224106207590536,3.0319014960019874,487.2056712508006,22.50289663189579,927.643282574563,0.3401911961869719,0,False
21.07000000000001,79.45000000000023,0.049964730436856,0.2,0.3750154742614235,0.1766588740765285,0.0980900394591356,0.3043665467538676,4.002823548752493,1.8009868776740166,Laterite,27.92271976810694,17.51766167034114,348.81742712488295,15.96673962461761,915.2868830023818,0.29991019262827323,1,False
21.07000000000001,79.46000000000024,0.0125259641272707,0.02,0.3195627518239216,0.3079302641065098,0.1173672141866777,0.8822014491478678,1.596683467804994,2.623648060303862,Laterite,25.752382555290353,10.781891054720173,236.97980681482665,14.523556445931279,898.5815600431484,0.38230729834995214,1,True
21.07000000000001,79.47000000000024,0.1044161712249594,0.1596878659904398,0.3698054281466221,0.2060588968068497,0.2156273180334882,0.39682761697471,1.5293403690647338,0.9556251897511658,Laterite,12.869820821250551,5.649448527400073,383.1601180508286,14.907111393335128,916.0645712521416,0.363816727554198,0,False
21.07000000000001,79.48000000000025,0.0602438046424184,0.0790220992239812,0.1081237822410175,0.1203912573041574,0.12693349800651,0.1555026633430287,1.3117049887843617,0.9484593042818136,Laterite,22.526132033744922,8.504563708753878,357.791756335543,16.822599492501354,936.2295689419813,0.34759349494406083,0,False
21.07000000000001,79.49000000000025,0.1006944893592007,0.1323831030289504,0.3294490858798022,0.2158829854556867,0.0468534169022457,0.4267047372202914,1.314700573387278,4.607625212166254,Laterite,22.63628622254047,0.7514218079781476,546.824072951579,22.572155102299615,925.3737694449205,0.3071408886746558,0,False
21.080000000000013,79.0,0.0215271702361688,0.0972195101879501,0.136023476008248,0.1242496807556561,0.145874838860933,0.1663671282746321,4.516130483931124,0.8517553927784054,Gondwana_sediment,3.0937160650779783,2.557336024448351,297.5981209409889,14.866733858579877,947.0413209172827,0.37416651060979617,0,False
21.080000000000013,79.01,0.0512587493113866,0.081890546664078,0.215967674744865,0.1493369728788182,0.1449305803542819,0.4501374090047113,1.597591583962577,1.0304034691003416,Gondwana_sediment,27.076587200387,15.310935010317216,586.6936910140432,24.430192467475727,995.1360930675793,0.40771107936777407,0,False
21.080000000000013,79.02000000000001,0.0692773109915452,0.0986526877315841,0.31003648986364,0.3060207884621512,0.2085984284686726,0.5172238798299994,1.424025935435359,1.467033047957052,Gondwana_sediment,15.157571173435715,0.00023269510732282228,583.2552479217984,23.52655043301666,941.2581961373494,0.36010624416158754,0,False
21.080000000000013,79.03000000000002,0.0704094178129419,0.1116803494229199,0.2666093606255934,0.1453288671585772,0.1492168211087875,0.4095512170866335,1.5861564082379944,0.9739442643348488,Gondwana_sediment,24.793723983232248,8.331316569645843,299.05265722857547,15.072671792267236,895.5500739763621,0.4160163705144823,0,False
21.080000000000013,79.04000000000002,0.0553780358556223,0.048922967773072,0.1732460020220707,0.3661012816370763,0.1272408844279848,0.5595877511952976,0.883436310602941,2.877229932778072,Gondwana_sediment,9.601488030918352,10.450203621711768,339.22078219092816,13.151075379917481,972.1803392997284,0.38754949314113896,0,False
21.080000000000013,79.05000000000003,0.0874454979704245,0.12816316670087,0.2599273156184448,0.2219215796418754,0.2003928072615596,0.3395191453708709,1.4656348185889838,1.107432859311524,Gondwana_sediment,26.865696854886014,1.092688400019446,558.222296349554,20.43381083009697,859.6900831165741,0.36806414204711696,0,False
21.080000000000013,79.06000000000003,0.0366113871185217,0.0813122238045891,0.1070464684756392,0.2325916292761156,0.1539995116250548,0.1366236107601654,2.220954462043801,1.5103400437488164,Gondwana_sediment,11.676050362024894,19.461563259446656,586.648888358443,23.410009915254133,873.9293309630557,0.3344017698879448,0,False
21.080000000000013,79.07000000000004,0.0642486154493606,0.0683503943699003,0.3761267395898336,0.2481766707209353,0.1102788659217133,0.6924458462211257,1.0638422911601635,2.250446342747763,Gondwana_sediment,0.3251295444089508,4.522506624993438,377.3756411344176,16.962050940444463,944.7923632360234,0.3880803588763576,0,False
21.080000000000013,79.08000000000004,0.0720088689513563,0.1034793313842165,0.2414715980503793,0.3361192184376709,0.20534987802708,0.4000344827374156,1.4370359199839062,1.6368123590005972,Gondwana_sediment,27.16145929257791,6.083974392725617,328.39881825635916,16.46736159718915,953.8198333893489,0.3178433758875471,0,False
21.080000000000013,79.09000000000005,0.0837131650217618,0.1477059686745019,0.3747549944255375,0.2805211921443891,0.157103088225839,0.4345760578175545,1.7644293876555954,1.7855867451986385,Gondwana_sediment,2.7386003035840067,6.078850245100547,410.43760530061684,17.323825638118727,865.7474388248203,0.30173537139866785,0,False
21.080000000000013,79.10000000000005,0.0895084463426659,0.07582659651935,0.211146831290401,0.2488538046338502,0.1473862983339708,0.4715427339621397,0.8471445939788512,1.6884459904211309,Gondwana_sediment,9.579409127712445,4.608333242346998,475.1076825462939,22.432547573896965,908.8591259506825,0.3582903499056249,0,False
21.080000000000013,79.11000000000006,0.0343007372448631,0.1113981447283836,0.2123424011593475,0.2646352374135334,0.1559554195705815,0.3118060362905219,3.2476895061577014,1.696864642296574,Gondwana_sediment,28.501859011524147,0.02947644172622832,309.38980614999195,10.174892079961145,897.6958083890371,0.35374090222375804,0,False
21.080000000000013,79.12000000000006,0.0218965748779304,0.0676417489713798,0.1891813213362216,0.2099537231055681,0.0933465814291688,0.4732424239455883,3.089147459799341,2.249184915678588,Gondwana_sediment,28.51821440812668,14.586895881759927,494.5892698476291,19.721359314015405,903.6661838559402,0.3642554100931399,0,False
21.080000000000013,79.13000000000007,0.1061303046569543,0.1270168739969434,0.3541173931693143,0.2624542104836311,0.1203173111910817,0.472010693527872,1.1968011802832448,2.1813503615342587,Gondwana_sediment,17.203136643698585,19.336909995985707,220.6629428458564,8.617139050935815,975.1798888136673,0.4207121029190617,0,False
21.080000000000013,79.14000000000007,0.0776494203593868,0.1239403095516067,0.1964568842671596,0.2005485557168311,0.1466991300916377,0.2263333639992451,1.596152409359341,1.367073925079502,Gondwana_sediment,18.95511636509398,4.485869665700902,219.71779710576658,8.925789357795235,963.3252731773827,0.28999841885074784,0,False
21.080000000000013,79.15000000000008,0.0451054039033023,0.1702843533318549,0.3327595432415253,0.2240562135513655,0.1366068152487644,0.322984119247079,3.775253921223888,1.6401539921660433,Gondwana_sediment,13.453365659349593,13.26094383606845,354.5150820582181,14.939650528926148,927.0438910073347,0.2989188317472357,0,False
21.080000000000013,79.16000000000008,0.1139745592656746,0.0891374421800297,0.2309547602330791,0.2043749375443564,0.2097814191408281,0.4430514612340218,0.7820819196505272,0.974228024025974,Gondwana_sediment,8.796323150941936,14.837926539174301,341.38927682428823,15.606375115796396,900.7019036442737,0.34924184592031526,0,False
21.080000000000013,79.17000000000009,0.0707902390287846,0.1227261921903145,0.0725036700108466,0.1912947022476534,0.1568502926363484,-0.2572481565447954,1.7336598053729677,1.219600543361452,Gondwana_sediment,9.859936361097478,16.968507581810496,326.2532861468609,12.70427324644489,860.517516489013,0.28647588709320687,0,False
21.080000000000013,79.18000000000009,0.1025789155219135,0.0997227015815559,0.2139685932213624,0.1747621741594716,0.1885451961318183,0.3641984763241946,0.9721559345500876,0.9268980470051312,Gondwana_sediment,20.175553682311154,8.452583940272183,396.407905067564,16.795053418388083,999.0092469391175,0.5435168796666372,0,False
21.080000000000013,79.1900000000001,0.069105554442302,0.1474548712745186,0.1539891785637246,0.2554383072701188,0.1460897677287905,0.0216766835853773,2.1337629406367937,1.74850238361306,Gondwana_sediment,22.5712358831304,6.058618112808585,328.2934329246285,13.588647257878085,957.605695014266,0.3848881165888565,0,False
21.080000000000013,79.2000000000001,0.1287824377464582,0.0666867044956488,0.2761902723682437,0.3141424138969391,0.1982544241873041,0.6110167259630769,0.5178245233651848,1.584541757523119,Gondwana_sediment,23.747371311775456,6.505902680460622,276.90316738723675,9.685852166685898,892.666544796363,0.3308334118521283,0,False
21.080000000000013,79.21000000000011,0.1195002252732947,0.1250602125150891,0.1546592264325614,0.3040771380168657,0.1651363878286556,0.1058167927772441,1.0465270013041914,1.841369681334177,Gondwana_sediment,23.688544283836617,14.252426661970256,323.78781963544037,13.26382577331381,963.9799748812645,0.33571902692628125,0,False
21.080000000000013,79.22000000000011,0.0592510755456263,0.0872921081553305,0.3671975100714725,0.1338404264838159,0.1457510242694208,0.6158675371873391,1.4732577797813209,0.918281206343934,Gondwana_sediment,2.736183091460711,16.33558933011272,589.961709124094,24.29441882037635,924.4888189712888,0.3226751929545811,0,False
21.080000000000013,79.23000000000012,0.0957471285286291,0.0923324729156578,0.2663924139647086,0.3117442135984773,0.1442358455520467,0.4852184706621075,0.9643367298646038,2.161350475599015,Gondwana_sediment,14.832609141077445,3.632279355132053,364.4453667979394,14.855062486574717,913.6445247569029,0.34412372984959744,0,False
21.080000000000013,79.24000000000012,0.0858412784875528,0.0983900993779325,0.2586404005241379,0.198928904886741,0.0969980686854494,0.4488420489153616,1.1461863219753965,2.0508542837770607,Gondwana_sediment,1.7267628004993285,7.418820163155305,377.8851107433343,15.80873186080183,949.7605764145002,0.3617593127865004,0,False
21.080000000000013,79.25000000000013,0.1074189467259688,0.1046296158570646,0.3428892137787705,0.2629513110601873,0.169885786006813,0.532401280326791,0.974033156614138,1.5478123101767958,Gondwana_sediment,16.485866469712064,18.038803934983,430.61799598045604,18.09376358041244,890.9250875043838,0.31126195057946826,0,False
21.080000000000013,79.26000000000013,0.0372922961825951,0.0897108382751191,0.374590693407599,0.1571649267566909,0.1423497632731785,0.6135664770233769,2.4056131484986727,1.104075785111589,Gondwana_sediment,13.245915041201311,16.133870393894785,593.3363073656906,23.857755782022448,910.8121740245145,0.32789695293319787,0,False
21.080000000000013,79.27000000000014,0.0867015437999514,0.1027685273268184,0.277090124823048,0.230238593971176,0.1190804019909371,0.4589117464186729,1.185313694591268,1.933471754616277,Gondwana_sediment,26.631125482748992,19.697168055249517,296.6405105743052,14.905450741871913,934.0730532099973,0.4174916237154788,0,False
21.080000000000013,79.28000000000014,0.0977527346054858,0.1571247223024846,0.2028799700450845,0.2419606228027789,0.1993230885406008,0.1270962537502581,1.6073690702963723,1.213911666997383,Gondwana_sediment,10.52745037656236,15.084965193641615,472.5128442129735,17.34907391713453,903.0274403557594,0.4078605382659614,0,False
21.080000000000013,79.29000000000015,0.0131178154073046,0.1332379874246059,0.1035030383888011,0.1157776645656195,0.0813091987052571,-0.1256011665957761,5.0,1.423918403659561,Gondwana_sediment,3.5120104928281757,7.863904020558445,486.39387741668963,18.824471342088945,961.4542605133962,0.37314704668926746,0,False
21.080000000000013,79.30000000000015,0.0302622446200248,0.1284061836998729,0.2131950242964965,0.2619787016440884,0.1225152052283753,0.2482100138612616,4.243114973388123,2.1383362248131683,Gondwana_sediment,4.289750461585076,11.812756679892756,442.92976671722636,24.01533419499821,1021.4533251839331,0.31598201058213804,0,False
21.080000000000013,79.31000000000016,0.01,0.0752384189590421,0.2209787753352188,0.313315450548677,0.1948459374389736,0.4920050528268735,5.0,1.6080163359115802,Gondwana_sediment,22.845318951524167,13.220285084946406,235.43133585465762,7.7336562839656064,890.2850933696628,0.3607820678455757,0,False
21.080000000000013,79.32000000000016,0.0574377949666612,0.0577103668708639,0.2943057452992452,0.2065746438022808,0.1590561470460095,0.6721151963829337,1.004745513017803,1.2987529718838875,Gondwana_sediment,18.54654189948783,1.569116326342479,470.7489103310306,16.90702858104009,844.7437351848178,0.3944930227748579,0,False
21.080000000000013,79.33000000000017,0.0869262676738767,0.1313120223295069,0.2499853118862132,0.3137117691579556,0.1407070536173589,0.3112355604837325,1.5106138304602224,2.2295383271126883,Gondwana_sediment,3.033680283683707,10.889939182077303,225.6378844144702,10.870532007272027,827.9129916262069,0.3789564269579465,0,False
21.080000000000013,79.34000000000017,0.1103507115628786,0.1279618717011885,0.3541932972051592,0.204921455458326,0.155470177157504,0.4692087527967419,1.159592627658913,1.3180756533062683,Gondwana_sediment,2.523204183449923,14.186416569452192,438.4570598199588,14.1148044516172,920.4765929252709,0.3819000149874599,0,False
21.080000000000013,79.35000000000018,0.067382843412591,0.1516468270300359,0.2250016728729479,0.2773709171732575,0.1517107085524386,0.1947567714787949,2.250525788536952,1.8282883234610676,Gondwana_sediment,21.0290739437736,3.3464260800212076,495.83247088869706,20.189138467084167,894.8417704937109,0.40668681169943266,0,False
21.080000000000013,79.36000000000018,0.1138984663671364,0.0684007749612273,0.2814958833147231,0.0623001023834172,0.0667268726857004,0.6090229879375791,0.6005416673539086,0.9336583565589804,Gondwana_sediment,2.182890190925806,15.612634348511143,284.3879562479802,16.141148027152152,938.393025053374,0.35456659801896634,0,False
21.080000000000013,79.37000000000019,0.0235169562535508,0.0831980537855825,0.4064987443197067,0.3866144445519365,0.1249169057325983,0.6602058492499903,3.537790032638312,3.094972950018792,Gondwana_sediment,24.655801778710686,11.675455610282233,536.6488030171097,19.270494948072773,934.6298836013251,0.3818913548421821,0,False
21.080000000000013,79.3800000000002,0.0136985268193429,0.0346068235486726,0.3231825213955149,0.3860184926004011,0.2230260827256838,0.8065519609344506,2.5263171545698326,1.730822187744343,Laterite,21.187266814694887,19.04443571395189,212.1415222132017,4.875301120739311,847.8391576693152,0.2839009058097342,1,True
21.080000000000013,79.3900000000002,0.0630135690330989,0.0992175024848297,0.2838962458311622,0.2361314576426834,0.1090537932611378,0.4820467657709973,1.574541862170351,2.1652750478905456,Laterite,2.440463419256993,0.8484459641378339,537.5251454633224,19.398518657056368,837.2558085259498,0.32858420100501673,1,False
21.080000000000013,79.4000000000002,0.0760819634681766,0.131702820423174,0.2306055558065014,0.0783537681349263,0.1259249492947794,0.2729794336671166,1.731064949515345,0.6222259251364421,Laterite,2.5451314225557575,5.306522751109339,384.131620257106,17.802203314073388,942.7966620173248,0.42002546045502304,1,False
21.080000000000013,79.41000000000021,0.0634591575571745,0.0730001848308681,0.2283768603285219,0.2362619857813777,0.1145789618345367,0.5155557728821839,1.1503490989470275,2.0620014511596216,Laterite,29.599187355035262,12.031077585996481,287.0351759726578,14.209352438832365,934.7714417360179,0.32106812007666213,0,False
21.080000000000013,79.42000000000021,0.01,0.1170991918080289,0.2075386747048253,0.1147252117048303,0.1371292388340891,0.2785857479917759,5.0,0.8366210780180346,Laterite,11.228123872683609,5.9311982441186135,253.5112579975872,9.537791489275781,906.7091000816924,0.2969437410574204,0,False
21.080000000000013,79.43000000000022,0.0615263988146136,0.0836798757600834,0.2393993134217306,0.2466397476290173,0.1121438584337809,0.481985354760244,1.3600645777467726,2.1993156901652555,Laterite,11.119264412006727,14.288483281424844,581.322867032949,25.0,845.1428207434047,0.3218030047299616,0,False
21.080000000000013,79.44000000000023,0.0249459149848516,0.1040822811288582,0.3699665838744525,0.2440096003414927,0.1654570751078988,0.5608795259696474,4.17231762293868,1.4747607500911744,Laterite,24.383987017725076,15.18010565043862,229.06623503246269,12.324937114709925,951.5695631382696,0.3455054759906511,0,False
21.080000000000013,79.45000000000023,0.0840501764648982,0.045032344407369,0.2731111728707946,0.1490017781698511,0.150805670614509,0.7169054719173108,0.5357792957472,0.9880382976574345,Laterite,28.417457321515762,2.050319281329489,279.63736797437025,15.226249827791744,991.5949772712172,0.40430550253022746,0,True
21.080000000000013,79.46000000000024,0.0748379473829025,0.0941683779853516,0.1612226930618988,0.2930676916529991,0.1794373807553465,0.262555440075999,1.2582971761333428,1.6332588575245406,Laterite,29.580031914686128,10.277089284135354,339.1289389732184,13.637701894857736,941.8991220109662,0.33054919445676023,0,False
21.080000000000013,79.47000000000024,0.0355236064101763,0.02,0.4739169293060007,0.2706902291964247,0.0880329416905474,0.9190147214672209,0.5630058984655922,3.074874287859934,Laterite,22.601345557768248,10.177811111821118,448.0939395844482,14.0676373806787,885.6263054717667,0.4180318453320482,0,True
21.080000000000013,79.48000000000025,0.0481839924798961,0.082924153673516,0.3299965191145391,0.2823076336101918,0.1233829758558502,0.5983531018511287,1.7209896738219772,2.28805985123271,Laterite,11.287787565927474,7.385615404310821,417.9204341104394,15.771593576448936,930.2276082785776,0.2843515482064138,0,False
21.080000000000013,79.49000000000025,0.0317035943433283,0.0250010702513897,0.1582056599487063,0.2143200392568149,0.1289338684193886,0.7270725779512848,0.7885878775064549,1.6622477997283254,Laterite,2.505021500960063,18.65849725139344,250.2573969649256,9.573783150334718,859.6942959533358,0.38507210029348765,1,True
21.09000000000001,79.0,0.0673996270818047,0.1471597806618725,0.2112151072759184,0.1291133153160402,0.1717023455044295,0.1787383233372403,2.183391612314436,0.7519601136579313,Gondwana_sediment,23.314407477823103,16.550126397464425,315.89119349528585,12.644255469146795,996.8980356919565,0.33559430196907847,0,False
21.09000000000001,79.01,0.0978142696150369,0.1298362941105802,0.2673886382828431,0.2963510590547792,0.109078940139648,0.3462832589808302,1.327375795871433,2.716849452366256,Gondwana_sediment,16.752127492074152,13.944187638192735,295.5007084344096,11.936810716082961,948.0922167264938,0.26573544454323395,0,False
21.09000000000001,79.02000000000001,0.0394682186099334,0.1172268392786428,0.4276592093297394,0.208674002060494,0.1943426902129168,0.569719798822078,2.970157841178146,1.0737424789401748,Gondwana_sediment,12.72666027740929,14.286532714699952,285.41714179613655,14.130170104033695,855.5921544123553,0.33274081572207664,0,False
21.09000000000001,79.03000000000002,0.084041395465535,0.1592202490863747,0.1472887541741153,0.1300153899765124,0.2077007795258799,-0.0389270617875672,1.894545515515811,0.6259744918179989,Gondwana_sediment,27.190631552842078,9.234322876262382,364.45773459199484,17.73459579470828,928.9662819778328,0.33563195644099303,0,False
21.09000000000001,79.04000000000002,0.0528922714488264,0.0602433391670059,0.3566040719355973,0.3216427556182019,0.0987563826182202,0.710957354667483,1.138981885309909,3.256931316894617,Gondwana_sediment,3.3359244691845404,18.419890421931516,481.61258103666273,19.723843568678046,967.1650755117283,0.3072064349217466,0,True
21.09000000000001,79.05000000000003,0.0448938150321292,0.1679145279166217,0.3998486426972374,0.3736585264351746,0.123476355255321,0.4085050365084454,3.740259708880253,3.0261544840703967,Gondwana_sediment,14.778753128725775,13.891908545065707,286.98117288689434,14.154518622390901,927.3476189512407,0.2636865125209521,0,False
21.09000000000001,79.06000000000003,0.0653490892013627,0.1351276625704146,0.1979345694925466,0.2235126309714545,0.1212434245853946,0.1885740887348693,2.0677818775294967,1.8435031140981912,Gondwana_sediment,0.34060934302257206,14.57962123311633,346.67155188119256,15.159970728311867,930.2052139280081,0.3484089158594302,0,False
21.09000000000001,79.07000000000004,0.0373827303274182,0.1146571250646137,0.2339486381139807,0.4526861769866748,0.2792793102338741,0.3421960438274024,3.0671147814424726,1.6209083889726577,Gondwana_sediment,14.059819259823788,17.233818075746903,356.3669707364649,14.977635726411181,882.7798896476532,0.3798343031990608,0,False
21.09000000000001,79.08000000000004,0.0517105208395839,0.1429048058873168,0.1589690752626275,0.2321920310027929,0.1259849947396047,0.0532151682311654,2.763553785394657,1.8430133786837355,Gondwana_sediment,1.6890982704551205,5.48143178684382,590.5826117741641,25.0,972.3270493540996,0.39387031816210955,0,False
21.09000000000001,79.09000000000005,0.0322636632223338,0.0530482595035336,0.2431538858919744,0.1988680867083537,0.2311812721078057,0.6418104300710534,1.644210670485519,0.8602257648690242,Gondwana_sediment,3.5645374880421574,16.14141807733406,581.8665427516275,24.388943377793645,911.57653999906,0.34467653494161077,0,False
21.09000000000001,79.10000000000005,0.1270217539874909,0.0641394335388919,0.2607410025657123,0.1810679082070147,0.0837884002446684,0.6051505326809028,0.5049484161170815,2.161014024163028,Gondwana_sediment,3.5257874033131467,3.9048120591298408,520.0550331008303,25.0,836.1777311497652,0.3375090278420487,0,False
21.09000000000001,79.11000000000006,0.069017906559151,0.0725964110704108,0.331264999808243,0.33949576855949,0.0974574516917806,0.6404884985446261,1.0518489271042717,3.483528066020319,Gondwana_sediment,19.476309063481906,6.906839044897756,296.66356832767406,9.484159680063968,925.4371314664971,0.34567821768104356,0,False
21.09000000000001,79.12000000000006,0.0468482347602215,0.0982811591806695,0.375218347102051,0.2039879139634245,0.1124297734075886,0.5848732346883134,2.097862587008997,1.8143584888539868,Gondwana_sediment,22.3813463779627,6.712209085396854,227.21492563666789,8.43694677001046,993.0574857785344,0.30091034501543185,0,False
21.09000000000001,79.13000000000007,0.0741393973220257,0.0543176942895885,0.1922903935378421,0.2757688516982468,0.1042955344276725,0.5594816472071865,0.7326427807390233,2.644109864790785,Gondwana_sediment,17.50106295291479,19.57050936778281,326.7616550882499,13.362031168102511,924.6535276700195,0.2757003736150851,0,False
21.09000000000001,79.14000000000007,0.0642301585092741,0.1453233226838115,0.0712674935774078,0.184858531545853,0.1330050632920736,-0.3419158316615654,2.262540305526016,1.389860858160905,Gondwana_sediment,28.86517645423626,17.130744474958536,306.71781977353237,13.658814538146496,1030.899249256193,0.3764287920218384,0,False
21.09000000000001,79.15000000000008,0.0608509120140022,0.0858658239852051,0.2667755220723835,0.1914785266197919,0.1107810898639235,0.5130132925659069,1.4110852409958663,1.7284405369377394,Gondwana_sediment,11.246117385711122,14.023397231805195,402.3703200585576,19.301350976646077,965.4483974274427,0.35401048471698726,0,False
21.09000000000001,79.16000000000008,0.0857850010013016,0.1101401987342735,0.2991537529968722,0.295517478577867,0.1050729203632696,0.4618039270235203,1.2839097431987132,2.8124989509658773,Gondwana_sediment,8.571362588455822,14.541135232307802,511.0911640271172,21.246668033324237,960.9379081140352,0.40290084946810145,0,False
21.09000000000001,79.17000000000009,0.089965231301418,0.073045945343451,0.2956417687685128,0.1964974207597423,0.2037835998236646,0.6037516707082033,0.8119352799474902,0.9642455076529632,Gondwana_sediment,26.057973845683808,11.241455888051421,543.3291755515431,19.79425634896855,937.5800867041364,0.3894577437027885,0,False
21.09000000000001,79.18000000000009,0.0512049655716829,0.0228558679780574,0.2389326752491047,0.1944643234405764,0.2068696811256564,0.82538679701125,0.4463603808389446,0.9400329825444644,Gondwana_sediment,6.707875155583579,18.94181334217038,537.9456341642034,24.099429216418486,940.5856896118023,0.3829762843923733,0,True
21.09000000000001,79.1900000000001,0.0497254527806583,0.1063022943356549,0.284975209966403,0.3017963288022333,0.1929648249187638,0.4566398876004697,2.1377843373449354,1.5639965925027357,Gondwana_sediment,28.89667618321834,9.92517505764723,343.8702244892271,15.837843552668392,930.8288182440416,0.3350466711876565,0,False
21.09000000000001,79.2000000000001,0.0586284490854493,0.02,0.4249444808352348,0.3340178105255103,0.1715199477792144,0.9101011433697896,0.341131315562133,1.947399207238146,Gondwana_sediment,0.36463424069449024,7.610354197397891,474.89373738427315,15.903521738919238,928.8865303958905,0.27929984039295197,0,True
21.09000000000001,79.21000000000011,0.01,0.0923946381565791,0.3124734168962614,0.2670282862298928,0.1497771532889755,0.5435814852238736,5.0,1.7828372364402787,Gondwana_sediment,29.09636480122917,3.26070673863182,325.133679009688,13.539628358062068,970.5433581033743,0.3845573161420665,0,False
21.09000000000001,79.22000000000011,0.0211842681340419,0.0402273984466853,0.2378631574997025,0.1757661157063198,0.1201084654667023,0.710688496088482,1.8989279215244328,1.463394897911738,Gondwana_sediment,1.2947973585172834,15.72411304522116,224.36221729407308,6.168142059225783,897.2084385104886,0.3627116301045416,0,True
21.09000000000001,79.23000000000012,0.1075262280233342,0.17427103996923,0.2260802182904118,0.1855574050491656,0.0971221247622431,0.129409305551978,1.6207305232481373,1.9105575100664045,Gondwana_sediment,26.734293410942133,14.68887864151183,480.6261062411769,18.696785565044912,890.2053085638038,0.2144004175875421,0,False
21.09000000000001,79.24000000000012,0.1157490314050369,0.1310545088869865,0.2600147642322388,0.2265940684617986,0.162749785171632,0.3297632009890991,1.132229852664327,1.3922848996919384,Gondwana_sediment,15.831033272588996,7.687100770482697,203.93102102791514,6.691508022237531,887.840247456248,0.29122318346695986,0,False
21.09000000000001,79.25000000000013,0.058808918813307,0.0986501516508567,0.4415739961830763,0.2431651043347919,0.0857384803726576,0.6347806662173819,1.6774692253105616,2.836125657864188,Gondwana_sediment,29.78894388357901,0.5038682791845872,363.67303498339544,16.771572520792116,1046.2827273838745,0.3578033038992582,0,False
21.09000000000001,79.26000000000013,0.0834567088916712,0.1447882671061842,0.2604699290473931,0.1512493862902116,0.0945439535412277,0.2854517515268829,1.7348906859079911,1.599778520625103,Gondwana_sediment,2.213896942061966,16.779946554360215,331.75170772083027,14.056648170045628,970.5171450835459,0.36986143946250144,0,False
21.09000000000001,79.27000000000014,0.0753775046363043,0.0782695691717782,0.2777205655479425,0.3248551869247033,0.2017056628102378,0.5602711335727588,1.038367739096583,1.6105407366240825,Gondwana_sediment,16.615628532039622,0.22835966908147265,477.35101540754096,17.318443640468818,959.2246100840241,0.3195412071432243,0,False
21.09000000000001,79.28000000000014,0.15,0.1156191751468009,0.2323686429063834,0.2257859330747673,0.2389124520861016,0.3354987205563307,0.7707945004648101,0.9450571998603516,Gondwana_sediment,29.07907606857297,14.073995592581019,506.49818910415155,22.86422313858767,891.1242664853453,0.3322648714907725,0,False
21.09000000000001,79.29000000000015,0.0993872473430354,0.1016924173487457,0.3913983357442107,0.0994004176953261,0.1633647569083212,0.587530624980301,1.023193819780868,0.6084569249551364,Gondwana_sediment,15.692935325104465,19.40514219452114,321.6378543885135,10.533965618331234,975.1671150337583,0.35516092112000974,0,False
21.09000000000001,79.30000000000015,0.061842472255575,0.1040808032533438,0.4783837254744821,0.1541751462277439,0.1988428576147292,0.6426192561019979,1.6829987432409153,0.775361750478018,Gondwana_sediment,18.881959144057877,8.75322656296407,524.6508057779414,22.520677821689443,938.1714326773504,0.34385681367711995,0,False
21.09000000000001,79.31000000000016,0.0368937867819852,0.1442341400042677,0.3283613049431539,0.1836109928443785,0.1310475841277978,0.389608420623712,3.9094425428769273,1.4011016984884714,Gondwana_sediment,20.872460669538516,4.699468099919056,317.5667042019735,11.60392466983245,954.7084470566043,0.3221959529611893,0,False
21.09000000000001,79.32000000000016,0.0172466103922707,0.1224596841111889,0.2924772903785582,0.2134999617811209,0.0762762906956126,0.409743206026572,5.0,2.7990343992107345,Gondwana_sediment,13.636231943033197,14.097420200867635,378.5305439946245,15.04075183471498,895.168984206839,0.30373911637423073,0,False
21.09000000000001,79.33000000000017,0.0714239090760145,0.1045289465129977,0.2887782833174395,0.3505495156852743,0.173588580930926,0.4684616065588961,1.4635007761252647,2.0194272780121496,Gondwana_sediment,18.8267424025219,16.342562840311704,490.8074108056536,21.458850279645667,952.0134428708957,0.3029916880875512,0,False
21.09000000000001,79.34000000000017,0.0425094776414687,0.0266045025508648,0.05,0.2346719914297685,0.1712644661634998,0.3054062964909937,0.625848727492404,1.37023164553418,Gondwana_sediment,17.529429357693008,10.928606321556947,477.16809168991546,20.9249026185322,922.8083230896926,0.36505649318732636,0,False
21.09000000000001,79.35000000000018,0.0224123887120675,0.054218148188818,0.3614150864284987,0.1588459677070905,0.1462034276940088,0.7391058091122414,2.419115099396515,1.0864722537893865,Gondwana_sediment,27.03474031472967,19.340705505122923,594.94738892488,25.0,905.7194421485075,0.3681999222352587,0,True
21.09000000000001,79.36000000000018,0.0455628134727218,0.0875316426561675,0.3012166415996017,0.2328441563014956,0.1303212270947409,0.5496744488468968,1.921120224861884,1.786694012277471,Gondwana_sediment,1.3633914102437361,1.033374433159222,290.06440968637276,11.921509670922624,980.7053167903792,0.3292335962901253,0,False
21.09000000000001,79.37000000000019,0.0323935598915657,0.0959948949710624,0.3315342050660904,0.1924538576782223,0.1903705289290513,0.5509316442306876,2.9633944214855186,1.0109435460404332,Laterite,8.428895687766909,10.095911966090563,464.9271654158329,19.984866951586383,867.1146095735166,0.4011999833909209,1,False
21.09000000000001,79.3800000000002,0.1153342490521745,0.0468718510130393,0.2184537805916478,0.2395330767673418,0.0927933483286226,0.6466843345522779,0.4064001054118421,2.5813604188622703,Laterite,28.51234452229676,14.369078946451001,443.872763310311,17.61922382645431,972.2388132157243,0.3488594825837942,0,False
21.09000000000001,79.3900000000002,0.091049192708481,0.1883670670231331,0.2520543121023096,0.2571397380924868,0.1032109710554633,0.144605253249017,2.068849390234102,2.4913992690289244,Laterite,26.70791351672749,17.252809422983578,566.039381796012,23.948954006746096,978.2243066776666,0.44334339619395297,1,False
21.09000000000001,79.4000000000002,0.0642408207604989,0.1980884908731808,0.2502975063497019,0.361015374366803,0.0913146746619747,0.1164376581522134,3.08352988364418,3.953530747471239,Laterite,13.669702583571388,3.585112238155801,262.54485665795005,11.818341123431608,900.0178162224548,0.3054003223918404,1,False
21.09000000000001,79.41000000000021,0.1087583241666981,0.1156247328156954,0.3944622984073236,0.2141999453030916,0.1457886481317874,0.5466470395618641,1.0631345563228742,1.4692498208950946,Laterite,18.603977934046103,16.00006963527363,500.7192654347732,20.666683031540135,902.9835769433935,0.2372899525238008,0,False
21.09000000000001,79.42000000000021,0.0665610492294258,0.0942414744513457,0.2553240163397108,0.3303272369319815,0.086965349394533,0.4608079060600609,1.4158652154794489,3.798377616509748,Laterite,8.32143548943398,11.054141514370905,427.30744650750734,14.196975969627811,932.8487159366967,0.3699281597218788,1,False
21.09000000000001,79.43000000000022,0.0382814739601493,0.0826916412039498,0.5,0.2788615863775265,0.1069678909742336,0.7161735800125704,2.1600955353501146,2.606965357333276,Laterite,5.64363479171284,7.931073639799264,309.8663479151622,13.574039622460214,958.1018105231278,0.3717154342021223,0,True
21.09000000000001,79.44000000000023,0.1096937223180869,0.0529232615991063,0.3380862419015248,0.1654792318631398,0.1057122218886358,0.7292993589068307,0.4824639043371554,1.5653746440116347,Laterite,13.910952148199465,2.6343005715818713,389.77396565886966,16.969704857163816,936.3572504093056,0.3528536586688688,0,True
21.09000000000001,79.45000000000023,0.0800473013105368,0.0939192207407502,0.1683317340004484,0.3693898966023852,0.1277895833832977,0.2837454426229158,1.173296527000563,2.890610381014857,Laterite,10.600566840781585,17.30591517817825,333.51063882791914,12.535929665134061,965.6781230096108,0.3300176722064046,0,False
21.09000000000001,79.46000000000024,0.0326426153702033,0.1009501016057056,0.2839453706748263,0.2372896159288995,0.0662712776797967,0.4754414696990773,3.092586183783412,3.580580062411878,Laterite,17.509683355526164,3.145464163594307,431.7253611153843,15.419782640995983,1032.1489826268867,0.38532725721079153,1,False
21.09000000000001,79.47000000000024,0.0579298396574887,0.0530264500749496,0.2325324877843809,0.1867695416663232,0.1448202496018588,0.6286129196032957,0.9153564086649284,1.2896645465729086,Laterite,2.3320391089495454,6.195757184181985,555.6002443258664,25.0,918.6141615425312,0.3189173376849728,0,False
21.09000000000001,79.48000000000025,0.0372514523984542,0.1036470566897913,0.0791617530180205,0.3295039135861218,0.2026451825332293,-0.1339394075018178,2.782362827170087,1.62601404733364,Laterite,29.231844229984993,5.8009106392487375,427.72199376488084,18.804640761992175,858.2410014648458,0.3067228972327296,1,False
21.09000000000001,79.49000000000025,0.0219160080710668,0.1090565294611069,0.4594470940114024,0.43073331715666,0.1468745686158334,0.6163383134630189,4.976112830852192,2.9326609836044817,Laterite,29.586322334388086,17.428280683817086,452.68896733063366,18.40387824359965,985.2961791515495,0.4115676799700848,1,False
21.100000000000016,79.0,0.0969853264259491,0.0292340069903754,0.3263142542220013,0.2708258778475565,0.2258660572400658,0.8355553368059303,0.3014271131267848,1.1990552322777688,Gondwana_sediment,20.944851420592354,13.45405988417796,407.49913884588375,14.70506501895018,1044.1657287964015,0.40077300977515523,0,True
21.100000000000016,79.01,0.1263624992141037,0.0642045995688196,0.3102207317899326,0.1924444817737077,0.215319909293846,0.6570499150328316,0.5080985254115938,0.8937607410084112,Gondwana_sediment,16.082890990323612,15.933627943827446,220.46620257819035,7.542462117248573,979.6384181525813,0.39786197617381686,0,False
21.100000000000016,79.02000000000001,0.0270029727854255,0.106464512262074,0.2743403660299723,0.2584005035738916,0.1873267523623923,0.4408448087029669,3.942695965877771,1.379410576317806,Gondwana_sediment,9.285828488589832,5.00935797584998,293.1434227504377,14.8194900748407,905.6125662323416,0.3280112870058386,0,False
21.100000000000016,79.03000000000002,0.0857290771007168,0.1737675062936071,0.1204982431307585,0.2771312209262382,0.1519942921318438,-0.1810243402399022,2.026937790159186,1.8233001835589808,Gondwana_sediment,24.413850591208462,12.497481992139978,396.8006917728331,16.80868603893747,953.805381838265,0.34057615089911064,0,False
21.100000000000016,79.04000000000002,0.0492007229263448,0.1203421249813497,0.2112382860444591,0.316249965852135,0.1492050194122714,0.2741300692477316,2.4459422052987283,2.119566532586559,Gondwana_sediment,20.541935176616377,11.434919662874973,324.0941134978819,12.402747261743665,904.0738257894434,0.2813535581266091,0,False
21.100000000000016,79.05000000000003,0.0539862384870586,0.0444807372360037,0.3446780774784045,0.266434113160449,0.1860899886181623,0.7714005922892082,0.8239273266699934,1.4317487737826122,Gondwana_sediment,4.8785081803467385,16.65660753576542,272.7054391044777,12.38210509180255,992.1427746981724,0.3535517098834048,0,True
21.100000000000016,79.06000000000003,0.0507081822728334,0.1523098870497161,0.1562779970217534,0.2799847495116271,0.1281364695247976,0.0128589299048187,3.0036550300670046,2.185051221806434,Gondwana_sediment,27.327815534815272,18.12174120962521,401.6531367673753,15.106750990414657,892.4354798651033,0.16860757716995675,0,False
21.100000000000016,79.07000000000004,0.0424402769096049,0.0356478404424645,0.05,0.3307608239213085,0.0534139624266259,0.1675717620740197,0.8399530576672914,5.0,Gondwana_sediment,24.67611728769507,0.24313542954773615,329.12391737914015,16.71518261802493,944.993560658615,0.32486148693169886,0,False
21.100000000000016,79.08000000000004,0.0696956488383442,0.140667642155482,0.240489399221912,0.2037014468863919,0.171960202705147,0.2618914153586489,2.018313112772976,1.1845848258111893,Gondwana_sediment,28.49399739875772,13.480398381175853,303.24305726936586,15.340728456017027,909.7831086853297,0.33707495689745665,0,False
21.100000000000016,79.09000000000005,0.0431914965076681,0.0783350139272838,0.2499242445972512,0.2974643536856818,0.0906265685032504,0.5227247249291822,1.8136675058714284,3.282308469472527,Gondwana_sediment,21.771585251650798,1.0367159823945804,385.59416697615234,15.133275481600794,966.3412342567731,0.3905616455597977,0,False
21.100000000000016,79.10000000000005,0.0761137047733944,0.093254552450432,0.2785563416414764,0.2048356041154086,0.0988929385904796,0.4983764383606299,1.225200541815029,2.071286452074338,Gondwana_sediment,18.402455878073695,10.977173301547118,253.31370323286927,9.297397140641166,941.6829161431372,0.33969719967742856,0,False
21.100000000000016,79.11000000000006,0.0663728567165251,0.1498518659016864,0.3387518643514596,0.2548716070607605,0.1468311973997882,0.3866118629778835,2.257728129978236,1.7358137194319905,Gondwana_sediment,12.547291088718566,5.752654580873564,571.0982932301629,18.559495820538892,968.8381051625382,0.3806979665482018,0,False
21.100000000000016,79.12000000000006,0.0605915585940068,0.0451534572566287,0.3305605812231273,0.2164506204646662,0.1418837561223252,0.7596392326604873,0.7452103598235189,1.5255489862102205,Gondwana_sediment,27.981854500620397,6.135531990442824,547.0808391676956,19.831873422217914,961.1175277483433,0.25142963983611644,0,True
21.100000000000016,79.13000000000007,0.0404130901387511,0.0405752725954789,0.293576980524399,0.2201903472143009,0.075856219684217,0.7571450004930551,1.004013114457956,2.9027329313359025,Gondwana_sediment,25.98191668501225,7.0591700690471315,483.0482342962141,17.448070212426742,910.6670486138195,0.33865830061983476,0,True
21.100000000000016,79.14000000000007,0.050216860082949,0.0948168350300058,0.3881531388086783,0.2368595325331714,0.1545545782066555,0.6073592968657576,1.8881474206983688,1.532530030027403,Gondwana_sediment,1.3565601031856822,12.425848980992203,242.48553103538248,10.373944475115708,991.3438531764762,0.28777880529550837,0,False
21.100000000000016,79.15000000000008,0.0900617367747716,0.1376351540407711,0.1176030219186763,0.317639782182646,0.1944069830430508,-0.0784840748800408,1.528231175822747,1.6338908049867555,Gondwana_sediment,0.7910092349175601,6.680999313375384,510.3509017878772,20.6121534989455,957.5617174078692,0.29867046824498433,0,False
21.100000000000016,79.16000000000008,0.0823075156287303,0.0351461569809246,0.3208581814477473,0.1718951773323997,0.0895029214867091,0.8025520858752453,0.4270102999677404,1.9205538130492212,Gondwana_sediment,11.293901006341487,14.653981011805609,523.1829312436075,19.108617826986496,910.57354960673,0.3321068037093307,0,True
21.100000000000016,79.17000000000009,0.0378333426560423,0.02,0.333953836333703,0.1710837423215875,0.2093641665424362,0.8869909124222978,0.5286342295726916,0.8171586621782029,Gondwana_sediment,24.316599923454987,8.090547711477393,507.1058470857351,20.56708221030985,1072.0463278103146,0.4658305723225457,0,True
21.100000000000016,79.18000000000009,0.0700199691628755,0.0775136456636382,0.1482437713919852,0.3710695496091545,0.0675514587435009,0.3133014481627861,1.1070219892932145,5.0,Gondwana_sediment,29.618283879448335,1.3670640061991723,245.58635484769647,11.243439080615383,983.8215083358813,0.3874934037994584,0,False
21.100000000000016,79.1900000000001,0.0894616137011523,0.1526845215953653,0.1228129391317707,0.3488991954309599,0.2512462072185457,-0.1084277959365218,1.706704307109186,1.388674476540868,Gondwana_sediment,4.5125067331058455,15.675196849682145,457.5631828271059,20.120811317627254,952.3369723300598,0.35803791448062827,0,False
21.100000000000016,79.2000000000001,0.0167178415663574,0.1432104699895511,0.19940578735245,0.055042041091484,0.1246369784758238,0.1640182453175379,5.0,0.4416188656081616,Gondwana_sediment,17.823921460564055,5.71516649185412,533.7299182997594,18.43940603410555,1030.7602263351162,0.3855585654023135,0,False
21.100000000000016,79.21000000000011,0.0829808057713966,0.0764935455165819,0.2087458557484814,0.1821318882552682,0.1523008498413424,0.4636537224485215,0.921822157706342,1.1958691519148776,Gondwana_sediment,11.426725698930646,8.655337591985253,430.9413604878671,17.69936305936013,1052.0907804693554,0.3588525980157849,0,False
21.100000000000016,79.22000000000011,0.0466812872316231,0.0783829357153577,0.3511419463502541,0.0945607463706525,0.0502383213757142,0.6350249355978609,1.6791082721975203,1.882243347170031,Gondwana_sediment,29.097431934438095,13.708877664438031,458.5629500912356,16.340108033191594,952.7325288843308,0.3300755276629898,0,False
21.100000000000016,79.23000000000012,0.0835579600577932,0.1408160293702275,0.215246121630902,0.1545516514609282,0.1415531966765322,0.2090367988580023,1.6852497249131806,1.0918273481659089,Gondwana_sediment,25.26356769407126,6.64912314297424,383.3453917705225,17.77618205138565,977.3698743217631,0.38788250514420103,0,False
21.100000000000016,79.24000000000012,0.0434222253037229,0.026,0.1919651481718915,0.048,0.1559041088859072,0.7614297491490026,0.5987717063845105,0.3078815581720102,Gondwana_sediment,25.149861141334135,1.1317131229343125,411.482927953621,18.71341483077454,910.599859099878,0.2722069212402295,0,True
21.100000000000016,79.25000000000013,0.0120535369800627,0.0787591689926771,0.2173366263305565,0.2109107295614198,0.1399918947950227,0.4680156202143952,5.0,1.5065924332232072,Gondwana_sediment,14.060794793849109,7.478420940256272,213.7507433406901,7.110226519879838,952.6403624616245,0.3868928384372602,0,False
21.100000000000016,79.26000000000013,0.0172537268635034,0.1017369555969997,0.391263233415434,0.1402640726587039,0.1159659461473787,0.5872741719220819,5.0,1.2095281175000492,Gondwana_sediment,12.444585070129955,18.888971653886067,455.5852087893138,17.450626628087274,950.0468723120315,0.33684222376106915,0,False
21.100000000000016,79.27000000000014,0.0674025483998396,0.1119087488513987,0.2816043374377086,0.2240933679757462,0.0966117740736065,0.4312323896098189,1.6603044149237902,2.3195244046865504,Gondwana_sediment,8.202212157921187,12.834687945971163,232.57888515646368,8.768252780522705,969.2413516811077,0.40474336062389366,0,False
21.100000000000016,79.28000000000014,0.0736316750516426,0.0733677322723619,0.2632748974643226,0.1058415118782186,0.2002863309768627,0.5641209649654008,0.9964153622916077,0.5284509996720667,Gondwana_sediment,1.6912648995278134,13.42958297334414,374.00583773608935,11.07798978287438,976.6380239318755,0.41429393183605745,0,False
21.100000000000016,79.29000000000015,0.0385905012468658,0.0949576404682308,0.2710994501299091,0.225103829722038,0.1451203567498946,0.4811867168745253,2.460648013217451,1.5511526749818725,Gondwana_sediment,25.941671287651598,12.645643072752797,317.06203906696317,13.882854641337953,987.991422441428,0.2868425827902485,0,False
21.100000000000016,79.30000000000015,0.0847577737633192,0.026,0.412206033432667,0.2279470326378866,0.2204376188258356,0.8813343584505355,0.306756522911134,1.034065935517918,Gondwana_sediment,24.387030273902326,3.979842779188736,418.17118008468526,16.878110077514958,971.8821328150229,0.33537676164427266,0,True
21.100000000000016,79.31000000000016,0.0156343981319291,0.066890063506643,0.208982827339691,0.3238367075631966,0.1168958822602508,0.5150660630177306,4.2783906687267,2.770300382054465,Gondwana_sediment,29.991530198583916,8.366677282045602,253.36653420928283,12.497289090522504,899.4628686685668,0.2945221913536813,0,False
21.100000000000016,79.32000000000016,0.0633776060405784,0.1111803485021755,0.416350829094026,0.3171949803221885,0.121300265331386,0.5784880467626015,1.7542528863517737,2.6149570175640804,Gondwana_sediment,29.89910511221716,15.018795967266366,476.6573607893273,17.663904930296866,913.0766447129707,0.25176734351370683,0,False
21.100000000000016,79.33000000000017,0.0289095140071241,0.0535682386298096,0.3067496298921665,0.2730741922107144,0.1836397122298049,0.7026612147508555,1.8529622611889145,1.4870105640347064,Gondwana_sediment,16.662951168078823,2.027457951063183,518.0046147713881,20.345279718974645,932.6796190268414,0.298128193324595,0,True
21.100000000000016,79.34000000000017,0.045564916765933,0.0950393688635805,0.2705580618024818,0.1949370353537095,0.0615312518998184,0.4800873260272217,2.08580143234361,3.1680979830263274,Gondwana_sediment,23.069622455415313,5.557055521794245,265.3417798972626,8.042856979641044,945.8879704038636,0.4767707811647159,0,False
21.100000000000016,79.35000000000018,0.0664219601394901,0.1103749000321045,0.5,0.3564766276682148,0.0818268319923504,0.6383373560799571,1.661723015010973,4.356475969470411,Laterite,28.34297189647284,5.526382169317072,241.72523494075287,8.06330366220953,1012.5387145236307,0.4101775127569835,1,False
21.100000000000016,79.36000000000018,0.039067599041479,0.1022034415553916,0.1828360510201578,0.130185036661448,0.1971942485676546,0.2828822375029535,2.6160666076579964,0.660186783037765,Laterite,25.489421720322344,8.64037855189012,258.20619311494363,8.394627387652879,901.8530506573794,0.434059292426805,0,False
21.100000000000016,79.37000000000019,0.0532233336731028,0.0989585508398592,0.2539314240433173,0.1186508959305376,0.0835433035388366,0.4391535157972287,1.8593076349131163,1.4202322719182074,Laterite,7.42044305229593,19.607374818843702,550.8510247594006,24.944073389334584,942.12924759149,0.3947533898477255,1,False
21.100000000000016,79.3800000000002,0.0948287842764307,0.0534506973886118,0.1669568760836184,0.2107351830077593,0.0510074492348689,0.5149831144881654,0.5636547778197265,4.131458948755937,Laterite,13.516324059302805,1.3500509336764388,411.2757047025425,15.739963998436485,1007.6504749107276,0.3407767700410991,0,False
21.100000000000016,79.3900000000002,0.047213243914303,0.1085702134558006,0.3863461970536358,0.4488992011493665,0.2352063594036507,0.5612583815028155,2.299571142006464,1.9085334346259413,Laterite,3.8747824545448495,10.374019887611901,386.90439840300104,16.36936796961427,945.0061262751944,0.3352887375194957,1,False
21.100000000000016,79.4000000000002,0.0894707633619516,0.116008646783565,0.4609188933651872,0.2018362765190874,0.0719091176062858,0.5978398022616639,1.296609554839653,2.8068245440514445,Laterite,28.62153081776167,3.587293640244209,242.6847276409417,9.350336843982296,983.0207824921662,0.39805460244657764,0,False
21.100000000000016,79.41000000000021,0.0303887943602688,0.0976989184387334,0.4598922781404837,0.2028728329753436,0.1506259699164045,0.6495679305175984,3.2149652585418544,1.3468649061861575,Laterite,18.1852390335264,19.413530908194883,459.8224027027847,16.62033624725707,953.0228978536298,0.37925889686876296,0,False
21.100000000000016,79.42000000000021,0.0800541253374557,0.0677787492174385,0.4161948753146207,0.1144662750721665,0.1446942596362095,0.7199072601571324,0.8466615411393421,0.791090643684475,Laterite,6.859284165103881,2.266070094549284,547.199836758036,22.463392351908215,972.8391628662612,0.33594758528943125,0,True
21.100000000000016,79.43000000000022,0.1072870586197342,0.1000286561716276,0.2749379532204242,0.2813150709689195,0.03,0.4664663269237155,0.9323459638588122,5.0,Laterite,20.151020532175703,8.072020047231824,531.2743477293811,23.33463781911807,948.5763728095479,0.2802164812746201,0,False
21.100000000000016,79.44000000000023,0.01,0.1194643916254604,0.2590759022510365,0.2815223378030477,0.1275141488416053,0.3688154546481234,5.0,2.207773334486747,Laterite,18.543847213736875,14.757699696692123,450.4218835923205,16.352059697926652,993.3532736364427,0.536895536983103,1,False
21.100000000000016,79.45000000000023,0.0398931423358828,0.02,0.1293830227506151,0.2697352640979865,0.1631206624739511,0.7322319542294944,0.5013392974029174,1.6535934800761454,Laterite,10.744881540985215,14.091088560548906,230.11148666066944,11.206204192323984,882.7471796297033,0.32397270874399847,0,True
21.100000000000016,79.46000000000024,0.0809921638154132,0.1368829625982315,0.5,0.1701545529006772,0.1582354690759386,0.5701471992018429,1.6900766195256811,1.0753249810981762,Laterite,3.4067277659888706,8.454572737878646,244.9588108704052,8.507175276644823,941.8343995805977,0.3369009551835931,1,False
21.100000000000016,79.47000000000024,0.0574686384187072,0.0768898104527526,0.3451978078148693,0.164430526213882,0.1855160341901705,0.6356689599182481,1.3379438322298765,0.8863413173046374,Laterite,20.14719586778399,6.930483359054365,219.72359484392987,8.189181933018064,974.8286338347405,0.3712274608832928,0,False
21.100000000000016,79.48000000000025,0.0745743762011362,0.139333476528486,0.2500043095130747,0.1476977309659732,0.1207854342547236,0.2842540254861097,1.8683827266063655,1.2228107780960848,Laterite,15.609231027113799,7.952247571057411,302.99168659698773,13.686019854227919,986.6847624003346,0.35787035643457404,0,False
21.100000000000016,79.49000000000025,0.0452004443985222,0.1378698769458044,0.4329056888987203,0.2191710751232575,0.1756052221046033,0.5169033672012358,3.050188520829963,1.2480897343012622,Laterite,23.16955175206918,5.285525263172786,254.2645868641511,9.267485471567321,1034.6476311377164,0.39412930706191784,0,False
21.110000000000017,79.0,0.0717176936241868,0.0438130521107811,0.1593235483240009,0.1521714869505045,0.1142135465959962,0.5686345833745577,0.6109099419632502,1.332341839935516,Gondwana_sediment,15.604905033359803,4.106658774135996,304.01921610097355,12.742617056212296,956.4487666567487,0.42301565180210177,0,False
21.110000000000017,79.01,0.0643296829382374,0.0701223599028978,0.2981622034222689,0.1450808446325492,0.0779766291793609,0.6191946830421727,1.0900467185765128,1.860568300699164,Gondwana_sediment,25.565445009556203,9.6607939511778,354.02322228758464,14.121585937739844,1049.9740880930713,0.3875128590505805,0,False
21.110000000000017,79.02000000000001,0.1039134618497939,0.0867780521649714,0.2411370865709184,0.197541649816252,0.0834335812159379,0.4707286005578363,0.8350992310014506,2.3676515702738565,Gondwana_sediment,16.557205163234567,5.370675121352146,577.1931136284543,24.3084490812599,943.048808667044,0.29550778128375343,0,False
21.110000000000017,79.03000000000002,0.076392625299036,0.0667898591550223,0.3231677139880325,0.192659067737104,0.0750344772402287,0.6574506367471251,0.8742972087442508,2.567607246246685,Gondwana_sediment,16.828139146061588,5.749233297945002,444.15042391267684,13.744789451981209,1042.4323205772598,0.3828299304925419,0,False
21.110000000000017,79.04000000000002,0.0787680798622556,0.1673574630334717,0.2538426460813907,0.1889415029824621,0.1984392983945591,0.205330390842328,2.124686333774628,0.952137527273322,Gondwana_sediment,26.29960807975035,13.13512126949114,533.9895142731849,18.59019946429987,1016.8733563349462,0.3581074195551092,0,False
21.110000000000017,79.05000000000003,0.0561636910163255,0.0635091162469276,0.1160072108888809,0.2589511217788172,0.0720513245470715,0.2924418934495746,1.1307860111150516,3.5939814159869465,Gondwana_sediment,12.10448598637191,19.370746633997843,484.1406002849329,21.40445902396588,930.3270710184164,0.4200675984942487,0,False
21.110000000000017,79.06000000000003,0.0537718132778246,0.0753781288205245,0.2695576372670075,0.2315333461505182,0.1613019420324644,0.562943966619318,1.401814893072032,1.4354033379237208,Gondwana_sediment,4.020456853519222,12.072744011187503,245.0012522106527,12.282748320075296,991.3519618626186,0.4303129389353605,0,False
21.110000000000017,79.07000000000004,0.0553032543654108,0.1055955612641182,0.3677864141875404,0.2055290778642203,0.1341237902963775,0.5538674188384052,1.9093914505549128,1.5323834590181056,Gondwana_sediment,0.8634802894001692,1.5395893412993256,494.36816254957955,18.77770003250277,973.438208223418,0.3704155781053217,0,False
21.110000000000017,79.08000000000004,0.0799935642713482,0.0491540189569555,0.2608783594146062,0.2382109049818021,0.1421075713274674,0.6829104156844427,0.6144746685967312,1.6762717326668717,Gondwana_sediment,22.65411767020857,1.5116722770813396,310.0395526236498,12.430257988309807,1007.2792296837775,0.31379291839045376,0,False
21.110000000000017,79.09000000000005,0.0554104655753914,0.0812327715297484,0.3422115121589137,0.155693107122674,0.2152403647599839,0.6163236832343636,1.4660185677852018,0.7233453038604256,Gondwana_sediment,18.60928654060394,19.02846441691132,455.64313879788256,19.574569289049712,964.836420578362,0.3005190445448884,0,False
21.110000000000017,79.10000000000005,0.0766132457068916,0.1095781304500058,0.1610470514326003,0.2321695036736755,0.1249586316392352,0.1901852614214684,1.430276570270946,1.8579709175927035,Gondwana_sediment,21.122393042976707,5.945815806146673,336.38478945719544,15.402468097367217,960.6376887169409,0.3609952963480805,0,False
21.110000000000017,79.11000000000006,0.1300620239593623,0.0833855838246983,0.2638739206730209,0.2350421744991223,0.1772800780774829,0.5197506028162087,0.641121683502633,1.3258239556043696,Gondwana_sediment,6.388924845267322,1.8413397216495087,599.0689053058636,20.90584984440262,1044.45472913817,0.40848667189287785,0,False
21.110000000000017,79.12000000000006,0.0938137411029498,0.0927845256440007,0.2049489544911488,0.1189867198449741,0.1483981675690542,0.3767276315668654,0.9890291598463962,0.801807203646401,Gondwana_sediment,4.091144267603093,11.980891743007632,305.42059179871114,10.953777497656212,971.0639552772438,0.3454178422626637,0,False
21.110000000000017,79.13000000000007,0.0577792940349638,0.0751667155020637,0.342998084010478,0.293598562805923,0.1387390547183637,0.6404923818470093,1.3009282412915173,2.1161926120247854,Gondwana_sediment,0.43633997003645786,12.472975565805323,311.65218830970787,12.320349086538078,1017.3211162096159,0.35748693936824427,0,False
21.110000000000017,79.14000000000007,0.1034764176649173,0.0355811876327678,0.2723491562262071,0.1618996406341078,0.2611584562193222,0.7689010623291593,0.3438579378888324,0.6199287701262516,Gondwana_sediment,10.51762676419791,12.970096402373763,572.2689022249593,25.0,964.7324257478175,0.3321346979964992,0,True
21.110000000000017,79.15000000000008,0.0550777388093524,0.1088437284535679,0.3391073676336692,0.2296216859444478,0.0739129127142299,0.5140374499359509,1.9761836743644157,3.106651831210749,Gondwana_sediment,17.697530605638992,5.348040557150826,209.85776185452906,13.740934378048367,1059.3331629614036,0.396080238098329,0,False
21.110000000000017,79.16000000000008,0.01,0.1659973228658879,0.379771042615795,0.3045088218374661,0.2102565917718705,0.3916931306966937,5.0,1.4482724138467558,Gondwana_sediment,11.767321352991969,0.3022136842895007,478.67559514927876,19.488805010933845,942.0832685332529,0.23414310809631658,0,False
21.110000000000017,79.17000000000009,0.0368374106724767,0.0963560652313357,0.3410618575121477,0.2874973730399679,0.1784403282744968,0.5594324775036078,2.6157122124155583,1.6111681460067175,Gondwana_sediment,13.124247660711871,19.300307389089436,490.13055629435127,17.60815158805666,945.2928234376683,0.29941847735064014,0,False
21.110000000000017,79.18000000000009,0.010836242369223,0.1044505646899001,0.3001118434293737,0.2248033371998153,0.1214637502684089,0.4836368252816625,5.0,1.8507854114332016,Gondwana_sediment,27.124760834812452,5.01786091382205,534.5514309641597,23.07751244457592,1052.2258590558226,0.36323215487356597,0,False
21.110000000000017,79.1900000000001,0.0562945954787594,0.1229689102046724,0.1738787741488692,0.1967250697982519,0.2267259258720786,0.1715016374067909,2.184382158543652,0.8676778756324438,Gondwana_sediment,10.447664010699011,13.52052576105095,589.7757242553901,25.0,953.7526804552649,0.4180324149183203,0,False
21.110000000000017,79.2000000000001,0.0672725513756851,0.0443067801381299,0.2743213889333201,0.2881258336002863,0.0526744943805711,0.7218903758362366,0.6586160204454876,5.0,Gondwana_sediment,15.419684674794324,14.132597397574191,590.240767662661,24.809393561236547,1056.053715308247,0.3553294611441462,0,True
21.110000000000017,79.21000000000011,0.116893119368257,0.1630005863251821,0.2221909597984274,0.2687286484465998,0.1188116671350442,0.1536647780916884,1.394441238857055,2.2618035307506954,Gondwana_sediment,23.509590382234293,12.200148341589713,226.11070302658555,7.607982202465813,1020.5920289797682,0.39174541795897333,0,False
21.110000000000017,79.22000000000011,0.0762878212129233,0.1028131518569098,0.2419936043295885,0.1779144485969072,0.0842958897865439,0.4036476952239133,1.3477007219171036,2.110594583393887,Gondwana_sediment,11.896283469638105,6.258147884272964,528.735729101161,23.946643262175083,968.2675146719859,0.3744274555485445,0,False
21.110000000000017,79.23000000000012,0.0597869841357325,0.159814275963562,0.2398465849249865,0.1652574447098778,0.1651441732435706,0.2002505543411658,2.673061336116813,1.0006858938103222,Gondwana_sediment,18.662601006836205,5.421925075281315,458.52397346295254,20.432256797953226,885.3353263991696,0.3968965726827267,0,False
21.110000000000017,79.24000000000012,0.091122167435503,0.065038680179038,0.1802074425217876,0.075535137281276,0.0887067949406386,0.4696048240333767,0.7137525581104907,0.8515146697236853,Gondwana_sediment,25.870911262402355,11.953365654054062,458.9368537492365,17.07020721782694,975.0340847864358,0.42876665214312093,0,False
21.110000000000017,79.25000000000013,0.01,0.1669024769023104,0.0833661410866135,0.2310822289178469,0.1658331973370634,-0.3337866986823546,5.0,1.3934618187986554,Gondwana_sediment,28.485618709729263,17.32191267223383,251.3399706458779,11.235350011980263,981.0815026766987,0.3650304150640161,0,False
21.110000000000017,79.26000000000013,0.0730684367432552,0.1250062197613887,0.2131856951672363,0.2142111578487077,0.1346781792089197,0.2607379759459475,1.710810100256411,1.5905409395040777,Gondwana_sediment,4.4122044278711385,18.934674578467913,460.0748665782613,21.1643172427453,1034.3608866652462,0.36411109543999515,0,False
21.110000000000017,79.27000000000014,0.0890059558166072,0.1159416034340916,0.3002379451924293,0.2992333962249734,0.119852302867193,0.4428289240119343,1.3026274729605891,2.496684576072618,Gondwana_sediment,27.797628754844833,2.1181160880751526,592.9930322404991,25.0,1055.422358812033,0.3625917294132278,0,False
21.110000000000017,79.28000000000014,0.0214024126266029,0.1030009781741231,0.1469822954572649,0.244533856543621,0.1630723623016627,0.1759370402133406,4.812587229760986,1.4995420005096318,Gondwana_sediment,14.763488792386145,3.096572251954397,564.7274278157788,23.397411541705207,941.7506410428401,0.34110332926777603,0,False
21.110000000000017,79.29000000000015,0.0999526212962059,0.0835188552770191,0.2842682236471768,0.3124960435920835,0.1300289188030939,0.5458303997595053,0.8355844410118634,2.4032811026059218,Gondwana_sediment,7.747331648968751,18.89472517566159,375.6522643219402,14.936018787722205,1016.0590881994367,0.35932049035860875,0,False
21.110000000000017,79.30000000000015,0.0756748922248304,0.1413012663389519,0.4736268424311113,0.1699845040458631,0.088848257847045,0.5404299645739257,1.867214633519712,1.9132001906798943,Gondwana_sediment,13.77407268714784,14.730704566695852,215.97918931443775,11.453680532264098,1014.270107800695,0.40803266089317214,0,False
21.110000000000017,79.31000000000016,0.0529413625829739,0.0987143947939188,0.3868056555252392,0.2981705231677282,0.2831686494817458,0.5933663511581162,1.864598676559295,1.0529785822270257,Gondwana_sediment,29.40097725856431,17.659876496595462,344.9173960000819,11.95123716070831,1029.6706351205498,0.40714197904446636,0,False
21.110000000000017,79.32000000000016,0.0842634559831864,0.02,0.4497541509120687,0.1811758534626688,0.1185616408485396,0.9148490758116316,0.237350815284097,1.5281152657233066,Gondwana_sediment,14.778542819786088,4.052652682706864,530.5561246402222,22.983663775184603,1000.9344956068047,0.40494049540980254,0,True
21.110000000000017,79.33000000000017,0.1332807857341297,0.0480525415317166,0.3254127876932888,0.2723317243254536,0.031859545992396,0.7426666530541618,0.3605361510361958,5.0,Gondwana_sediment,9.862548308625247,11.751717422188037,480.5996405860664,17.284931769690573,878.875115451939,0.39254235386628555,0,True
21.110000000000017,79.34000000000017,0.0704959876517526,0.0851261699122867,0.4039509822986613,0.1154869125228458,0.1004550655139272,0.6518906288709033,1.2075321252615605,1.1496375201892717,Laterite,19.002025629501773,14.022791888349474,383.7374622375826,18.119813471085145,968.2288783736395,0.45622928546012365,0,False
21.110000000000017,79.35000000000018,0.0723666175890078,0.1047799593266187,0.2157035269532383,0.2337594709556274,0.07901616558136,0.3461132081393611,1.4479046095107808,2.958375275994586,Laterite,7.204368563345792,13.602237708939453,222.04061406353244,8.735601221424862,918.2146212541818,0.350563652640696,1,False
21.110000000000017,79.36000000000018,0.0510191730137903,0.0899364604440006,0.2245659732978191,0.0780718440987804,0.1835072808020222,0.4280714499065877,1.7627972966831775,0.425442760172902,Laterite,2.275899843259918,8.163033817333963,370.757891129321,17.98541193501665,965.8697113541239,0.4171743303275791,1,False
21.110000000000017,79.37000000000019,0.0391846689160538,0.1407788315917429,0.05,0.1980003759840711,0.1581026329795756,-0.4758328310680808,3.5927018174905667,1.2523534373043257,Laterite,3.8663916573194768,0.30789783382616953,387.6099758871534,17.133241174675774,1025.0002118067223,0.36679207023581006,0,False
21.110000000000017,79.3800000000002,0.0894700744963249,0.02,0.4094145474042484,0.2472247795714477,0.1617756400895135,0.9068499184937272,0.2235384299190193,1.5281953406695477,Laterite,3.8413751687331734,11.658521136085263,571.4222131576544,21.362818421445073,991.2575417937761,0.43097192735181683,0,True
21.110000000000017,79.3900000000002,0.0387574852227314,0.0974035174602026,0.4457323979820076,0.1796322014138169,0.123158876708134,0.6413291232528229,2.513153695321791,1.458540432239093,Laterite,4.55708080536883,5.062030783592175,456.43444143286376,21.867357190523812,1033.4045433198992,0.44060216160375437,1,False
21.110000000000017,79.4000000000002,0.0664669871165791,0.02,0.2372822754652924,0.1422693659870758,0.12751248764715,0.8445287378925995,0.3009012569628145,1.115728886641972,Laterite,4.164815179482304,9.005084922857806,324.66116666185957,16.630039143766275,993.0876960357044,0.4228286845105388,0,True
21.110000000000017,79.41000000000021,0.0498702765970438,0.1216884918193627,0.2681048293602964,0.2747282928507087,0.1227534448196126,0.3756255675706832,2.4401005945606884,2.2380495556000053,Laterite,19.226242344096438,19.151620301676346,410.12730578028857,18.853210726043788,911.0837030165824,0.3463598806907946,1,False
21.110000000000017,79.42000000000021,0.078449394772389,0.0873416514223158,0.2190137886309242,0.2079576047107085,0.1370603407932224,0.429801857420079,1.1133502248728817,1.5172704471289693,Laterite,5.456402531974344,7.980706352848694,226.42212312886403,7.911079400296895,849.9576496713908,0.28531621042722705,0,False
21.110000000000017,79.43000000000022,0.0739698631586056,0.1077243988809605,0.3335653551477699,0.180630054707846,0.1827066717682376,0.5117747560504845,1.456328214428974,0.988634147077622,Laterite,10.370018499715897,16.796032133288534,589.0272942598947,23.930776018780794,983.440438084007,0.2990637423882288,0,False
21.110000000000017,79.44000000000023,0.0949661983277341,0.0730660860493266,0.4086932545303454,0.2610392573769507,0.157563770625263,0.6966697687843723,0.7693904490125222,1.6567213146486146,Laterite,26.903652297180354,3.7708121149850227,344.02396077229037,14.625186133656952,965.3036766824692,0.35998701837987096,0,False
21.110000000000017,79.45000000000023,0.0484195080343546,0.1417585972663057,0.1228228026119176,0.3988668399361839,0.165585641481039,-0.071568880714769,2.927716590448488,2.4088250413969328,Laterite,14.218849207886171,13.449209960500577,391.1469419652543,14.890368449889397,927.1527130309335,0.4243328944990592,1,False
21.110000000000017,79.46000000000024,0.0555037519411959,0.1320689865623496,0.3389438530642474,0.2947451994847007,0.1653779454124556,0.439212796453659,2.379460517629972,1.7822521532201614,Laterite,20.026732155630814,19.54013908877887,342.1135896947691,17.63942604887512,890.9686375174587,0.3186209940008433,0,False
21.110000000000017,79.47000000000024,0.0341170885265277,0.1135617721204709,0.2712328228281081,0.2950801567731413,0.1844421218690823,0.4097538082304188,3.328589181908416,1.5998523201907475,Laterite,5.169596136048895,2.037862017458736,473.00469204648005,19.997181778722076,939.262839326392,0.39147989402039973,1,False
21.110000000000017,79.48000000000025,0.0500312021977135,0.0848593101254577,0.311139439196692,0.2438882423294577,0.1544475020770081,0.5714162718984019,1.6961277408545472,1.57910124082126,Laterite,5.768670564260123,0.16639884454384024,464.8928633318372,13.963839877945167,966.2754257567888,0.40455085468474233,1,False
21.110000000000017,79.49000000000025,0.0745590147913424,0.1130542914118005,0.3465994001674527,0.2247539690803924,0.1578024036339412,0.508089270212193,1.516306131144017,1.4242746863307176,Laterite,1.226058487994366,8.671655852652286,486.12892421165424,20.9340834676647,1009.293891185347,0.3643008981481464,1,False
21.12000000000002,79.0,0.0917496584993604,0.0702842972805058,0.238379756122719,0.0598742398168704,0.2080003120596576,0.544590330277824,0.7660442376948069,0.2878564901908031,Gondwana_sediment,5.068051892164936,1.852509661027344,307.25729184476836,12.106072366564055,1001.431554078429,0.44135407465538684,0,False
21.12000000000002,79.01,0.041255040274671,0.1326022263608281,0.2477413146594235,0.1797713757475802,0.115127704099844,0.3027239215354317,3.214206680118551,1.5614953585413691,Gondwana_sediment,8.35771017095876,14.967686993524627,326.26739246562636,13.444621573830869,1072.4033623586665,0.2567182236604747,0,False
21.12000000000002,79.02000000000001,0.0948881776031695,0.2134330065048433,0.2376124832445381,0.2320317492909913,0.1054128710024242,0.053607623363597,2.249310837989822,2.201170946814816,Gondwana_sediment,5.3103145283024045,18.29097327697118,250.10049243848317,9.683615120032066,940.2197971977603,0.29144491001225137,0,False
21.12000000000002,79.03000000000002,0.1093491357641482,0.1408444223991669,0.3569316201788307,0.0954575555166718,0.0887239200406566,0.4341052586965231,1.2880250153430337,1.0758942499986486,Gondwana_sediment,2.6610760127116686,8.680419454175176,462.20398873844505,20.872592363981916,1036.0529446029018,0.34273823940816517,0,False
21.12000000000002,79.04000000000002,0.0809630470967106,0.0892526715700139,0.3026759960127526,0.1744570736219023,0.1569857281810122,0.5445463474376082,1.1023877517006315,1.1112925711923036,Gondwana_sediment,3.6190761330180243,5.174232843108819,215.91885093426103,11.235994346034307,994.3649371564665,0.3319011002903054,0,False
21.12000000000002,79.05000000000003,0.1247438743767415,0.1121166926909234,0.2837583537737395,0.0874414470354144,0.0549733879390431,0.4335753480101701,0.8987751355424477,1.5906141162940857,Gondwana_sediment,13.823363040981773,8.688066380132195,439.0729342093836,18.860811916574956,1026.7334562059593,0.4018381936365295,0,False
21.12000000000002,79.06000000000003,0.0451063240268923,0.0457543382496533,0.1355048278907756,0.2231173315011826,0.170587704802983,0.4951500743530614,1.014366369579087,1.3079332512743185,Gondwana_sediment,6.190011552173775,14.468956357000021,547.8783539406536,22.149642373250913,970.1742568367529,0.3783172364664774,0,False
21.12000000000002,79.07000000000004,0.0308603589006569,0.1201956124470261,0.2256420256786889,0.2828136179594157,0.1418403452749715,0.3049014958945615,3.894822236010527,1.9938869805467887,Gondwana_sediment,10.928095831442263,0.18108323160741957,556.3328593158534,23.09786139520888,1045.5840186945595,0.4117935356192102,0,False
21.12000000000002,79.08000000000004,0.014718392532871,0.1151441365145005,0.3542669160339222,0.3026742163037014,0.2038519849910518,0.5094102027855715,5.0,1.484774436552629,Gondwana_sediment,15.102518125645707,11.789079789693943,379.61510414798465,15.856495239321283,1006.7612379172922,0.40733953892560887,0,False
21.12000000000002,79.09000000000005,0.1128413293446747,0.0221473464187123,0.2690696573123975,0.2539349123455451,0.1133441344767494,0.847897985506666,0.1962698111384008,2.2403886473154606,Gondwana_sediment,20.71184485888096,12.265833697747581,383.72147528522953,14.383534723821557,958.0277507541425,0.3117551780755209,0,True
21.12000000000002,79.10000000000005,0.0874709696906209,0.0653752401165556,0.3321531469589195,0.1885947073393178,0.1365940857291235,0.6710914627704413,0.747393566951917,1.3806945314985752,Gondwana_sediment,1.179364195232968,12.75376493791871,230.78767320320694,10.774010347276093,991.3987985543706,0.310865746117523,0,False
21.12000000000002,79.11000000000006,0.0660524598726855,0.085254444130248,0.4437511800327695,0.0890554389036007,0.2026901666646672,0.6776803864835274,1.2907080851417665,0.4393673374742362,Gondwana_sediment,23.98231196727128,4.840441599617544,468.3060101772143,20.432835071771528,980.0222070531751,0.38732431174533377,0,False
21.12000000000002,79.12000000000006,0.0759990587895937,0.0843656101143656,0.3718606069208883,0.1010191910418926,0.2155567823389063,0.6301588685800825,1.110087563543731,0.468643064249318,Gondwana_sediment,18.837011684727234,14.281054467562535,528.5037681491382,25.0,1016.4589175319197,0.3496604903921479,0,False
21.12000000000002,79.13000000000007,0.0337153285810477,0.0478409225832463,0.2782158337699814,0.1348712195921827,0.1122123817124075,0.7065484969325636,1.4189665192301375,1.2019281420980383,Gondwana_sediment,2.4527709584661572,1.8278297266355281,297.8620218418852,14.921617137322166,933.0111625313045,0.27135543368084064,0,True
21.12000000000002,79.14000000000007,0.1407325593885038,0.1115991491740858,0.2187010829804348,0.1611798211375002,0.1551290616293565,0.3242563078908739,0.7929874193981541,1.0390046799786623,Gondwana_sediment,26.207358723203317,3.9854067293360163,368.52035265334587,13.983664858709151,990.5324148942453,0.42001686981241604,0,False
21.12000000000002,79.15000000000008,0.0711166354592557,0.1376946276649045,0.05,0.2543011261687035,0.1605809488842008,-0.4672196999412565,1.9361802844311264,1.583631979866576,Gondwana_sediment,27.626172015954396,17.54940093308964,535.5357347061081,23.954585695105767,1011.7653626324966,0.44916710631230106,0,False
21.12000000000002,79.16000000000008,0.0704018438381456,0.0879092347208575,0.2547615077527232,0.1518085047311093,0.1643626702810557,0.4869171840547138,1.2486780147135594,0.9236191184966696,Gondwana_sediment,1.8323387956459125,14.774463014531328,550.8481870649152,21.050101028182524,993.6511653596817,0.45047723149481356,0,False
21.12000000000002,79.17000000000009,0.0887729987169595,0.0652683399936637,0.239898750418324,0.2462283125567753,0.1323712170342171,0.572245225170505,0.7352273874203579,1.860134838128091,Gondwana_sediment,8.30632944441611,0.274911080226905,297.2719921056904,13.778197206285466,1059.3470622194798,0.40660553440604086,0,False
21.12000000000002,79.18000000000009,0.0813102769521001,0.1372682850566606,0.312436619439547,0.2059408548040337,0.2093891699061798,0.3895183988268281,1.6882033862546677,0.9835315494013164,Gondwana_sediment,24.18603839379184,4.967525207396005,420.2282538165457,16.47628217816919,1030.7011387035827,0.4178095318124886,0,False
21.12000000000002,79.1900000000001,0.0734765207283726,0.1613562845235298,0.2589094773025411,0.2226381998218685,0.0506548258189207,0.232122627196483,2.196025107128138,4.395202150693957,Gondwana_sediment,22.44779071150975,4.288129659863291,276.99726025433085,9.495046063845951,991.6259601629927,0.4403531462292178,0,False
21.12000000000002,79.2000000000001,0.0429257663366392,0.0756175406461364,0.2431614940563309,0.3014175386869808,0.1239034882599437,0.5255802142509582,1.761588596391214,2.432680005032247,Gondwana_sediment,5.53563058069132,5.4161265607394515,240.75150565582263,10.591403421054084,1002.8344548749137,0.34399213107692095,0,False
21.12000000000002,79.21000000000011,0.0806640507140784,0.070293323313805,0.0981601069492887,0.1386837786059704,0.1671765366386451,0.1654272256457948,0.87143309323534,0.8295648498974545,Gondwana_sediment,6.280479700101309,4.951195405597728,564.448200556783,18.16954076689101,1006.78327757413,0.4330776132930033,0,False
21.12000000000002,79.22000000000011,0.1228607348942495,0.1142483066164776,0.1830032170850046,0.250309320480462,0.1674612405974649,0.2313021295542444,0.9299008883662058,1.4947298816009027,Gondwana_sediment,11.11416308374146,1.2505259148569148,528.2030016928436,18.50650725505803,1012.1649802083712,0.39333167928529955,0,False
21.12000000000002,79.23000000000012,0.1066426013846477,0.0800988248101182,0.3255651040800674,0.2197218740066709,0.2120579515307358,0.6050976232493371,0.7510959381617225,1.0361406979412902,Gondwana_sediment,14.53568955573064,9.178810331936408,504.01396072126954,20.645597929170997,900.7171002167996,0.38345449519842945,0,False
21.12000000000002,79.24000000000012,0.1139555987991803,0.0886641119734682,0.4503907631132816,0.1970559603321172,0.2041512696600619,0.6710386415010104,0.7780584089765684,0.9652448430211392,Gondwana_sediment,18.54764314590888,14.654669495723303,219.50652752525616,9.310988846822024,976.9236852115627,0.37565103299813274,0,False
21.12000000000002,79.25000000000013,0.0507035297070627,0.1236461260689843,0.2699474616254503,0.282067942460613,0.1297829187346362,0.3717066031900803,2.4386098273529075,2.17338263766445,Gondwana_sediment,11.067409187093173,12.134634494348727,537.491517084103,21.65684233818791,917.7780465903587,0.4089796029587846,0,False
21.12000000000002,79.26000000000013,0.0362318553922408,0.026,0.3133811073574254,0.3375971889827834,0.2088735621765276,0.8467799209874306,0.7176005657664424,1.6162753452533098,Gondwana_sediment,13.876041483994436,13.457433371961596,375.2176303621535,12.4751953343212,1055.9140473730045,0.4071439558919535,0,True
21.12000000000002,79.27000000000014,0.0620263923970087,0.146432092994104,0.3767478156952941,0.1532456442808055,0.1079979128111245,0.4402227968465466,2.360802992067704,1.4189685721696954,Gondwana_sediment,22.424128144012695,1.622983570724783,336.95804931834385,12.40413503732065,988.9575239998836,0.29666011852658547,0,False
21.12000000000002,79.28000000000014,0.0673517473686589,0.0964272209731708,0.201310606379989,0.2064487591299406,0.190064369139589,0.3522675848883139,1.431695903926497,1.0862044261946746,Gondwana_sediment,1.100496086717937,19.029814203535743,418.5905444101506,18.223691338231063,982.3329525160489,0.4409711888092544,0,False
21.12000000000002,79.29000000000015,0.0983857455541265,0.0768802742175099,0.3199814043285587,0.2385848177808797,0.2338661239210467,0.6125588415097458,0.7814167967764482,1.020176901548205,Gondwana_sediment,7.573108330320623,16.769836676860496,236.54129708942233,11.019450919982654,1036.8398666016917,0.34143841292702876,0,False
21.12000000000002,79.30000000000015,0.0146660611085534,0.089590633831139,0.2101509893667991,0.1994895276384141,0.2039072053427454,0.4022142610998842,5.0,0.978334861709574,Gondwana_sediment,21.400487576536573,16.101806369913255,502.6586197409595,20.91166292068143,1013.1162398725237,0.44257150046439214,0,False
21.12000000000002,79.31000000000016,0.1112065095838163,0.0914771742008176,0.3715824438491165,0.2592514932601407,0.148268519176203,0.6049010940910927,0.8225883040561802,1.748526892463209,Gondwana_sediment,26.85620513061598,16.45967610083535,432.9740307553184,20.354252176878912,935.5682742810696,0.346325958783385,0,False
21.12000000000002,79.32000000000016,0.0604597630426282,0.0306175322208597,0.3011403047951891,0.2852201295044568,0.1262110614113907,0.8154224024546569,0.5064117130037572,2.259866338884372,Laterite,15.350323263469983,18.654210162655225,274.636038749267,12.237962328137929,988.4547318736616,0.42947107371250837,0,True
21.12000000000002,79.33000000000017,0.0522735679015752,0.1524175290981261,0.3167451813981602,0.3459792868249154,0.0661904351870324,0.3502572744777188,2.9157667043797963,5.0,Laterite,15.96340455795947,10.885079322273954,275.29287990761827,9.975625354901004,975.2416513387108,0.42245404999535474,0,False
21.12000000000002,79.34000000000017,0.0345968687421927,0.0940930252908213,0.2095401402581578,0.1102804604849092,0.1579669818957068,0.3802190538723996,2.719697719467314,0.698123488159737,Laterite,3.2151603401932816,4.005640357352518,273.6994606290697,10.843140086054667,904.7733555697273,0.3607971570544163,1,False
21.12000000000002,79.35000000000018,0.0151942998440246,0.1099800852178915,0.3594032359610957,0.2085294807176764,0.0864991386014505,0.5313847753762742,5.0,2.4107694463572664,Laterite,13.422371004703638,12.335672157050823,222.80095502077359,6.477640811449857,957.4861883381698,0.3844840865081702,1,False
21.12000000000002,79.36000000000018,0.089415117518855,0.1301419908229582,0.4980712921231193,0.1532048241941407,0.1024232668192996,0.5856757748198944,1.4554808436052988,1.4958009913397163,Laterite,15.978517993650694,14.85762987335878,435.1193797486739,17.913696175411914,982.8229838992067,0.3896900498218308,0,False
21.12000000000002,79.37000000000019,0.0667995390156497,0.0510535016975843,0.1897088304571975,0.258787521880727,0.0823627099631627,0.5759012527461479,0.7642792506276983,3.142047192015253,Laterite,7.27411510904189,14.758347867080507,536.1392710354032,24.56333753158448,986.2524534254379,0.2691534322204854,1,False
21.12000000000002,79.3800000000002,0.0257811730077659,0.1106588759614054,0.2574240992352662,0.1029979676968056,0.1187003833671635,0.398728637627343,4.292235869130111,0.8677138581047494,Laterite,8.077296928481429,10.428980483337602,206.99928559495544,9.99555040254508,917.8884288161646,0.35012467175097184,1,False
21.12000000000002,79.3900000000002,0.0255076368380889,0.0808343563640444,0.3154607474168283,0.2401418897157357,0.140141529275647,0.5920496840741012,3.1690256749475485,1.713566926132505,Laterite,11.31852489313868,1.369174386671561,219.6018579885094,11.954096068026136,1049.5832791524037,0.33779052087855665,1,False
21.12000000000002,79.4000000000002,0.0541664590212935,0.1628000803112526,0.3718406211996012,0.2057959317667315,0.1550407290582813,0.3909925680153358,3.0055514602994187,1.3273668982595797,Laterite,0.602135933331791,7.422258768602557,429.10811067477835,17.273734123851114,986.8948470554581,0.3786449248330799,1,False
21.12000000000002,79.41000000000021,0.1141906457586791,0.02,0.2381453714710731,0.1639086693715223,0.1111546682292978,0.8450485482015039,0.1751456947248704,1.4745999590942938,Laterite,9.66237496749535,18.415332169267145,527.7982741544209,24.68379434546272,993.8776538330582,0.315556992868236,0,True
21.12000000000002,79.42000000000021,0.0562122594590891,0.0870362279903451,0.05,0.113745125752145,0.194464185319755,-0.2702659618296553,1.548349571304006,0.5849155488792129,Laterite,6.34344020989634,11.68897819514852,330.69555622745344,13.392373056581285,1012.0320819170219,0.3202644336575795,1,False
21.12000000000002,79.43000000000022,0.018785711406454,0.0667071737686373,0.4318189494164234,0.1821446837659225,0.1304097371004975,0.732382434127755,3.550952741168169,1.3967107646715484,Laterite,9.82492056533744,10.766638865114269,339.8457595230889,17.10341014526849,952.5961873048465,0.4374702953270125,1,True
21.12000000000002,79.44000000000023,0.0563877080774188,0.1403096734329705,0.3728506119584356,0.3483780445444291,0.1012538783367197,0.4531545895115055,2.48830246818152,3.440639014752937,Laterite,3.5928639545775365,5.37707028764387,438.53859899871037,18.228728130062017,1014.8177986566649,0.43402904390245883,1,False
21.12000000000002,79.45000000000023,0.0554582929075669,0.1092617674947237,0.1234052469513553,0.2123367921529291,0.1517746133621674,0.0607885027631646,1.970161026770434,1.399027065918754,Laterite,26.715818422196847,7.368978398331578,309.6851556496588,14.31801089967767,973.6462676991208,0.3649102211399625,0,False
21.12000000000002,79.46000000000024,0.01,0.0619749642071145,0.2378431208220667,0.2577376292512058,0.2384576416771863,0.5865828825475178,5.0,1.0808528815865528,Laterite,17.80777360662146,17.906921783063385,210.64334643107367,11.727030829914447,947.1707229676705,0.36442745362532764,0,False
21.12000000000002,79.47000000000024,0.0617711540044626,0.0800969590628398,0.4563182429527553,0.396029913045158,0.1568580283267513,0.7013620837107473,1.2966725363004556,2.5247666123133365,Laterite,20.37306957433469,13.329260950536714,494.09140724063843,20.20028671119752,1020.6723746678,0.37035633921327454,0,True
21.12000000000002,79.48000000000025,0.0563519640937365,0.0854933852577021,0.4451796418458098,0.2316628909375725,0.1217772186313149,0.6777926107975499,1.5171323037432762,1.90234999083618,Laterite,23.67513715822015,15.747740535046656,450.2599651765812,19.197609857445897,1066.5836929401205,0.42846270365152134,0,False
21.12000000000002,79.49000000000025,0.0840461909443993,0.0538743109073869,0.3951640022679182,0.1737840299556282,0.06336693219406,0.7600458162938243,0.641008357879378,2.742503442476394,Laterite,14.953265967871719,9.086908461353103,432.30239962226364,20.59032683467359,1028.2414686743216,0.3517878324254303,0,True
21.13000000000002,79.0,0.1244286828483602,0.1321193478180848,0.2401887566040149,0.2601076550627949,0.1374693839513962,0.290268751803428,1.0618078138214833,1.892113337509008,Gondwana_sediment,2.6076086426227105,12.604944389123158,496.67365159672926,20.428729155336928,1054.148878257054,0.44499284248979315,0,False
21.13000000000002,79.01,0.1026369508864324,0.0834917119821018,0.2669987418812527,0.188999269757999,0.1600064062544054,0.5235721196513313,0.8134664093162564,1.1811981411505232,Gondwana_sediment,16.113196254556435,4.96767217486415,470.092335024815,16.945396061021633,981.9684696719175,0.35558383407626354,0,False
21.13000000000002,79.02000000000001,0.0606533392833548,0.02,0.2465074194873895,0.1914904121691974,0.128700955437221,0.8499103696177445,0.3297427677244863,1.4878709436917683,Gondwana_sediment,17.605233540626372,14.109216605669726,282.35279527132843,16.050713912141838,928.1190135416097,0.32705228028654215,0,True
21.13000000000002,79.03000000000002,0.0354042227377495,0.0829071177351272,0.3733239783268863,0.1201075040266701,0.0646307680879494,0.6365564798955051,2.341729632509487,1.8583641722684088,Gondwana_sediment,22.3631842255299,8.552026674066745,340.99241877734045,13.268488520381577,1082.5068761050245,0.4070257294636263,0,False
21.13000000000002,79.04000000000002,0.1456807940974954,0.0561782471662404,0.173815759350492,0.2910380243759064,0.1051917305248276,0.5114807725415449,0.3856256239932438,2.766738627144658,Gondwana_sediment,12.949786386890382,8.850910296294911,250.44405667145,10.752681129852167,1110.7257444702705,0.3869648126800708,0,False
21.13000000000002,79.05000000000003,0.0701365530204341,0.0322889673815614,0.181720034511583,0.198879819704538,0.2202669230443871,0.6982466426099607,0.4603728861057209,0.9029036991367532,Gondwana_sediment,3.827409083866913,12.986446491537633,251.9428053671524,12.809630229200272,1085.1403386885165,0.42336174448301783,0,False
21.13000000000002,79.06000000000003,0.0686578787573878,0.0478629344710963,0.3642274586836055,0.238346877207109,0.2190600501865222,0.7677066230878451,0.6971222424525292,1.0880435610936832,Gondwana_sediment,8.513277173961734,18.725612429378533,470.4782985426157,18.38627463181325,991.210703051045,0.3448358841784719,0,True
21.13000000000002,79.07000000000004,0.0673962473866993,0.1015563388733179,0.2596638544488483,0.1527826649975337,0.1028480415397691,0.437703977946622,1.5068545009625371,1.4855184655111204,Gondwana_sediment,10.892468891959053,1.2801269321724185,543.4400427929993,20.62759928993071,950.2682830635903,0.37977678628978817,0,False
21.13000000000002,79.08000000000004,0.073942542823035,0.1501456331299282,0.4028467355453857,0.2555163340800814,0.1806378393599701,0.456970324880075,2.030571673552142,1.4145227536155542,Gondwana_sediment,19.377517239948038,16.494864746940152,585.0930335444557,24.886350991235318,954.7158651090542,0.41881877636146914,0,False
21.13000000000002,79.09000000000005,0.063549187642281,0.1421515926409775,0.1987487793019507,0.2056369359966507,0.0878913607614902,0.1660226602916295,2.236875052085052,2.3396717718447686,Gondwana_sediment,17.123349140067358,5.847662208243863,451.33884701977775,15.21963249666596,923.81337161933,0.31046393001684003,0,False
21.13000000000002,79.10000000000005,0.0505501397935921,0.0723798644713692,0.2613221639661233,0.2144803894808703,0.2168558140997464,0.5662006321113081,1.4318430102019222,0.9890460639589396,Gondwana_sediment,10.682901776935388,8.878389090127556,273.6405293443828,10.825876568946775,1002.6310690795302,0.36945787804006525,0,False
21.13000000000002,79.11000000000006,0.0512342317627874,0.1146961678068268,0.1754587015156109,0.2855478221867367,0.1587217923947105,0.2094141443489602,2.238662777535137,1.7990461026090834,Gondwana_sediment,29.59545746378939,0.4382665755001791,242.26013817957227,10.584249752779657,1088.2838979041553,0.4311729973658293,0,False
21.13000000000002,79.12000000000006,0.0665374018935191,0.0779163875912389,0.2693362681423634,0.2791531518562747,0.1937620749308253,0.551240940379876,1.1710163796119988,1.440700672780598,Gondwana_sediment,18.173244580706616,6.020921556686261,525.1403886147032,21.340945731962304,1000.9168684064203,0.35355095790333724,0,False
21.13000000000002,79.13000000000007,0.051097256865986,0.0683159852334727,0.1216453063001273,0.2219578949238117,0.0603453326408715,0.2807378314183968,1.3369795032040306,3.678128611485488,Gondwana_sediment,7.116803752079834,10.052624852602609,431.5025905439997,14.892372719628492,1023.1161450174462,0.40688458242287556,0,False
21.13000000000002,79.14000000000007,0.045894626519684,0.049745493270679,0.2216366579045113,0.0994308277105271,0.1798018550962428,0.6333915617741895,1.0839066996427729,0.5530022346098954,Gondwana_sediment,3.0534741786121122,1.1235215469487803,447.3140084054879,21.82643959597002,1076.779848215243,0.4315623861133031,0,False
21.13000000000002,79.15000000000008,0.0703529068307558,0.0256668477299296,0.1276746135071963,0.4,0.1453562968157732,0.6652327745396889,0.3648299530137676,2.7518587669564827,Gondwana_sediment,4.585774175529961,9.821914587663302,512.5848355018836,21.564777787143502,987.7952344084125,0.4245863017178699,0,False
21.13000000000002,79.16000000000008,0.0593906834773732,0.0799630517376204,0.3415923233191344,0.3448101279191166,0.1881564535395404,0.6206284796729905,1.346390492937262,1.832571358831436,Gondwana_sediment,7.378731851535244,18.542212577168545,481.3108910929806,22.91692469773101,1109.7765728360123,0.385866712509259,0,False
21.13000000000002,79.17000000000009,0.1120397896574794,0.1017021395968034,0.3447589339759742,0.2728872377421779,0.1911233899048906,0.5444075838004929,0.9077323316738384,1.4278066004124086,Gondwana_sediment,4.82044119778667,2.1078643621561044,533.7833011424386,21.720898380574052,1107.6047203749051,0.36821300812906566,0,False
21.13000000000002,79.18000000000009,0.01,0.0913350531994025,0.1009737269515749,0.1692757352886288,0.1484892344737355,0.0501208199625272,5.0,1.1399865840413592,Gondwana_sediment,5.5970107215391725,15.288814561510087,222.4855621839514,7.510207794283113,1001.4444330660084,0.36016279292156594,0,False
21.13000000000002,79.1900000000001,0.0994252055576725,0.1018957197467347,0.4082885745500672,0.256498258417031,0.1149785180452022,0.6005532866619993,1.0248479655910234,2.230836355823516,Gondwana_sediment,8.552855060815412,8.193421067519854,499.00825469860195,21.330372452952066,979.1232867990718,0.31878361557229695,0,False
21.13000000000002,79.2000000000001,0.1039425557749274,0.0570101575721266,0.5,0.1833605699156403,0.1838248091089726,0.7952993968354717,0.548477542160173,0.9974745558266592,Gondwana_sediment,5.201207858842645,13.10347429048676,540.3411029288382,22.082638369378486,1042.861902319548,0.41929812357220536,0,True
21.13000000000002,79.21000000000011,0.01,0.1189898476673965,0.2813006386736449,0.3095699157367435,0.1416522750297414,0.4054825095878341,5.0,2.185421416304142,Gondwana_sediment,26.902962738792755,5.204731959704587,314.45401698332574,10.746727791655855,990.6237528740896,0.313396342318963,0,False
21.13000000000002,79.22000000000011,0.056039372177588,0.0417947232021343,0.2134885739775468,0.2391752023596245,0.1008407523236155,0.6725620226822343,0.7458099815091864,2.371810965420889,Gondwana_sediment,2.4070123698492663,3.1898452508271657,456.17890959730113,21.947023084129203,950.1722391466657,0.47296541059263403,0,False
21.13000000000002,79.23000000000012,0.0550567740201246,0.1253411165537366,0.5,0.1656085299148077,0.0982923884271133,0.5991272178792606,2.276579377503362,1.6848560951301506,Gondwana_sediment,15.73534168710764,3.2092522854245287,325.66482553478886,12.32482728482821,1072.0619326761816,0.4668196178322557,0,False
21.13000000000002,79.24000000000012,0.0238546491584637,0.0540313192429285,0.1475031501697611,0.1872471430612611,0.0702617791843784,0.4638007143534675,2.2650225814474303,2.664992901807889,Gondwana_sediment,12.311904809689846,1.409838912862893,583.1884265929816,20.61898500511643,1068.8223693638865,0.40143717699147313,0,False
21.13000000000002,79.25000000000013,0.042625499372272,0.063842590505876,0.2823106466869225,0.298383169979889,0.1184254420218442,0.6311310501951256,1.4977558338619763,2.519586709018927,Gondwana_sediment,29.47135850725819,3.7129340980248604,213.3694289742015,11.546724981839727,1015.7755801882106,0.4242855672204777,0,False
21.13000000000002,79.26000000000013,0.0325227246360233,0.0350885923753702,0.2991622272632055,0.3316068492774291,0.1988946023037162,0.7900463343496731,1.0788946086213025,1.667249112192263,Gondwana_sediment,3.3611670650415704,13.284387699779366,431.91713753318203,16.98795136559067,944.8567623136237,0.27248119265206927,0,True
21.13000000000002,79.27000000000014,0.1182881133027068,0.0735239141245718,0.4166147620452551,0.3262832094440326,0.1524714899852689,0.6999872985575369,0.6215663772932346,2.1399620956125,Gondwana_sediment,11.935667971372249,17.63381223687016,266.60141881980604,9.892744665594005,946.5236874391633,0.4811150493596641,0,False
21.13000000000002,79.28000000000014,0.0936703517944219,0.1721362478408512,0.3189738975126929,0.3263906934645285,0.1169116147038451,0.2989912772749501,1.8376812338109931,2.7917730330912662,Gondwana_sediment,29.084112998261066,16.282513711823235,484.88808207086345,16.67289491222603,1013.3614644209902,0.35049981854784684,0,False
21.13000000000002,79.29000000000015,0.1036266528498228,0.1138451235377553,0.2340366104211694,0.2010162591838105,0.183462796909001,0.3454952505872465,1.0986085171821622,1.095678592395756,Gondwana_sediment,25.965213776819407,13.702686197489681,270.35611336746484,14.746721030171683,983.006448274781,0.36260254740807485,0,False
21.13000000000002,79.30000000000015,0.087010161921295,0.1321768844811184,0.1896815629612194,0.04,0.1014161689138275,0.1786644996245957,1.519097096368688,0.3944144251253093,Gondwana_sediment,24.512162128478398,2.2086372682220534,294.15330475934303,9.677426523886584,990.9453533929521,0.2788078431629352,0,False
21.13000000000002,79.31000000000016,0.031368446863481,0.1137457018373543,0.2515178179754019,0.2389012016665703,0.1476275137166358,0.3771855349008152,3.62611837206274,1.6182701685493606,Laterite,7.737084811348195,5.783748925918997,397.74832441830324,16.689745812173932,1059.0981577530326,0.42147617439443197,1,False
21.13000000000002,79.32000000000016,0.0493843920116046,0.048533206858782,0.1859072639055015,0.2176719868809076,0.133698481363721,0.5859656250487769,0.982764083621825,1.6280812205034112,Laterite,5.126627621701974,6.1961375064493796,565.9339799987513,25.0,1044.6589658711605,0.3364299043478297,1,False
21.13000000000002,79.33000000000017,0.0796812368368353,0.0792684310268944,0.2922825319784847,0.2272987467424893,0.1814565312794143,0.5733105875200633,0.9948192833619268,1.2526346944614617,Laterite,20.05929659773293,4.9991389279524245,284.6857488591883,12.705340068472374,1076.9071340249131,0.40892296333764394,0,False
21.13000000000002,79.34000000000017,0.0282161657332393,0.0611120348352981,0.2319803820139682,0.2209728142923188,0.0634585814540215,0.5829845376321934,2.165851845232158,3.4821581081860016,Laterite,27.881279673827574,10.300113194194463,257.6960084472414,10.618025061317343,958.4688388311696,0.33221209291546167,0,False
21.13000000000002,79.35000000000018,0.0861499529051693,0.1453629961615581,0.1398962206710423,0.1240616486635532,0.0996301127092637,-0.019164237879148,1.6873253100072594,1.245222404807092,Laterite,16.702886790417892,10.71107629759345,503.59073274161227,17.579615480992345,990.8404215656969,0.3176779613406191,0,False
21.13000000000002,79.36000000000018,0.0574302380552535,0.0440884541429439,0.4157145788375082,0.255618598979577,0.0600477170452697,0.8082289544826479,0.7676871202198013,4.256924511570935,Laterite,17.148380684096995,7.137719503422204,400.2478129335724,15.057542534030947,1045.949084773038,0.3520128317017584,0,True
21.13000000000002,79.37000000000019,0.0532753757735096,0.1275279075755608,0.2413327476571143,0.2605551419822234,0.1288001639095328,0.3085307105441024,2.3937495603662566,2.0229410729860486,Laterite,8.399372809808526,7.07578317472872,564.7140449527085,23.90535254911456,1030.4039170506771,0.39769087059827996,1,False
21.13000000000002,79.3800000000002,0.0857287990461022,0.127318154804347,0.1651863195024874,0.2637637147441699,0.2021713751816178,0.1294618305409951,1.4851270060060755,1.304654105343826,Laterite,23.084787995758106,16.571111958121627,258.6458228639369,9.20256114602338,1084.6190191294136,0.3426575835300889,0,False
21.13000000000002,79.3900000000002,0.0776078993445786,0.1646048080686396,0.276074086551265,0.2819603902501307,0.1161476395173198,0.2529489835302306,2.1209800709293423,2.4276032744111413,Laterite,5.611312456725701,15.785856966393712,458.3711572092157,19.50551713704819,1029.026835295236,0.3484444796845346,1,False
21.13000000000002,79.4000000000002,0.0533310150254249,0.097308297183261,0.3006371565967855,0.3092203381734084,0.1157058030902135,0.5109465566977284,1.824609881405958,2.672470434910412,Laterite,9.71037709212731,6.155916633614913,293.151658460726,13.578139253493868,1100.40545520531,0.44581571476521514,1,False
21.13000000000002,79.41000000000021,0.0988198941009247,0.1195528863832024,0.1200533274421167,0.1863979411922695,0.1846462212092028,0.0020885979988408,1.2098058528591675,1.009486898083516,Laterite,12.763093158492504,18.275768877465186,262.70417146065574,12.871012915794193,1035.0008900861897,0.5182493275260368,0,False
21.13000000000002,79.42000000000021,0.0314881001720003,0.1821460734615496,0.3287647667125968,0.2098414206458668,0.1943074779227608,0.2869751073834606,5.0,1.0799451610466908,Laterite,15.22831136053365,19.05630034005012,473.3717660629082,17.271464870329144,1061.1083723794654,0.4217950806199498,0,False
21.13000000000002,79.43000000000022,0.0822780682083251,0.0659943329226479,0.1917842431309945,0.2208787407077294,0.1362714466365563,0.4879765886105782,0.8020889926018165,1.620873234983248,Laterite,7.2722919724524075,6.534850840600816,437.4738479634933,22.621369108436795,991.8242526608096,0.3260710126389393,1,False
21.13000000000002,79.44000000000023,0.0814730377390486,0.0291183900987013,0.4685028809191002,0.2217389614374561,0.1747557427024903,0.8829696725652705,0.3573990963271209,1.268850784995755,Laterite,3.445104742176106,7.088498975861097,501.9309833449325,22.448749661813782,1008.714360594232,0.35991217671922143,0,True
21.13000000000002,79.45000000000023,0.0542736068205773,0.02,0.3506960512076954,0.2837752359180138,0.0864922729560982,0.8920948848554145,0.3685032400604495,3.280931647315583,Laterite,18.318601273248976,10.112683068439177,323.78503057847297,13.48761463343158,1053.5472201920063,0.39665965787963126,0,True
21.13000000000002,79.46000000000024,0.0732239906672605,0.1186684811544487,0.2592100009890907,0.2586568127115669,0.2090587166962662,0.3719225265228628,1.6206229667491312,1.2372448117704438,Laterite,8.658916597207673,18.82241625067347,379.18866255287594,17.978600772523112,1088.6489085296853,0.39077209316684663,1,False
21.13000000000002,79.47000000000024,0.0257865927084378,0.026,0.2255832229682878,0.430456848923867,0.247415314696848,0.7933089517424398,1.0082758972132333,1.7398148909145492,Laterite,17.437146642678368,17.52638866284623,362.1886705321674,19.822010149506923,1044.4618474655701,0.43682610113643544,0,True
21.13000000000002,79.48000000000025,0.0909208105762039,0.0749072378824784,0.2905032292436609,0.3674528285919192,0.1658607895594315,0.5900104422234788,0.823873405058446,2.2154291520402407,Laterite,4.630881458226069,2.051359251671796,593.6357855866056,21.857384197328162,1003.8414114033015,0.3873142034269493,1,False
21.13000000000002,79.49000000000025,0.0575329359067071,0.1392462857260197,0.3631790741583527,0.2619305649395601,0.0354034189328552,0.4457035935433239,2.4202881930062894,5.0,Laterite,14.434203055644524,7.854614865428324,316.89958269575516,12.753623994007093,1076.8667514764495,0.449217651049162,0,False
21.140000000000025,79.0,0.0531983093844286,0.1057270214731963,0.2558505871414813,0.04,0.1204084868801105,0.4151904378203578,1.9874131809422069,0.3322024967111109,Gondwana_sediment,15.977682976547577,11.067423794995436,317.92689533870674,8.49009065269946,914.4010671860467,0.32717821067988606,0,False
21.140000000000025,79.01,0.1002302767751064,0.1151577945673665,0.2375841192863161,0.313478272628908,0.1787812660834657,0.3470705347905577,1.1489322204593009,1.7534179017795746,Gondwana_sediment,1.5547061046728072,10.0626494510308,341.8192835314429,14.627773212439504,952.888274924697,0.42360811408282417,0,False
21.140000000000025,79.02000000000001,0.0475096892837169,0.1068515942320337,0.2660370290817918,0.1887736562709054,0.1268858501416814,0.4268980731897973,2.2490484702822564,1.4877439518381708,Gondwana_sediment,10.098128345817617,3.8772613587378535,425.83763251612856,18.474023172022306,1058.0817111834601,0.38845636247972026,0,False
21.140000000000025,79.03000000000002,0.0262661611090928,0.1489346325325352,0.2007141068763072,0.1701961254718286,0.2113899277125043,0.1480899785782369,5.0,0.8051288310329844,Gondwana_sediment,4.032440308169227,17.176335423363092,300.92909770549807,12.460388173510234,1024.7054178126969,0.3357050382228617,0,False
21.140000000000025,79.04000000000002,0.0217011247942824,0.0595073447704474,0.2276794073156993,0.1981088307507433,0.1770078632217926,0.5855843323728498,2.742131804703161,1.1192092093139954,Gondwana_sediment,1.9012491141830323,13.538815659936747,566.1159761517096,22.279098530991277,1054.275682556249,0.5042194000107044,0,False
21.140000000000025,79.05000000000003,0.0864602985403687,0.070340194461658,0.0543207561095031,0.1944349867229763,0.1120962249617094,-0.1285040605410748,0.8135548404041237,1.7345364361372475,Gondwana_sediment,29.698806971698357,16.758167497036073,306.2742259465054,8.66239704872774,1027.2203761216379,0.2939587536975583,0,False
21.140000000000025,79.06000000000003,0.0297471194251109,0.0663336221891662,0.3611726230852408,0.2682588867073761,0.1488532405385618,0.6896717979824052,2.229917492790213,1.8021702823302936,Gondwana_sediment,9.67061534924169,17.175285586989443,558.326292624078,24.010662892826783,1052.5472847302344,0.35776829550859157,0,False
21.140000000000025,79.07000000000004,0.1206838254595303,0.1302676724745035,0.2945797780321807,0.1159394954611627,0.1023683389680445,0.3867555408960057,1.0794128531353666,1.1325718138700809,Gondwana_sediment,24.296233375639044,14.967117073314796,241.39002545863386,12.968786695273728,983.2798589503811,0.3373785545148732,0,False
21.140000000000025,79.08000000000004,0.01,0.1328959435358015,0.1882544155966619,0.1493595477945862,0.1377507560793769,0.1723755570230871,5.0,1.0842738866717545,Gondwana_sediment,7.6392196429129156,8.784212024994346,462.62508095986095,18.094008128527342,1052.5243043040252,0.5201119277668376,0,False
21.140000000000025,79.09000000000005,0.1186936910487004,0.1147490127727392,0.4563734981355293,0.2485210987938173,0.1189703379783713,0.5981632290411403,0.9667658968409764,2.088933282093432,Gondwana_sediment,20.44508166671788,12.210935100308491,562.7942073752974,24.329878498683684,1073.72072641042,0.49298821661123304,0,False
21.140000000000025,79.10000000000005,0.0740105240160777,0.1870176706782747,0.2761016480392446,0.3213672985547155,0.2052580900116507,0.1923564268241445,2.526906448939033,1.5656742123046494,Gondwana_sediment,22.806835796690596,3.207308122394863,267.4997753592918,8.009535346463721,1085.0275301966024,0.4815817310058358,0,False
21.140000000000025,79.11000000000006,0.0646586066438873,0.0492183653049435,0.1646856428024866,0.2688079151455187,0.2521406028415484,0.5398088538180665,0.7612036167110336,1.0661032456079045,Gondwana_sediment,17.869162218235328,13.472908349498153,587.3307840397019,25.0,1124.6777147324756,0.40522120990586175,0,False
21.140000000000025,79.12000000000006,0.0510924273957306,0.1628489644620441,0.3548737421470526,0.1685074604746667,0.074600583338211,0.3709027539193975,3.1873405207778025,2.258795477306628,Gondwana_sediment,14.147285656504751,3.585065114785615,381.15334416620465,15.094624744769213,1036.20492217516,0.5098857460077737,0,False
21.140000000000025,79.13000000000007,0.0792940834305611,0.1569095448684888,0.3099048216509335,0.1548214045513607,0.0498191856895109,0.3277432909582587,1.9788304231804827,3.107666295581196,Gondwana_sediment,12.355227424418056,13.878991810203136,578.2860433764098,22.57041590614458,1037.6955543423996,0.40755343307044845,0,False
21.140000000000025,79.14000000000007,0.0660709589272535,0.1252248798898283,0.3104579985484296,0.187535561634843,0.1335413789074291,0.4251558364654345,1.8953089486437529,1.40432548344742,Gondwana_sediment,10.46604799628986,4.591963215079373,470.7280174520188,18.092940111401855,947.8413767913484,0.4043036848119117,0,False
21.140000000000025,79.15000000000008,0.1001790564604945,0.1668919563508407,0.2293244395348491,0.239491092659928,0.0696992150585642,0.1575716800630917,1.665936594741843,3.4360658454344275,Gondwana_sediment,27.885874327434774,2.3510260030043995,320.6347479494206,12.572558000493173,997.4294299431194,0.3830208052839802,0,False
21.140000000000025,79.16000000000008,0.07038682945986,0.0291750716928873,0.3178495723778122,0.3263834158490756,0.1477505801835441,0.8318559086049448,0.4144961759937712,2.209016135318873,Gondwana_sediment,24.918582233631874,3.3056898028591486,275.32100996684255,12.23657538000351,1014.34589629971,0.37790638254622866,0,True
21.140000000000025,79.17000000000009,0.0713490528438551,0.0742820745494921,0.2475241709778996,0.0787793969960444,0.1827068056902945,0.5383428655669987,1.0411080663950087,0.4311793239189189,Gondwana_sediment,28.950807319995377,0.03984270438140536,321.49401849003976,10.77125770136062,1076.5159776138585,0.39110455790887794,0,False
21.140000000000025,79.18000000000009,0.055811633633583,0.0656678615727199,0.3301941451645938,0.2063489870129111,0.2197870948633393,0.6682285216135566,1.1765980886025602,0.93885852145837,Gondwana_sediment,3.728916704566342,14.374792357070605,237.20696370507,9.089392824575546,993.4499437955592,0.3620617292523766,0,False
21.140000000000025,79.1900000000001,0.0648916312883666,0.1237591729502917,0.0850055545989461,0.1282125091282323,0.154969727935762,-0.1856329792284574,1.907166922797976,0.8273390600430366,Gondwana_sediment,21.92602425610933,14.648020981167582,257.5471865373319,10.648189216390536,1063.8170009874823,0.4293559578042098,0,False
21.140000000000025,79.2000000000001,0.0757140530667603,0.052714370415912,0.2330126537020916,0.1055430125852522,0.1350622387575189,0.6310158578091505,0.6962296721826338,0.781439827134752,Gondwana_sediment,28.150213704631135,10.298666998265189,241.86417613859246,7.879595556710967,1023.9189141518717,0.4023295827457213,0,False
21.140000000000025,79.21000000000011,0.0150549482202997,0.1248398059734972,0.4495155097808304,0.2885869651741335,0.0456207541713435,0.5652871921702209,5.0,5.0,Gondwana_sediment,5.436991984969804,3.227256021107674,369.1774174966231,18.975722799042664,1015.1415942443026,0.3791045293314293,0,False
21.140000000000025,79.22000000000011,0.025794437336827,0.1491814457598662,0.2014932544599814,0.2587237202149499,0.1456692574592876,0.1491747441500683,5.0,1.7761037884719697,Gondwana_sediment,1.9948880210033249,1.671086750213795,518.2313505030345,19.885981977503754,1036.4446984567035,0.46414296155620655,0,False
21.140000000000025,79.23000000000012,0.0884179228206798,0.1219881160033576,0.2187161702506932,0.2517603461163044,0.1477443630274706,0.2839061852800361,1.3796763368077951,1.7040267444862915,Gondwana_sediment,22.233619478701772,0.3825793287457402,256.55342168653607,9.350852076338688,1004.4421813873986,0.22832816458323796,0,False
21.140000000000025,79.24000000000012,0.0711259631438366,0.1369550532303948,0.2352038661550148,0.3413661705373985,0.1759478407106348,0.2639969319033661,1.9255282738439767,1.9401554970191217,Gondwana_sediment,17.234193395397355,3.314963539304414,252.12817326893435,8.54872465322727,1002.5481375954074,0.4014499139943375,0,False
21.140000000000025,79.25000000000013,0.0603604999094179,0.0543050663639674,0.1594193864111485,0.1861196772263662,0.1083955949235428,0.4918216827000216,0.8996788687220015,1.717040966341318,Gondwana_sediment,25.254863302748163,17.817110699662933,457.3715798069323,22.65410933289841,938.760704710535,0.38792219959939955,0,False
21.140000000000025,79.26000000000013,0.06631301799196,0.0597659613549827,0.060971922377188,0.1891153738566486,0.1218873699882043,0.0099882570733277,0.9012704152916388,1.5515584077316162,Gondwana_sediment,4.193171298788685,4.830736834033635,278.8731927872265,12.7255268233334,1011.6022896336463,0.4366990020253758,0,False
21.140000000000025,79.27000000000014,0.0760674511608483,0.1434447562118639,0.2596413601476525,0.3721011431705756,0.069559887234788,0.2882674425911631,1.885757361844126,5.0,Gondwana_sediment,23.858019355796706,7.085426544344314,239.04401524359665,8.086983289329241,1000.0015926926044,0.3717570252070586,0,False
21.140000000000025,79.28000000000014,0.0493272095907172,0.1617901482030736,0.2971859424081798,0.24184803144219,0.03,0.2949953100940178,3.279937162825579,5.0,Gondwana_sediment,6.048819601432336,2.1069096896266637,266.73943128223107,13.326606087812898,998.2009505325867,0.3847213598189179,0,False
21.140000000000025,79.29000000000015,0.0420508582379286,0.0915392192248953,0.2792494931461494,0.2699592479137815,0.0876751454601579,0.5062459228337826,2.176869220819913,3.079085254880475,Laterite,4.909678285971135,4.447226094963406,569.4925583507104,24.13025398652402,1044.8436531295426,0.44111378908931453,1,False
21.140000000000025,79.30000000000015,0.0711553576529284,0.0762036181693613,0.2709121438052264,0.218646707867427,0.0644037092873461,0.5609325386786277,1.0709470175662938,3.394939669583475,Laterite,4.927973937929789,10.384491415604103,528.5885011104763,22.539027721826184,1056.9315976395662,0.4709076693288463,1,False
21.140000000000025,79.31000000000016,0.0358088166715469,0.02,0.2906040870850543,0.0885219028945057,0.1595756147710274,0.8712186936671941,0.5585216659795259,0.55473327153432,Laterite,24.437241606941463,12.155053661913051,341.62582494203764,13.545454955079997,1035.6097252321572,0.3733268477031205,0,True
21.140000000000025,79.32000000000016,0.077287582671432,0.0497259032526192,0.3894841471550924,0.0744759697339058,0.1166532971666539,0.7735666419967494,0.6433879993333101,0.638438616644189,Laterite,19.955916620886004,4.907046283324221,462.3283069309571,17.7648474815426,1073.7707595225145,0.41601282397732087,0,True
21.140000000000025,79.33000000000017,0.0138424918728625,0.1688367634855856,0.2690553814070948,0.1767711046042011,0.1154681434962572,0.2288659869045707,5.0,1.5309079985064469,Laterite,15.69196274307358,1.1546431845023442,414.91026946721524,17.963460092576504,1052.778096291559,0.4787204843267725,0,False
21.140000000000025,79.34000000000017,0.095674669119767,0.0409817771598979,0.23159174229129,0.2909270876168936,0.092979347691236,0.6992974425587826,0.4283451146903032,3.12894308820174,Laterite,10.764914523705075,7.820657382547973,470.8497053930256,18.52856326471822,1009.2471905097586,0.2722663426472169,0,False
21.140000000000025,79.35000000000018,0.0788579244723889,0.0995991928488397,0.2617874515112088,0.2718804159645144,0.03,0.4487942793367369,1.2630207222536145,5.0,Laterite,26.31601622439325,4.684067418526682,473.06846098510374,23.34469713352953,1000.8571857143218,0.3408208146521413,0,False
21.140000000000025,79.36000000000018,0.0722408920294138,0.1321377589278043,0.3487346759756954,0.2803854014956763,0.2172555374373739,0.4504248970858865,1.8291268979775328,1.2905788486401288,Laterite,11.773353222679061,4.391078464596038,451.4936060239972,16.273651373847006,1039.641111838383,0.4631572158695418,0,False
21.140000000000025,79.37000000000019,0.0939207295183629,0.0414630932799046,0.4329026878543433,0.1470067674744518,0.0916464738611569,0.8251851420563169,0.4414690287052237,1.6040635402597003,Laterite,24.497983184147312,19.197256054269104,306.44054741492346,15.84066968799837,1052.6883554951357,0.44938502499109106,0,True
21.140000000000025,79.3800000000002,0.1142842333338747,0.1285289446886114,0.2297856260831009,0.3946932891702668,0.1208589965075008,0.282591581883346,1.1246428385327425,3.265733625541046,Laterite,13.174047257106553,12.32600971851448,215.60256830512725,8.760802648451367,1093.8922153516155,0.43633184130319047,0,False
21.140000000000025,79.3900000000002,0.0946311019505413,0.1288166215004223,0.3033933787029076,0.1479574689869466,0.0685553917355306,0.4039165153049796,1.3612503575370278,2.158217829779275,Laterite,11.308332882747226,11.137568863441917,382.22671279604356,16.524284501210694,1083.5586522470455,0.38390465093718606,0,False
21.140000000000025,79.4000000000002,0.01,0.091619972876286,0.3282357441936157,0.2300977079068912,0.1897165171720277,0.5635644857054047,5.0,1.2128501577802122,Laterite,13.880393570088193,8.315502070466438,556.3895538762815,24.849213611437268,996.9263496746822,0.3297564561787349,0,False
21.140000000000025,79.41000000000021,0.0255726909979262,0.2,0.1960421993271378,0.2141753397064517,0.1481114468518621,-0.0099933812068182,5.0,1.4460417753940449,Laterite,9.041336224924262,8.578886668602886,427.7989034074304,16.56445571863406,1018.8996859936776,0.3525266012855104,1,False
21.140000000000025,79.42000000000021,0.0450954426691268,0.024016029644868,0.2982417167213125,0.202428832577972,0.0994417357367024,0.8509514203570065,0.5325600142750976,2.035652644985896,Laterite,22.428281405287535,10.818100076761617,532.9564166807631,23.935014131095738,1057.5508902459292,0.4739819948831581,0,True
21.140000000000025,79.43000000000022,0.0645027315063222,0.1329291411953509,0.1505326142658115,0.3080014496806854,0.1209685194327945,0.0621017570275449,2.060829640621328,2.5461289504926627,Laterite,15.081611702774374,13.928596140722146,596.6497371844912,19.445318005258112,1077.3998889029892,0.37260282388085364,1,False
21.140000000000025,79.44000000000023,0.0791297706140708,0.0834879305041371,0.1210949696260816,0.1646422635883755,0.2243089961062392,0.1838229836395175,1.0550761079014643,0.7339975942694535,Laterite,6.96638085440452,14.04292192363659,265.4464816553105,9.620291002527392,1070.9484734352802,0.40667682575021297,0,False
21.140000000000025,79.45000000000023,0.0417076856053931,0.1574258480515014,0.3355746407892477,0.1430731585201892,0.1365715284059316,0.3613562191804581,3.774504516109968,1.047606042675104,Laterite,26.987237198237054,3.4338781541089913,476.71105565679295,18.014835037684243,1020.8061083584734,0.3451169083913401,0,False
21.140000000000025,79.46000000000024,0.0689630029343093,0.1076922860679653,0.2614125258669442,0.2147996840344418,0.1309533231192002,0.4164677207850656,1.5615950774995693,1.6402766936650612,Laterite,11.516736641196342,10.002255041532539,469.71742948000986,17.064547536923552,961.2988673786149,0.4026257767719319,1,False
21.140000000000025,79.47000000000024,0.0405785120293972,0.0605337521155955,0.3209280407621449,0.1851121285999355,0.0927909256930321,0.6826222008077864,1.491768646483754,1.994937834900188,Laterite,16.306585833419657,8.239161900682038,591.9821789433114,24.236014446480073,974.0531811877611,0.3383336289280884,1,False
21.140000000000025,79.48000000000025,0.0447744659102384,0.0988398556983689,0.2998105022991884,0.4,0.0449509424763801,0.5041275958207924,2.2075049577535446,5.0,Laterite,27.19416332893641,17.410539325387685,594.2402935811201,25.0,1037.6316757160114,0.38423218388578356,0,False
21.140000000000025,79.49000000000025,0.0208001670945501,0.02,0.2048599951336441,0.2598555233507903,0.131498066321028,0.8221115318514643,0.9615307325625824,1.9761166869084588,Laterite,18.727139877419763,12.628378424367527,474.67144468965176,21.183296859067436,1041.111278971258,0.3062476229620804,0,True
21.150000000000023,79.0,0.0411030026166726,0.1223299000228554,0.2544745698035677,0.1983461597346958,0.1644742556162306,0.3506982542073227,2.9761791581527106,1.205940460839688,Gondwana_sediment,3.506941221250922,10.650081328319636,297.4459167928777,12.87533338077072,985.0660313283182,0.28873134993787236,0,False
21.150000000000023,79.01,0.0281294618315097,0.1099463386396206,0.1365898694985163,0.1527721901569033,0.2029992232163831,0.1080714717294583,3.908583068788181,0.7525752446786518,Gondwana_sediment,28.194963708404252,2.3078928435783475,519.4223352522397,20.31121037238956,1042.228480544501,0.3912193398702632,0,False
21.150000000000023,79.02000000000001,0.0392838024106797,0.1233864067457236,0.3998972358001424,0.0947798112601842,0.0354151732750167,0.5284148146812004,3.1408977456339606,2.6762486874353595,Gondwana_sediment,18.831241592142536,12.11275778646823,242.81165368441523,10.85518511250097,1071.5612178486267,0.33557759893334693,0,False
21.150000000000023,79.03000000000002,0.1000492538982348,0.1399847330034854,0.1261029655140064,0.1543346639983787,0.0914051836488479,-0.0521698957208633,1.3991581886852975,1.6884673020563117,Gondwana_sediment,10.047168439712584,2.3440781136046684,512.2797216686515,21.593559792562182,982.4386671246803,0.4736688321384802,0,False
21.150000000000023,79.04000000000002,0.0398380333350412,0.1121847936083877,0.2430214729031451,0.2338459240231381,0.1184429454721768,0.3683400085895593,2.816022376990897,1.9743339115172287,Gondwana_sediment,4.1781621799016175,6.744131511315041,564.0784496578785,25.0,1095.2498600902582,0.30764254192823426,0,False
21.150000000000023,79.05000000000003,0.1471714619451212,0.1032235767919303,0.1592728411952788,0.3254130056116326,0.1471259575713391,0.2135239208663309,0.7013831034734374,2.211798725134311,Gondwana_sediment,23.820755678108878,2.8568392962866374,353.1333579073741,16.267763318670287,1021.1234425720463,0.3429125260313121,0,False
21.150000000000023,79.06000000000003,0.0828795370264261,0.0618772665335474,0.3214421173360837,0.3037182399671529,0.139868315423578,0.6771503390058159,0.7465928102271934,2.1714584810021127,Gondwana_sediment,18.602182677855406,13.841472940487378,452.25411799323217,18.9048744108926,1102.88065562887,0.4144152892242038,0,False
21.150000000000023,79.07000000000004,0.0735050837108456,0.068451169454037,0.2321568628718543,0.240936638215245,0.1408555657156356,0.5445818998804548,0.9312440161307202,1.7105226678128185,Gondwana_sediment,16.003832759289647,4.125042276723052,372.0570928387305,13.707872855957927,1013.3273777112425,0.3617411197519267,0,False
21.150000000000023,79.08000000000004,0.0420892665945629,0.1442293848070922,0.214333328037884,0.2019782634008243,0.1671648029284962,0.1955137572867196,3.4267497662467887,1.2082583159948663,Gondwana_sediment,26.81677749152873,7.83718746376052,375.10602199525135,14.323517271471312,988.6687258558286,0.31554349936273973,0,False
21.150000000000023,79.09000000000005,0.088729296382269,0.154033416228238,0.352420154505161,0.2431168649488489,0.1014153444610434,0.3917175229912309,1.7359927592688498,2.3972394512993374,Gondwana_sediment,23.657916336735923,17.913495552375572,324.148355643248,12.406602765859267,1017.0931505079516,0.3335135394657184,0,False
21.150000000000023,79.10000000000005,0.0503308652128659,0.0868755825475166,0.2709430591677612,0.1876953401760777,0.1931070721116835,0.5144155589167668,1.726089587522128,0.9719754850320887,Gondwana_sediment,4.550246391982535,4.086327667979406,504.8518481801298,20.404961006339565,1035.2425938461715,0.3386832688173524,0,False
21.150000000000023,79.11000000000006,0.0711402944393599,0.0980601098901296,0.3205644445936032,0.3439854797034691,0.1678926220849727,0.5315128610282425,1.3784046091610669,2.0488421422383243,Gondwana_sediment,9.351662033866447,10.156101279175582,574.470625666602,24.472376924621255,1020.5760046614635,0.3683799170070457,0,False
21.150000000000023,79.12000000000006,0.1441625361480629,0.0598554250002479,0.1716674063482604,0.210156687310742,0.1300483867935946,0.4829414906878411,0.4151940341646995,1.6159884203922643,Gondwana_sediment,7.454674194433972,8.38543322332044,576.3003436937845,25.0,1029.1999289213818,0.48354642782138935,0,False
21.150000000000023,79.13000000000007,0.0643582030082595,0.1856013559539052,0.1302183056072567,0.2604676199072719,0.2259053995944443,-0.1753628955693967,2.883880329003247,1.1529942190827485,Gondwana_sediment,22.31838877718031,0.36248082091459466,269.9125139499735,11.144117361884808,1056.698257483847,0.4001587113843531,0,False
21.150000000000023,79.14000000000007,0.1015981997885692,0.1222966729476695,0.2823207962040212,0.0676924302485506,0.2235008017785867,0.3954948449267503,1.2037287381253017,0.3028733216148522,Gondwana_sediment,1.0059730420733815,15.855162271456255,549.8974598626264,22.94464373674371,1031.4410315102175,0.44593541128570774,0,False
21.150000000000023,79.15000000000008,0.0459047072462222,0.1731486974585483,0.2406153644505352,0.2088195607434037,0.1921447677596887,0.1630558890600454,3.771915942141336,1.0867824457020423,Gondwana_sediment,17.096690546139495,1.3809181262919945,494.97257657084884,20.910469967118708,1036.6943803024371,0.41410920990482103,0,False
21.150000000000023,79.16000000000008,0.0658303452850899,0.0601870769128086,0.3360434672454032,0.2807538896575429,0.03,0.6962017298515656,0.9142755755074706,5.0,Gondwana_sediment,22.873760572220718,9.485100419539073,301.1349602761157,11.51547938524014,954.5386800399077,0.4136451249140764,0,False
21.150000000000023,79.17000000000009,0.119884019069064,0.0800196840392694,0.2663091547337542,0.1471594196072987,0.2240872546358969,0.5378976561717549,0.6674758203295078,0.656705887984289,Gondwana_sediment,26.302969102852483,11.213565898778999,226.91384516860583,7.603959033405998,1059.5849008005612,0.25734612267053114,0,False
21.150000000000023,79.18000000000009,0.0478309882663656,0.1354831879713272,0.2957075339234727,0.2028594919025998,0.1846979261235947,0.3715857920386277,2.83254000384817,1.098331183518643,Gondwana_sediment,10.262452461477224,12.568529132291742,307.1989067537512,9.289078653451547,1035.539835115454,0.3731045371108838,0,False
21.150000000000023,79.1900000000001,0.1208934567399065,0.1206395815090288,0.1137617470058858,0.2767897712413532,0.2451004318856448,-0.0293421310526879,0.9979000076802016,1.1292912419573555,Gondwana_sediment,24.637719140160385,13.772632586157512,564.8832947126102,22.146505230205015,1120.5146490241812,0.4855497645416036,0,False
21.150000000000023,79.2000000000001,0.0876325580636628,0.0859732944980925,0.4658436939614362,0.1176339943537327,0.2064732295866748,0.6883992471035785,0.9810656712489048,0.569730005832928,Gondwana_sediment,3.318952108656217,5.065447670454302,453.2714699583089,19.832602154798444,993.0217416373396,0.3437963619765356,0,False
21.150000000000023,79.21000000000011,0.0494059967231704,0.0595015563818497,0.2614758014968079,0.2947460705279305,0.223337133874862,0.6292476403534598,1.2043387484886177,1.319736065750293,Gondwana_sediment,25.393568752035545,0.19957553316898746,488.42186435914874,18.945088138885396,949.5852335750618,0.44421812083412876,0,False
21.150000000000023,79.22000000000011,0.0851322321716641,0.1294963011569405,0.3485586970339314,0.183149927687879,0.1881727425090166,0.4582368067694642,1.5211195301881313,0.9733074256584866,Gondwana_sediment,3.8246598699594725,14.468873247098239,302.86094044363836,12.143591776966387,1070.9034246965396,0.4757832919495904,0,False
21.150000000000023,79.23000000000012,0.0952166334888003,0.1229054145018208,0.1960908329780493,0.1929002245656118,0.2114946599322732,0.2294240732656403,1.2907977300751516,0.912080827649152,Gondwana_sediment,11.918618716811018,10.713131986951572,487.7552622299281,21.255998501071637,1057.3263509156875,0.3730408457870097,0,False
21.150000000000023,79.24000000000012,0.0845742988665142,0.0572290359774485,0.3114009902217465,0.1411285116412042,0.2435861870367195,0.6895042077717288,0.676671715601301,0.5793781383916977,Gondwana_sediment,23.918860973386607,16.722354064144977,211.2486025111695,9.8434040974774,989.5783489734803,0.3459337049127373,0,False
21.150000000000023,79.25000000000013,0.0186932584032845,0.1479177120442172,0.1512155236475383,0.2459632382299475,0.1545277369189077,0.0110245576510158,5.0,1.5917093136480214,Gondwana_sediment,4.497522820463214,16.427767258013887,350.1285383092055,12.429623391884821,963.5125522498329,0.3106369149759639,0,False
21.150000000000023,79.26000000000013,0.0438658847252521,0.1403279483678614,0.3276067838259804,0.3913910389520522,0.0649084727960908,0.4002242674743714,3.1990224049254614,5.0,Gondwana_sediment,6.877541856979245,16.866523355757664,450.70133941693246,20.7733411886128,1116.869836534252,0.3873464771071546,0,False
21.150000000000023,79.27000000000014,0.058134440933453,0.0987118598899089,0.2477025915614305,0.2736048067622396,0.1279669549992401,0.4300938687872286,1.6979927584253538,2.138089529051116,Gondwana_sediment,21.667577051791987,9.701893199590803,258.43862621652806,13.022976271066307,1110.7055195303767,0.3548851166154455,0,False
21.150000000000023,79.28000000000014,0.0632069971269967,0.0963439144950386,0.287119050393571,0.1581000316641577,0.1626572799691689,0.4975060261796056,1.5242602674042014,0.9719825119227784,Laterite,21.601096096382232,6.672567916737313,529.2014297787739,19.79035985967846,915.627162064731,0.3648007447959244,0,False
21.150000000000023,79.29000000000015,0.0839401629265183,0.1151423108446333,0.3548974030130245,0.2977934409843984,0.1467243792185749,0.5100741172478648,1.3717189327861752,2.029611182323117,Laterite,19.234428986558918,15.8311640518274,294.01251952476747,10.602847907583005,1017.0888485372125,0.308605993534133,0,False
21.150000000000023,79.30000000000015,0.0705310300279955,0.0758314403466706,0.1627459688779871,0.2349989181415169,0.0804719016920256,0.3643032623136696,1.0751500468525157,2.9202605245847963,Laterite,20.818453334013,9.0258822605851,460.9124451273785,21.586866579933154,1123.2096027392324,0.4513902518367232,0,False
21.150000000000023,79.31000000000016,0.0250196692386948,0.0938212591665601,0.2184508269387359,0.3139139486999239,0.0610666187402479,0.3991056942894375,3.749900044500519,5.0,Laterite,16.281733300427884,3.66884392806869,362.07885703013187,14.792912000411558,1016.1968721111442,0.4124777618866915,1,False
21.150000000000023,79.32000000000016,0.0763659355301767,0.02,0.3335324281086927,0.2738673481515,0.1053818665682553,0.8868562063664843,0.2618968763357468,2.5988090438143514,Laterite,7.553971767208583,17.099480391229488,438.41743819105886,13.827837363057085,1015.4693882987049,0.2977408003528182,1,True
21.150000000000023,79.33000000000017,0.0831575723585124,0.1655136935661483,0.4985221474546913,0.048,0.1826469777992042,0.5014916865427793,1.9903622565307992,0.2628020488052605,Laterite,10.370879805117584,17.651197535446947,242.98022105156326,7.324812867683098,1025.862033618569,0.4621891929233804,0,False
21.150000000000023,79.34000000000017,0.0815137134379289,0.0296202711023222,0.2757917665338689,0.1465144256931423,0.221096988541145,0.8060307552257804,0.3633777657368007,0.6626703809654545,Laterite,5.44793150404277,9.326195122803401,206.76511996864292,8.116474081681826,983.9551513116296,0.3946636464626222,0,True
21.150000000000023,79.35000000000018,0.0970234217666363,0.1520367931371564,0.3496136117924108,0.2826069655984714,0.1877283806888815,0.393853601381243,1.5670112454510097,1.50540352189097,Laterite,27.25351684000885,1.5139945461957494,563.8257709521205,21.16665515576915,954.7612127886352,0.3955203558679817,0,False
21.150000000000023,79.36000000000018,0.0894976646364647,0.0785151962413384,0.28070285301417,0.2268160090501452,0.1945913643557032,0.562854948785527,0.8772876529520032,1.165601616929808,Laterite,17.501753842983614,7.756521798338625,307.85200350687313,12.000319271513497,1092.627365536775,0.371802001999152,0,False
21.150000000000023,79.37000000000019,0.0781354023768506,0.107995316939574,0.4865245594756484,0.1730845003925331,0.1374992213418184,0.6366973712549748,1.3821560203976688,1.2588034941403092,Laterite,12.025542502909197,16.070753189252066,527.8708011121837,22.05940914037481,947.8531546876537,0.38656388893152605,0,False
21.150000000000023,79.3800000000002,0.062135028656238,0.066250643756616,0.1184778333034933,0.1712487339154267,0.054255877114698,0.2827240842872892,1.066236631458302,3.156316747728027,Laterite,13.86017410932398,18.035480570924573,599.7401201888802,25.0,1052.3635726054754,0.4509560122131566,0,False
21.150000000000023,79.3900000000002,0.0142911719945176,0.079658445043113,0.3035621044669551,0.0818634365937369,0.1184189709558608,0.584268405365179,5.0,0.6913033939056953,Laterite,28.41850018835446,4.069454849951917,284.5725031995645,11.276279800859609,1084.32897463792,0.40169294553898616,0,False
21.150000000000023,79.4000000000002,0.0768885465739749,0.1477412538059175,0.1324455966438137,0.2088138698731456,0.128061779406377,-0.0545909172114732,1.9214988473169392,1.6305713592145374,Laterite,4.600542093482406,1.3394722405054305,306.06829647334223,14.89792928553478,967.4386850549796,0.4628856298580354,1,False
21.150000000000023,79.41000000000021,0.0701106306148906,0.02,0.05,0.3694482808210967,0.1159673756582118,0.4285714279591837,0.2852634443032082,3.1857949566038672,Laterite,17.586894960503916,17.547009062656773,465.1439150538663,22.238516784651303,993.786579870284,0.37487319919700335,0,False
21.150000000000023,79.42000000000021,0.0719073651158584,0.1417186154435233,0.3265462053118023,0.2707453373512559,0.1433747432687271,0.394707399822766,1.9708497873353976,1.8883753929725309,Laterite,15.17666036653398,7.788098779577506,586.1794538402485,25.0,1100.658959419617,0.46978639980498016,1,False
21.150000000000023,79.43000000000022,0.0253375427253878,0.1039809392440641,0.311649779614767,0.3674291900831825,0.1625309879946432,0.4996474776718148,4.103828850360206,2.2606716072459068,Laterite,18.343627063039435,10.835219285351265,566.3257392762976,24.166414989950198,1066.6445860113895,0.41464216011720373,1,False
21.150000000000023,79.44000000000023,0.0310883037877492,0.041999134085707,0.2701163062258015,0.2755677962852914,0.1829307594121705,0.7308743580238563,1.3509625432559336,1.506404920747938,Laterite,0.5433055146252153,19.361316241015178,401.15020802623394,12.788013705415132,1009.1357146560931,0.4077019696388783,0,True
21.150000000000023,79.45000000000023,0.0949945855999841,0.047087504278026,0.2888805909960468,0.285423554034681,0.1261940067816788,0.7196906195774454,0.4956861902291965,2.261783749384373,Laterite,26.163717268324543,1.331294558284457,518.0441130106899,22.506821106253142,1100.112450168096,0.3289755554312974,0,True
21.150000000000023,79.46000000000024,0.0620933453842973,0.1569757210883236,0.5,0.3513855081421441,0.0447320297177658,0.5221262641048918,2.5280602915496133,5.0,Laterite,27.96354847450837,12.966360149041911,254.29834123996042,12.692563993958766,1100.3267861727527,0.43117523172555045,1,False
21.150000000000023,79.47000000000024,0.0836050209211756,0.0519197248022861,0.2754824861968796,0.2393084281539481,0.1155961140354386,0.6828382760276449,0.6210120417185927,2.070211701697529,Laterite,16.953995507676268,1.4821084514973415,590.9752736816049,24.4618355258627,1053.4526346508228,0.35829598293119524,0,False
21.150000000000023,79.48000000000025,0.0638895512839107,0.056453773449004,0.353212436125031,0.2393929049934126,0.1417455198495945,0.7243913597661698,0.8836151174356307,1.6888922138670914,Laterite,20.899524716306768,7.509378569330007,585.7412936143946,25.0,994.9919886063544,0.33080208043849846,0,True
21.150000000000023,79.49000000000025,0.0638126841848691,0.1348725816945843,0.2381635180386358,0.2845860261635328,0.2005203961066656,0.2768926020570973,2.1135701029672007,1.419237302275352,Laterite,27.67498143531887,16.076290903868934,265.49158315166835,12.781816420921096,1019.3275648264478,0.46945299603321683,0,False
21.160000000000025,79.0,0.0968685141792797,0.1451087495668671,0.2891232575040618,0.3942825799182377,0.1196896078907944,0.331653368611553,1.4979970596896632,3.29420896715246,Gondwana_sediment,21.21715902940196,8.669444655112688,319.76924992124265,14.460265501024011,1070.3193371978095,0.3906812390460611,0,False
21.160000000000025,79.01,0.0531186581534785,0.0784978700201067,0.2366766324944402,0.2314829700121736,0.1735271814199697,0.5018767735402231,1.4777833740739537,1.3339868024395607,Gondwana_sediment,4.57617128742784,19.94364707805901,240.06199900270678,12.175344714191123,1046.5702585426657,0.34229875540472476,0,False
21.160000000000025,79.02000000000001,0.0713636233082291,0.1063849990161842,0.2203481517270294,0.1756901642361971,0.1622243949817711,0.3487958060476439,1.4907454797750177,1.083007054195754,Gondwana_sediment,17.288650805004394,11.181185698932044,308.68703955927185,13.528699684158084,1102.9478589117825,0.39564886568647467,0,False
21.160000000000025,79.03000000000002,0.0544917413388483,0.0565098926543883,0.4441898532200353,0.2356199222701606,0.1497350266561688,0.7742763276445723,1.0370359097039463,1.5735791910188677,Gondwana_sediment,18.201451391485676,6.423243052719069,526.3823157660827,16.946975491462737,979.5112959945732,0.3022942245518693,0,True
21.160000000000025,79.04000000000002,0.05520511317703,0.1413928559369035,0.3809184963184372,0.2838049206852152,0.1938866659662289,0.4585878505251762,2.5612275302718146,1.4637670884921583,Gondwana_sediment,12.72392013907158,4.402226518095063,351.3262428661038,13.640315549813593,981.2868235467281,0.4396767822398365,0,False
21.160000000000025,79.05000000000003,0.0588448362959403,0.1396348385949246,0.2777746647399268,0.281166373406308,0.1141379401623702,0.3309455702571536,2.3729327354295773,2.4633909877818687,Gondwana_sediment,22.093327068741687,7.010410685723237,235.35878685870335,12.200952173608346,1065.0435555741617,0.36460729613198484,0,False
21.160000000000025,79.06000000000003,0.0746640131490108,0.1182802479528768,0.05,0.1253082679868666,0.1182406775178233,-0.4057531929203117,1.5841667599409937,1.059772918351222,Gondwana_sediment,28.031010443070446,7.450665475191016,336.8902099115618,12.421909399451817,1031.4227793096948,0.4132485389383189,0,False
21.160000000000025,79.07000000000004,0.053517541350095,0.1446723751848436,0.2297990776747477,0.430214909633317,0.1462249588452876,0.2273249451116104,2.703270203840552,2.9421441642824373,Gondwana_sediment,27.76705538720329,1.3742735544792195,592.553333696512,24.242777226880786,1024.647569265153,0.45204817418494864,0,False
21.160000000000025,79.08000000000004,0.1054326837672049,0.1670875249946939,0.5,0.1795184549422187,0.1146326747453139,0.4990536660958376,1.5847792057076415,1.5660321560537782,Gondwana_sediment,13.525181142123962,7.391483988535463,451.87343810368117,16.738387293180573,967.5971640413202,0.3378413024547586,0,False
21.160000000000025,79.09000000000005,0.0408017809334141,0.1253816890241862,0.2446338333360348,0.246654540261357,0.1718606145527288,0.3222895718507834,3.072946470682405,1.4352010829226984,Gondwana_sediment,3.397141375222658,9.284770394784498,366.46437856246314,18.837194297172836,1056.977292239949,0.4229676062036202,0,False
21.160000000000025,79.10000000000005,0.0619138506751584,0.0490050349831667,0.3789217572053719,0.1606141948008505,0.1106203847816921,0.7709653337147254,0.791503587155799,1.4519402999060846,Gondwana_sediment,29.54523596887004,14.454755044776093,266.615405398908,14.471960139790532,1053.3622446000018,0.3435065389797791,0,True
21.160000000000025,79.11000000000006,0.0542080682517738,0.1483026434672782,0.4136942401952666,0.48,0.1574152103872554,0.4722296589105674,2.735803875262515,3.049260605212363,Gondwana_sediment,25.166942593378025,13.13458969443216,594.4707189134779,23.00187549778012,1088.673949097627,0.5305412093672943,0,False
21.160000000000025,79.12000000000006,0.110689336530611,0.1793618819814831,0.2922963915856045,0.2401449469201553,0.1409113615606607,0.2394413835382741,1.6204079583568556,1.7042269983769405,Gondwana_sediment,3.739880436098005,14.175313104583084,528.3396037052514,22.308746155163643,1059.4453066560886,0.4441109967268643,0,False
21.160000000000025,79.13000000000007,0.0730566432953462,0.0551496202725644,0.1871178368131922,0.1633317443522879,0.1564862982388337,0.5447211857242643,0.7548885044460925,1.0437446989680337,Gondwana_sediment,27.62525647852117,0.16727363753714197,312.59092098036774,11.663633611987226,1049.3697960880152,0.38388335159496534,0,False
21.160000000000025,79.14000000000007,0.097995336184058,0.0811014893322389,0.05,0.2830746484973686,0.1225729302468464,-0.2372321585889691,0.8276056025477683,2.3094385334212704,Gondwana_sediment,26.096890861863848,4.353347991610721,228.02747828847578,10.731034206749248,1114.8500318395568,0.37942707539538556,0,False
21.160000000000025,79.15000000000008,0.0223531888088897,0.1120378415240564,0.3415163208609038,0.2761395045516995,0.1284255852736569,0.5059560650475936,5.0,2.1501907407956584,Gondwana_sediment,15.565141713782163,13.23368576799713,222.6502229510232,10.296458777443958,990.3766348276125,0.3656914104183734,0,False
21.160000000000025,79.16000000000008,0.0748115079760765,0.0930438060397686,0.192524399717654,0.2088591083494051,0.1500004633998507,0.3483601872946376,1.2437098039134766,1.3923897531797491,Gondwana_sediment,17.738263072347877,9.679787363594944,248.15125980221353,11.96304696831876,1082.8194609424188,0.38905811173583105,0,False
21.160000000000025,79.17000000000009,0.0933689238687018,0.0557278567849055,0.2925150451887785,0.2805424698948337,0.1551237253080637,0.6799483549955359,0.5968565815708239,1.8085078163049992,Gondwana_sediment,11.970081116103907,0.10626951336691892,432.30743344576865,18.676646622322803,972.4426417602726,0.4623132183600776,0,False
21.160000000000025,79.18000000000009,0.0690285196782614,0.1397143142492168,0.1508179660410733,0.1636295627418362,0.1446299042304402,0.0382183066781435,2.024008550350169,1.1313674270846978,Gondwana_sediment,1.64284916466094,16.089892848636445,571.5053684821969,25.0,1014.0819059999997,0.3190039786392547,0,False
21.160000000000025,79.1900000000001,0.0984044112519591,0.1874616288806883,0.25017624595299,0.1865957207535489,0.2299281178256521,0.1433025354165376,1.905012451222352,0.8115393734222845,Gondwana_sediment,10.055917249377028,15.456191465806748,398.6973712023938,14.556542936744929,995.3671433688743,0.38000274992783806,0,False
21.160000000000025,79.2000000000001,0.0508013464969874,0.1023252583609541,0.280971905490116,0.0800848341803719,0.0949431540629336,0.4660787084559985,2.014223346729596,0.8435029875133175,Gondwana_sediment,24.085603457940344,10.968383259871253,537.1781929824789,18.96121799873026,1095.0971267726359,0.409744519208053,0,False
21.160000000000025,79.21000000000011,0.1084804232055659,0.0581372684105577,0.305359358104441,0.1278234241046268,0.141089810252362,0.6801221018090247,0.5359240555947836,0.9059720456452288,Gondwana_sediment,0.13896069013808576,1.3292665155254424,378.35464794392317,14.978596596260543,1052.7294883202703,0.3889030431028579,0,False
21.160000000000025,79.22000000000011,0.1350469437085759,0.0321615789978586,0.1679177812647702,0.3467341563969441,0.0654385488941484,0.6785117766313504,0.2381511057625008,5.0,Gondwana_sediment,10.004975150734325,15.330300990651693,483.43341830713007,17.007082565009885,1055.3248377703912,0.3903159814169796,0,False
21.160000000000025,79.23000000000012,0.0550748431868086,0.1042590392488448,0.3999910948761473,0.334800003940558,0.1625440739333669,0.5864788833062549,1.893042867247099,2.0597490614873517,Gondwana_sediment,11.9450608077283,11.674271754627279,492.74909491460033,17.54628774809636,1000.6633506135674,0.3694452159740636,0,False
21.160000000000025,79.24000000000012,0.0524749243579751,0.1379150937326478,0.2215105215268154,0.2242052054054232,0.0879976731811567,0.2325806070069976,2.628209476377576,2.5478537902823506,Gondwana_sediment,16.121868088137685,15.639199543159183,269.5854823613355,9.23009912332638,1041.0153252033956,0.43403405026787834,0,False
21.160000000000025,79.25000000000013,0.1093215343135292,0.1125867098598126,0.1146530539546884,0.3357052013032843,0.1296644872061685,0.0090932328888234,1.0298676327934828,2.589029643179052,Gondwana_sediment,27.595668492382813,15.034939847916808,344.4864235903247,12.50922317206694,1017.8267348345844,0.41213424788759095,0,False
21.160000000000025,79.26000000000013,0.1129871643719195,0.0933038463632431,0.2720976580036671,0.2077947859374141,0.124796783733431,0.4893078147044548,0.82579155605265,1.6650652328890334,Laterite,10.390379830978837,16.06004143915674,454.92086261520956,17.045799738400277,1075.1727507427508,0.4241353620971709,0,False
21.160000000000025,79.27000000000014,0.0497941991854,0.0696491339284249,0.2873375309026599,0.2016612788202418,0.1572645563300558,0.6097941978204116,1.398739912037233,1.2823059651710629,Laterite,10.40859605688683,10.360161328092497,228.27864327374647,10.548048037296926,1006.4454432334593,0.22571757310528376,0,False
21.160000000000025,79.28000000000014,0.0527543954871223,0.0641594910986556,0.3008589433171904,0.266826894471101,0.1154004541227381,0.648458899158035,1.2161923264327434,2.312182358971394,Laterite,22.125037443292452,2.8064903638703,344.61607510518263,13.346625007211939,1122.4897182602938,0.43592338805576836,0,False
21.160000000000025,79.29000000000015,0.0567864617341828,0.1262500530529923,0.4219132403685227,0.2093554883273454,0.1130947151152979,0.539370641576762,2.223242106924077,1.8511518237505296,Laterite,13.566538226694215,13.423149467593774,413.919786512477,16.887628621608247,972.2209775188353,0.2818008985610591,1,False
21.160000000000025,79.30000000000015,0.0247864846689696,0.1292308648554203,0.2629551163264294,0.2027362573507822,0.2144728232042918,0.3409715233418969,5.0,0.9452771415385444,Laterite,6.738144688199458,12.409475701039412,598.4897972178555,25.0,1015.674008377212,0.4131937612982457,1,False
21.160000000000025,79.31000000000016,0.0374404416054719,0.0306708085323675,0.2755380375631386,0.2975378675004634,0.1567283395237231,0.7996739221388461,0.8191892813028686,1.898430546860886,Laterite,13.573185483980803,14.845063743981743,389.8134250489763,14.709580994144492,1139.8600254983448,0.501172377940405,0,True
21.160000000000025,79.32000000000016,0.0347557769974358,0.2026876268653913,0.1780815618767068,0.2732513949323145,0.1142674573988833,-0.0646219959748067,5.0,2.391331713449429,Laterite,4.225710611393996,3.397620121014706,526.4227028457294,21.405187487829284,1034.2430626019384,0.34152919284629935,1,False
21.160000000000025,79.33000000000017,0.0417260730468739,0.1151028488357567,0.3713553502888064,0.2667737235103607,0.1295983164094351,0.5267718826849419,2.758535375006409,2.058465963876459,Laterite,5.291609595186699,3.8995039980057844,372.8269140266471,16.26597472329613,990.2560667798194,0.35825698892529695,1,False
21.160000000000025,79.34000000000017,0.0635994533783942,0.1479437858058283,0.3086309064078275,0.2887966367694075,0.2242277476135338,0.3519404892718211,2.3261801432945823,1.287961189969962,Laterite,14.951033182184393,17.80819034438657,518.5562890478836,17.723376442421376,1066.9535781269235,0.37013980654494644,0,False
21.160000000000025,79.35000000000018,0.0715464419760932,0.0380948900605918,0.2490972272706013,0.2434730056958254,0.1300217560874416,0.7347079686494611,0.5324498179808302,1.872555892452572,Laterite,12.567763485136437,14.999555969041417,438.16592064804337,13.487102342433975,1032.2303878893129,0.4488579842463324,0,True
21.160000000000025,79.36000000000018,0.1109150147844199,0.0369670337833788,0.1015325306534717,0.1480810071864172,0.1071361688423769,0.466178338437403,0.3332915189336692,1.3821756802416778,Laterite,27.445377032043,18.16456977400646,554.6381766009594,23.80215868263542,1014.2064872191247,0.3850788269707754,0,False
21.160000000000025,79.37000000000019,0.0343293787778338,0.0854612276093044,0.4373412195055273,0.120999387772511,0.1071701924936766,0.673064928771512,2.489448699710848,1.129039566358402,Laterite,10.871816973498994,15.174306423278415,364.37702094004396,16.16640443363563,1001.2064594601042,0.4618688913258557,0,False
21.160000000000025,79.3800000000002,0.0936896719542949,0.1113513770758039,0.1710320035544132,0.225814644436505,0.1137836759505173,0.2113461009082075,1.188512827873639,1.9845961413326856,Laterite,17.417650508341303,11.943106119806037,441.72176792859153,22.533513933396133,1194.4186802813372,0.4685947152528708,0,False
21.160000000000025,79.3900000000002,0.0576203346732321,0.1629144329170746,0.2355721990630488,0.2031120586622481,0.1113351138786599,0.1823342624235508,2.8273774103922333,1.824330630327278,Laterite,18.96792863758591,13.082654740557473,452.0074722475309,19.149834428714076,1043.4224049908332,0.4034059109033534,1,False
21.160000000000025,79.4000000000002,0.0624360887104243,0.1191231565526012,0.3314344511076202,0.2209174000244018,0.0768976075825338,0.4712189759938692,1.9079215053700227,2.8728774103928334,Laterite,0.3928336976500091,17.782558478800198,366.95317672018933,16.929195131190745,959.7216319833962,0.3633059511239154,1,False
21.160000000000025,79.41000000000021,0.0840445847649954,0.0809927489275146,0.1768442071383517,0.2133762172525921,0.084489995152647,0.3717522097537326,0.9636878932487668,2.525461347400268,Laterite,19.906121160501318,11.576135090238811,257.7248174749926,10.347588774286079,1130.6854879503167,0.46490666294423555,0,False
21.160000000000025,79.42000000000021,0.0299983393531282,0.0494652316933601,0.1480490221747065,0.3950501562116528,0.0990539812819273,0.4991224101592435,1.6489323274259384,3.988230969620882,Laterite,5.341079006092543,12.647826486567748,237.42376276493422,10.487111225042433,1086.5535452555685,0.320573269558571,1,False
21.160000000000025,79.43000000000022,0.0750322923855186,0.1395400229087617,0.0859052417299548,0.1207841621050992,0.1699185509226506,-0.2379060001147854,1.8597329001468683,0.710835640830049,Laterite,28.832109524083656,3.1295343200720116,206.66862023985323,11.945706193492953,1017.6766784490507,0.3858959521944195,0,False
21.160000000000025,79.44000000000023,0.0684335662463887,0.051571782969967,0.3712996952905854,0.074303761112514,0.1210981356363519,0.756087673635934,0.753603614765994,0.6135830304958944,Laterite,4.459881832593389,9.478424402322055,549.4137056980858,18.644252101168966,1009.3440455657329,0.37500169490075164,0,True
21.160000000000025,79.45000000000023,0.0780935379202415,0.1551187421908884,0.24558137552739,0.2365663783463652,0.1296219155452935,0.2257614343341103,1.986319817533204,1.8250492377671843,Laterite,12.438723711810711,14.32794223916198,294.5899648954778,13.10181438578827,1089.6736398079515,0.44489855628587005,1,False
21.160000000000025,79.46000000000024,0.0718750593172315,0.0784246140157351,0.5,0.1866504211788187,0.2033044012627403,0.7288337593114826,1.0911241625622,0.9180835236606256,Laterite,2.5604900423593158,5.418853966327308,284.60269971270725,16.129619281517535,1043.6540836255672,0.38198520106588585,0,True
21.160000000000025,79.47000000000024,0.1367390041973237,0.1532432829047094,0.2024644934369358,0.2348247508810888,0.2043703574969163,0.1383754131681213,1.1206991281836376,1.149015706789721,Laterite,29.906227555378422,4.045083610490698,494.4141601704262,21.164658445519773,959.701109077785,0.30795119419603584,0,False
21.160000000000025,79.48000000000025,0.0438278004724573,0.1165972516023664,0.2106548976571314,0.2532718115598722,0.1253337528431085,0.2874164348159542,2.6603491409431896,2.020778965063284,Laterite,15.065850309937277,6.276536164488311,328.0064452349567,16.96808114458889,1145.3619982302735,0.4298782830823375,1,False
21.160000000000025,79.49000000000025,0.0469100913499422,0.1089142345489859,0.2471607029714839,0.3623847943950177,0.1077168244658247,0.3882510500355714,2.321765555823063,3.3642357714840347,Laterite,17.861550519601312,4.830012559856669,402.41787696473466,15.508987241138392,1034.3004768892422,0.33372065239004867,1,False
21.170000000000027,79.0,0.0499457842072568,0.0771841451269546,0.2845134655138505,0.1210941925731237,0.1047384843163227,0.5732117498986451,1.5453585562323455,1.1561575790211842,Gondwana_sediment,2.012294321652824,4.298252740727917,265.0044261189825,10.97775609996351,1146.7785868241638,0.33377885942968716,0,False
21.170000000000027,79.01,0.051855686425192,0.1093867903780033,0.2140796661214709,0.2247956965799974,0.1824187884854114,0.323659141798129,2.1094463829894905,1.2323056102016838,Gondwana_sediment,22.498814111975335,8.49701685736174,583.8982885847877,24.396144762476663,1135.9217478983282,0.4623267795361477,0,False
21.170000000000027,79.02000000000001,0.0492783861808041,0.1491524680035117,0.3232332214002537,0.3072159457459831,0.1373646383238851,0.3685140283983019,3.02673198658724,2.23649950431904,Gondwana_sediment,6.2971677928675724,18.15677027767068,540.6325600068949,18.091174508236413,1021.9495227759019,0.4121841496756967,0,False
21.170000000000027,79.03000000000002,0.1039504959332261,0.100506259848708,0.1650411610011375,0.2796324516981048,0.1280952554838599,0.2430259006907028,0.9668665728789098,2.183003971720392,Gondwana_sediment,26.941628683221413,10.141192934774367,545.5158491860013,20.39347139371632,1123.6594932182,0.4447268571565037,0,False
21.170000000000027,79.04000000000002,0.1107751274396951,0.0734875436772511,0.1256408281536453,0.3789414685201858,0.1065567712431216,0.2619078535654024,0.6633938981556808,3.556240150144591,Gondwana_sediment,6.1541892144602155,3.7584076163064606,362.7094994288021,12.919145650765447,1039.4278725068584,0.4549318732873625,0,False
21.170000000000027,79.05000000000003,0.0509176111875151,0.1175651666634821,0.0848785260590931,0.3503991335735633,0.1085766795494297,-0.1614604048595183,2.3089293407663973,3.2272043564504367,Gondwana_sediment,5.720631619909997,1.5394333876174815,504.94448548286914,22.68348571785127,978.6649706598454,0.3337477694822457,0,False
21.170000000000027,79.06000000000003,0.0429493328068725,0.1000230811887651,0.05,0.2208247982879591,0.1628829095746613,-0.3334359003897571,2.3288622760601685,1.3557272443685444,Gondwana_sediment,1.0964900354428464,13.923122902758504,257.55046215591204,12.475575467864447,1050.7700916989354,0.32248307724853803,0,False
21.170000000000027,79.07000000000004,0.0819424666915914,0.02,0.2146930980524991,0.1621694972940121,0.0809280867056359,0.8295646509638356,0.2440736871013053,2.003871630914651,Gondwana_sediment,14.162008353299978,7.655975288727756,203.44760103671211,9.125056261942738,1091.8818750888565,0.40595421431791895,0,True
21.170000000000027,79.08000000000004,0.0511133086715701,0.1148467245915469,0.237301968760683,0.1846997103096669,0.1962634346893958,0.3477373235966516,2.246904521575916,0.9410805966371798,Gondwana_sediment,16.945233997878493,16.436618931707187,207.98917303121124,10.314421336678546,1048.8631676002256,0.375948672864789,0,False
21.170000000000027,79.09000000000005,0.0865479545326645,0.0571511510113265,0.2051562972516874,0.1824108023930006,0.1196477678092529,0.5642430177412755,0.6603408625182788,1.5245650259965606,Gondwana_sediment,1.971259182850571,13.190215372815404,434.6406949618242,17.781730131299128,1056.6475829537874,0.35412805776916684,0,False
21.170000000000027,79.10000000000005,0.0735276906255381,0.0500267038717689,0.3935405797187224,0.2694663539959612,0.1386782027874091,0.7744346539467678,0.6803790976994921,1.9431053214234184,Gondwana_sediment,23.26582850085032,15.92482901082737,382.1579620991763,18.3271117598781,1129.178302246473,0.4194494056680376,0,True
21.170000000000027,79.11000000000006,0.0218476765500821,0.0284862261155702,0.3929030209608202,0.2412898211910059,0.0791311020929709,0.8647985141697451,1.303856083729761,3.0492412528589705,Gondwana_sediment,13.598665042440828,5.438920788368975,407.2061395634079,16.984499367072804,1077.3246990145471,0.3734165048202259,0,True
21.170000000000027,79.12000000000006,0.1136251560399009,0.0240443000852829,0.2375197012555569,0.1303445300410451,0.1451817030878803,0.8161497759413864,0.2116107110618923,0.8978027339462027,Gondwana_sediment,15.731708079827401,13.847178449221163,202.98525616688775,8.573447101807169,1029.835084435795,0.2943878924955815,0,True
21.170000000000027,79.13000000000007,0.1209563301928646,0.0414020998755069,0.0925078886808112,0.1921868971636671,0.1292039528654704,0.3816428432121524,0.342289649291297,1.4874691737568488,Gondwana_sediment,13.222882408146845,5.281239693874376,369.0746478629703,14.846925061098942,1107.1015161834089,0.39310423402909034,0,False
21.170000000000027,79.14000000000007,0.0485763392854673,0.0670791616947787,0.2161294891945027,0.2838283287415967,0.142935970057175,0.5262915768253315,1.3809019482198146,1.9857026081642977,Gondwana_sediment,12.02289182625978,18.78136958900583,487.22726448034433,21.670036975287204,1081.8837783477547,0.3488876585452152,0,False
21.170000000000027,79.15000000000008,0.0552089532019193,0.173390365501061,0.2137178606083023,0.2467163648481813,0.2188454449180928,0.1041762803703132,3.1406204090276257,1.1273543519618798,Gondwana_sediment,16.789209939246536,12.727485630667488,377.0774807869743,14.869164066231438,945.9197599269404,0.36630231355314874,0,False
21.170000000000027,79.16000000000008,0.0752959617217459,0.07404481296419,0.2088865037722031,0.2616051231208909,0.1539649022895102,0.4765880720301675,0.9833835862204956,1.6991218067288196,Gondwana_sediment,4.657207377921376,6.490236003506842,492.88768252488893,22.489849526266507,1093.417645688615,0.37722987922119794,0,False
21.170000000000027,79.17000000000009,0.0766337036996094,0.1020100042507193,0.2057281096101849,0.2483045197040052,0.1051670407927079,0.3370336680904013,1.3311375960304193,2.3610488380796717,Gondwana_sediment,5.457843914858134,5.390237245845453,293.2075857587339,9.952684458515233,1091.5914353858475,0.4649283619767454,0,False
21.170000000000027,79.18000000000009,0.0862363281801835,0.1107392554602511,0.2110537104275291,0.3350501514226168,0.1091540044726696,0.3117360090807183,1.2841369486471768,3.069517721629317,Gondwana_sediment,25.85356863040552,3.81853170143287,525.2568017926901,19.687867565239035,1073.0060564790856,0.4825705745430504,0,False
21.170000000000027,79.1900000000001,0.1266661361629891,0.0997826074486318,0.2386458384102343,0.2374230144677024,0.1742965592956863,0.4103178459723223,0.7877607258932994,1.3621784347946135,Gondwana_sediment,28.38346386400898,13.892819177874555,435.37249618138094,19.515374184477214,1116.5850290535213,0.45268845454566575,0,False
21.170000000000027,79.2000000000001,0.060931583175177,0.0912622615709581,0.2146458901184551,0.1935784041490475,0.209294664549669,0.4033355365843083,1.4977825401122875,0.924908451312276,Gondwana_sediment,11.199279488392587,4.374312259958546,284.3052397719625,11.668963227999079,1038.3803207837175,0.311841311194728,0,False
21.170000000000027,79.21000000000011,0.0421710826638448,0.0463682494560279,0.2999322508625705,0.156197147120647,0.1582759010375502,0.73220801327183,1.0995271265783455,0.9868662632658354,Gondwana_sediment,8.122340194306613,11.906065318549782,294.6881903415332,11.370891765257625,1088.8249894410876,0.4835691709843598,0,True
21.170000000000027,79.22000000000011,0.0246204231595626,0.1520371019311661,0.3160368715904978,0.2374726620746759,0.1784356372277361,0.3503714773765435,5.0,1.330858933961187,Gondwana_sediment,19.319986297170473,5.292700538507146,451.2121858278148,20.580623207776537,993.6520314416749,0.45140553430931635,0,False
21.170000000000027,79.23000000000012,0.0439520988017408,0.1661078657455129,0.1898354912817632,0.04885071896574,0.1743068861668328,0.0666612399448877,3.779293137214295,0.2802569652409388,Gondwana_sediment,12.262025132942892,13.239378895877373,531.9758372849774,20.951137058701892,1092.354519169984,0.41057247025414106,0,False
21.170000000000027,79.24000000000012,0.0647661908137844,0.02633365223509,0.408906532600716,0.2064997698717059,0.2145932206678735,0.8789925507959518,0.4065956614639409,0.9622846851023203,Gondwana_sediment,0.7615906698103458,16.298794570810784,366.2511128116621,14.860060525218515,1169.6529847770373,0.5047661773081655,0,True
21.170000000000027,79.25000000000013,0.1194767359055318,0.0524988563645422,0.1846937698159517,0.2046912098055015,0.0459804913636957,0.5573314631420346,0.4394065164461093,4.45169686729245,Laterite,4.684577920985711,15.560504862893064,303.3201716510369,15.43679638560219,1022.2571823766655,0.3557626864889157,1,False
21.170000000000027,79.26000000000013,0.049991661028913,0.1067138621963921,0.1218199386184798,0.1479444482961429,0.1766409469652236,0.0660999657889321,2.134633252558064,0.837543337228119,Laterite,21.479166865421927,15.217026618615634,546.8046427642402,25.0,1034.0098934006537,0.29444141328276563,0,False
21.170000000000027,79.27000000000014,0.072113638549165,0.0708740346646664,0.3225778071365192,0.1842256695528907,0.1922868021951753,0.6397320984840313,0.9828104085757016,0.958077555786121,Laterite,19.76771825730454,3.7544481138450414,467.707316700334,22.63260128305457,1036.4992278554648,0.3506729885147196,0,False
21.170000000000027,79.28000000000014,0.0647873131178155,0.1131586221382317,0.2036591865585805,0.274876027110372,0.0759838146932184,0.2856549155618659,1.7466169920921315,3.617560237774544,Laterite,0.8128797751045047,1.7676989396903742,379.23419491323057,15.237173234183452,1078.4999112901223,0.4909025100360337,1,False
21.170000000000027,79.29000000000015,0.1008117982034405,0.0636091119037325,0.3184291470757537,0.2340498224352424,0.0984565907996762,0.6670013516080959,0.6309689240169187,2.377187959653518,Laterite,6.6591648579884835,13.978976569747712,395.16007811172074,18.92640906462397,1018.8481863573566,0.30751407370343503,1,False
21.170000000000027,79.30000000000015,0.1408479727762066,0.179162242712261,0.05,0.2247251833595077,0.1000208625685892,-0.5636279394336174,1.2720257100876378,2.2467830946841145,Laterite,6.932243897642142,7.366944275887026,281.7025871745586,9.839702143402585,1093.0623689345916,0.40987445244704657,1,False
21.170000000000027,79.31000000000016,0.0489939368123882,0.1820025269058628,0.4273455941483226,0.2864931928502836,0.1059404901811276,0.4026320238384385,3.7147969396973073,2.7042841890766653,Laterite,20.15678230796185,8.646924528066947,450.7210520259376,16.966238084969945,1114.3419972735007,0.4195854436445734,1,False
21.170000000000027,79.32000000000016,0.0501168167244511,0.1007029612252853,0.3562293408040565,0.2234839311564192,0.1181141474532204,0.5592215266637911,2.009364672501587,1.8921012917247764,Laterite,0.5913161326309246,0.6229818558678213,343.49700421715545,9.611463470466088,1098.7173606727317,0.3863702980538838,1,False
21.170000000000027,79.33000000000017,0.0960048263120699,0.1330994505327859,0.1398523450837166,0.3037003794000764,0.1541501406527437,0.0247402459221937,1.3863829091414557,1.9701595984087408,Laterite,3.123257459537215,5.191528985500984,598.2580706697397,25.0,983.5792287181389,0.34666613077744635,1,False
21.170000000000027,79.34000000000017,0.085016744688787,0.1360760169742889,0.1429222876153886,0.2250400427192496,0.185123732558365,0.0245387535552041,1.600579007257358,1.2156196263314754,Laterite,23.99748256119568,0.6735280774892805,392.0734061047551,14.608432222879307,1121.7583832579728,0.4242718504335499,0,False
21.170000000000027,79.35000000000018,0.1198412197720786,0.0691021004776667,0.4589265904097704,0.1140250820326815,0.1957258478884233,0.738263841692228,0.5766137940804338,0.5825754912014782,Laterite,5.356339861630008,17.583715452024954,394.35424247584524,16.178361610332765,1118.8683707127266,0.3914675219205361,0,True
21.170000000000027,79.36000000000018,0.0818378455597765,0.0588313102183177,0.2188620096502223,0.3299090975412027,0.0995888469416072,0.5762857365457492,0.7188765753059592,3.3127112858668784,Laterite,19.58238323555624,4.867933664370609,426.3407149642687,15.943547772987962,1113.5080686173578,0.34646260087311265,0,False
21.170000000000027,79.37000000000019,0.0534212372763857,0.0944257225187821,0.2100815151267562,0.241423818713013,0.0990648500648471,0.3798129511280184,1.7675689885933272,2.437028050931041,Laterite,7.145483431401796,11.146743391460161,566.7024012474988,25.0,1090.6421124328338,0.41974238930948543,1,False
21.170000000000027,79.3800000000002,0.0817996449207667,0.1255854449799139,0.0677947905850908,0.1739522388443388,0.2069110920008073,-0.2988446787030226,1.5352810510122774,0.8407100705823404,Laterite,2.983241782780355,0.7795864132226082,520.3272399439002,20.929034342894493,1083.009465710299,0.4597968787636108,1,False
21.170000000000027,79.3900000000002,0.0972211074174846,0.0965024159461328,0.2602221794398641,0.1271618797193421,0.1732771967709283,0.4589528324243572,0.9926076590803848,0.7338639013999242,Laterite,7.295165729983623,13.33694782611316,380.4520279191366,13.242534049098127,1123.6194699063624,0.46483592714755695,0,False
21.170000000000027,79.4000000000002,0.0884544654359182,0.0276801407123561,0.2734280385164447,0.2423139954670565,0.1449032420934458,0.8161448764091508,0.312930958823285,1.6722468855704924,Laterite,21.668007955669776,6.460546915081878,487.4797063891184,21.194979561252055,1168.1756743802152,0.39757910452309014,0,True
21.170000000000027,79.41000000000021,0.0789382209332162,0.0584670222419622,0.3686493096769689,0.2060979596517868,0.1642468337777442,0.7262243660147805,0.740668100657602,1.254806286282475,Laterite,25.67089404318857,17.958383739153316,434.49419951230465,15.236464930058906,1024.3479768318,0.3215690955430412,0,True
21.170000000000027,79.42000000000021,0.0956002406876718,0.0874410854562207,0.1580921571815733,0.3241902750222616,0.1389098109074237,0.2877454430917984,0.9146534018719408,2.333818415496483,Laterite,24.906595937009747,17.762363778680715,396.9468194804996,14.8646393610565,1125.9062697897812,0.408005457063429,0,False
21.170000000000027,79.43000000000022,0.0985588677133673,0.0871933758269625,0.1468713207759604,0.1894864903533149,0.1664492341523764,0.2549634600588302,0.8846832127990076,1.1384040978284615,Laterite,11.915505888553644,6.505812367234956,276.9263091137402,7.324817983820347,1067.68914509967,0.4787730049021594,0,False
21.170000000000027,79.44000000000023,0.1048247697311229,0.1689416870715879,0.3448962634776695,0.15478334472222,0.1232366651747086,0.3424320375397632,1.6116580779882477,1.2559845268223566,Laterite,20.042554097119385,18.019217913809356,385.5745053819563,13.217688166519636,1065.5163473986124,0.43184853422245695,0,False
21.170000000000027,79.45000000000023,0.0827012966276863,0.0344204823040356,0.4013730071227288,0.2758057352765076,0.153300246721957,0.8420330584038169,0.4162024498524279,1.7991212734107884,Laterite,6.149528862474629,19.923153469975578,298.32743480902985,12.787368123150532,995.1734654809406,0.4083882833950644,1,True
21.170000000000027,79.46000000000024,0.0581064575904913,0.1099035696734304,0.1444847648882344,0.2775697324901706,0.0641526974815206,0.1359386044992858,1.8914174782231696,4.326703988362376,Laterite,8.794431907830397,16.508313282478962,565.9368599406619,19.65163042132173,1057.7605295242727,0.44115304616087697,1,False
21.170000000000027,79.47000000000024,0.0674014105929965,0.193783881633065,0.4106514086299974,0.2691667148792471,0.1051107852587238,0.3587936218394327,2.8750715992536398,2.5607906359050654,Laterite,26.890074555633593,16.897426955104578,334.1627253985388,10.961155442362351,1022.1367521016217,0.40433961016403747,1,False
21.170000000000027,79.48000000000025,0.0990752689952475,0.1801779898169071,0.3071541841487059,0.2595449933372357,0.105469441160478,0.2605536861489942,1.8185970269098155,2.4608549190683293,Laterite,0.39005770532208106,4.980174722181799,580.905605813349,24.19966240995726,1048.8072785247452,0.39933315682745835,1,False
21.170000000000027,79.49000000000025,0.0382519298703797,0.0729641030726367,0.4134805339074887,0.2092619015480353,0.1204204983396494,0.7000106587232522,1.9074620059467933,1.7377598021894094,Laterite,2.5652559256340424,11.534047977155126,413.22211603788446,16.13037437605908,1017.090680811135,0.41452435013657407,1,True
21.180000000000028,79.0,0.0796201992661868,0.1174971781088076,0.25377796384824,0.2427705570706467,0.1015143372610122,0.3670614331580872,1.4757207221802873,2.391490339017724,Gondwana_sediment,6.23658765438082,1.345118279347357,452.6177514704641,22.84314624985462,1065.5545806343946,0.372274662526997,0,False
21.180000000000028,79.01,0.0566398356301788,0.1204504142879454,0.05,0.3076493617794739,0.1209828187088454,-0.4133191141888349,2.1266024651227395,2.5429177862483447,Gondwana_sediment,0.7959661162145915,1.8983587364333943,417.1761777957311,21.050133833537547,1067.6944821488748,0.329662280237512,0,False
21.180000000000028,79.02000000000001,0.0691823446880441,0.1052992692621311,0.2474032617683987,0.2695722833815043,0.0717592968800934,0.4029004046292967,1.5220540671863514,3.756618232426186,Gondwana_sediment,5.443063052693919,19.97785224066581,251.75224678668036,8.753832023942707,1092.837745921985,0.4459640014519606,0,False
21.180000000000028,79.03000000000002,0.1065535558782185,0.0933461919504271,0.36951438186713,0.2136507893167152,0.1747350238197444,0.5966552466961527,0.8760495235795676,1.2227130229761196,Gondwana_sediment,17.491246829090766,6.532784988518219,350.3284876031764,15.711295553605982,1007.2625068854785,0.4396103453695157,0,False
21.180000000000028,79.04000000000002,0.0738129720405966,0.1145590155800011,0.1750253980916321,0.3198653782148294,0.1429943240544295,0.2088039950910992,1.5520173793001146,2.2369096123660435,Gondwana_sediment,12.642736517774939,14.963678240976927,239.65844491104957,11.4843336517193,1015.7240926127788,0.32498493776199044,0,False
21.180000000000028,79.05000000000003,0.0693530964446839,0.02,0.2265035031092587,0.0593601239045927,0.0616796196111983,0.8377305004625282,0.288379336993469,0.9623944535088558,Gondwana_sediment,26.780151332309245,16.13330106053633,449.18161767335266,17.520943020340884,1106.0957135365713,0.45588196669700926,0,True
21.180000000000028,79.06000000000003,0.0270443157706018,0.1240427796025043,0.2485866496449066,0.368245131799534,0.1050185044726654,0.3342298279030643,4.586648824692342,3.506478532502186,Gondwana_sediment,24.523306852153226,17.160465420144583,378.74967808017556,12.790153513677573,1048.12809414654,0.477086320974362,0,False
21.180000000000028,79.07000000000004,0.0901076069808159,0.1016271161464777,0.05,0.1048828633576468,0.1634100713781073,-0.340487357568386,1.127841693269361,0.641838427759934,Gondwana_sediment,10.25452055093628,19.95256594804313,511.1939886283747,21.275152627566165,1141.7264895115416,0.42803512347897205,0,False
21.180000000000028,79.08000000000004,0.0869645254342315,0.0875010041288683,0.4351347575437529,0.1801035022659374,0.1192489026807094,0.6651549297656496,1.0061689360269734,1.5103158022102348,Gondwana_sediment,7.782703002938774,4.829929705137356,288.18819239974795,11.662150000361276,1099.2634861007973,0.3713236980507117,0,False
21.180000000000028,79.09000000000005,0.132377641699163,0.1780944878287811,0.1787624320102883,0.2208357725363432,0.1113729269930939,0.001871742270323,1.345351718071678,1.9828496772088235,Gondwana_sediment,11.390772245018008,0.8070165371939941,265.826423371734,10.204571979881012,1118.3381075103655,0.42552772399272487,0,False
21.180000000000028,79.10000000000005,0.0581266529514091,0.0897554310228896,0.3203735432472862,0.2557756236588319,0.1423103661495949,0.5623063149306888,1.5441355438701585,1.7973084491275415,Gondwana_sediment,17.708848275444232,8.22383035989172,362.5328923855071,15.990170919058434,1158.5346160210897,0.40692378259787354,0,False
21.180000000000028,79.11000000000006,0.0738145098299172,0.0797369604373974,0.2620298863851859,0.2935487728018566,0.1630398767589094,0.5333838773106078,1.0802342319024156,1.800472243093548,Gondwana_sediment,8.041909224686288,2.601613396578939,570.6341532873524,22.274963839628484,1072.5144594097164,0.3713564167808236,0,False
21.180000000000028,79.12000000000006,0.0746015105113216,0.1753421320881879,0.3973619056359432,0.1487514366972811,0.0738623771480405,0.3876693001698972,2.3503831310029484,2.013899934438238,Gondwana_sediment,18.72446723547402,0.4485177832411025,484.1687260049647,17.869701821715243,1059.2756647292313,0.4188875776370388,0,False
21.180000000000028,79.13000000000007,0.1143235983929032,0.0622175478060042,0.3131056122428158,0.2407536772238118,0.1730064240608924,0.6684587871884367,0.5442231405081817,1.3915880776769065,Gondwana_sediment,12.282349565737213,7.208536542829722,367.5694499171675,15.53355968724831,1131.5851292799857,0.34415794972849983,0,False
21.180000000000028,79.14000000000007,0.0640211340283903,0.0733153886825368,0.2499075728479106,0.1817251531246145,0.1053053359196295,0.5463478933383393,1.1451747876803842,1.725697481186897,Gondwana_sediment,16.561415425559407,15.67476502150473,406.9088679017242,17.726476347709593,1113.4756781965293,0.34535693319908717,0,False
21.180000000000028,79.15000000000008,0.075130645773109,0.0892589830627642,0.1849484907480805,0.2425598685536163,0.1442436015875083,0.3489675402371728,1.188050255996962,1.6815988072670418,Gondwana_sediment,13.0837958740595,11.323613824501418,233.68520447083932,7.383593631818201,1078.63348450898,0.40545210070956467,0,False
21.180000000000028,79.16000000000008,0.0848768952914949,0.1285893792851801,0.3549850701382229,0.2170659418141456,0.1431889929654227,0.4681713251727252,1.5150104005579046,1.5159401373467911,Gondwana_sediment,8.83397278625753,6.255559784207081,593.8303585504452,25.0,1157.572898347842,0.43297440993481917,0,False
21.180000000000028,79.17000000000009,0.0721182736946894,0.1030921002941306,0.0887558696045478,0.2278054956878052,0.1184266940880093,-0.0747270387572074,1.429486520817446,1.923599212574072,Gondwana_sediment,28.453599208864702,13.086840109854394,466.5629218779676,15.89915946936316,1077.3877845080485,0.421198148042515,0,False
21.180000000000028,79.18000000000009,0.0530069915634828,0.0428949861139075,0.3415890420275992,0.1825052617274924,0.0934170126934622,0.7768698670782558,0.8092326081477738,1.9536619323398552,Gondwana_sediment,22.908173824792826,4.640363606176214,314.161627385369,11.933840890292421,1089.6386818778342,0.5023757751283573,0,True
21.180000000000028,79.1900000000001,0.0721026997869478,0.0731332574749103,0.1679955248445231,0.1849955234932707,0.1301356725953847,0.3934091418609821,1.0142929126035274,1.4215588981992608,Gondwana_sediment,4.203395272993577,0.2876289214417005,434.3233576860977,17.580789497858856,1089.0611325417578,0.4136236265069503,0,False
21.180000000000028,79.2000000000001,0.0983689524957917,0.0699458226715093,0.4040283661956749,0.2405090759819162,0.2255065154537575,0.7048538745372394,0.711055885274331,1.0665282791999076,Gondwana_sediment,26.054039276937385,15.287067728728548,243.7929464275976,8.885592009179375,1041.2703052551215,0.4203849719874103,0,True
21.180000000000028,79.21000000000011,0.0352445410176666,0.0909711581910759,0.2958299542662809,0.2861600854029194,0.0759762484768161,0.5296230786948098,2.5811417968916524,3.766441365074716,Gondwana_sediment,14.62293594748541,12.474861697280183,586.3346675230334,23.300490199690678,1091.8792694743645,0.3606780792721551,0,False
21.180000000000028,79.22000000000011,0.0699090902244047,0.1109137463451908,0.3450123767850227,0.1779204466061467,0.2284956509552414,0.5134573750265832,1.5865425487659608,0.7786601004634981,Gondwana_sediment,26.83656680682274,15.2460524900192,269.9139951533464,14.988565429338994,1157.8380088699696,0.47258613650206543,0,False
21.180000000000028,79.23000000000012,0.0447963755518231,0.1104282302355164,0.2896988813824842,0.1586862718798922,0.1307139414461709,0.4480342518587271,2.4651152828481586,1.2139965332147895,Laterite,23.995657678419455,0.7787603337533122,459.21212722208566,17.432070456175772,1110.2484157688539,0.3900236126577863,0,False
21.180000000000028,79.24000000000012,0.1015313988677435,0.0224795298380613,0.107162290485913,0.2621422115970243,0.1452885708544294,0.6532055811227366,0.2214047089531692,1.8042865304198408,Laterite,12.756405134077003,16.742392556613044,298.1817850155722,17.306684487259336,1089.5531713199916,0.4121534808740515,0,False
21.180000000000028,79.25000000000013,0.019864392856485,0.1358976395024316,0.1972270836604793,0.2166247274859573,0.0890044594307609,0.1841035500377584,5.0,2.433863748266336,Laterite,0.674079249603522,12.390524000726067,487.0245530594143,21.166943270271034,1079.9116359417615,0.39952443222470246,1,False
21.180000000000028,79.26000000000013,0.0486723445818505,0.1032627538398622,0.3514389337611519,0.2767348693790121,0.1045965291661232,0.5457999973038943,2.1215898784996883,2.6457366350552625,Laterite,8.060320781548382,11.267907014252803,510.72854689611245,21.464466395295332,1104.5433514203626,0.46585246852833756,1,False
21.180000000000028,79.27000000000014,0.0766363562519337,0.1483612819037534,0.3017655817359985,0.1548941950640149,0.1178345174980962,0.3408023652659359,1.935912522020756,1.3145061245323713,Laterite,16.249026439826007,12.492280962290632,469.3678915645731,20.509476188632544,1125.4883314245042,0.35655929656543905,0,False
21.180000000000028,79.28000000000014,0.1121657208770282,0.1105679330916239,0.4040989905305818,0.0934392752203549,0.0905152514561014,0.5703320806320026,0.9857551142052436,1.03230420966616,Laterite,19.00434659478442,17.288664937367283,445.799784102077,23.63484650275711,1118.4619415445327,0.3052612963484478,0,False
21.180000000000028,79.29000000000015,0.0631074921678083,0.1366729183094275,0.3272274563037322,0.1803897142721515,0.1321741021314534,0.4107660790576617,2.16571619942416,1.3647886479021931,Laterite,7.736630562996068,11.73873013117814,556.9876375808046,21.22063222467063,1071.4067569089461,0.3911058989864586,1,False
21.180000000000028,79.30000000000015,0.0483040141992019,0.1111018124580019,0.1911298109297495,0.1637553173514437,0.1220892054096583,0.2647902874895247,2.3000534028046085,1.341275968402376,Laterite,4.180682222184724,11.619007597763586,231.4506843959032,7.402942678623189,1104.2390797055507,0.4375162177348377,1,False
21.180000000000028,79.31000000000016,0.1212747120832155,0.1461090302481067,0.2090935862279525,0.2115848119943736,0.2347990571217834,0.1773200788524005,1.2047773820099674,0.9011314376552952,Laterite,25.047907103978975,19.813583141315316,332.3659063120781,12.33884703652608,1111.996987057459,0.4246123389369221,0,False
21.180000000000028,79.32000000000016,0.0212795829875104,0.1468610330729202,0.2998917390523401,0.2066650020012806,0.0837812907159736,0.3425400254757887,5.0,2.466720194789338,Laterite,29.532065421106562,15.13460334137136,299.3149918523384,12.535744287776556,1037.6402506236961,0.4507253058545816,1,False
21.180000000000028,79.33000000000017,0.01,0.0879833901422804,0.0590955934000063,0.2683711865935458,0.1470345258374259,-0.1964100922299858,5.0,1.8252256392335875,Laterite,15.770705469080575,8.845876109022706,595.2055848261687,21.348690451465217,1096.4115270592297,0.43302295635619453,1,False
21.180000000000028,79.34000000000017,0.0776804335015976,0.1826173888178718,0.4587441885623158,0.196029481630418,0.1541123140950877,0.4305321825315827,2.3508801425397285,1.2719910323471504,Laterite,5.150378575449105,14.147940000658554,355.7559118667494,14.867841473085107,979.9348056849269,0.3392831355388546,1,False
21.180000000000028,79.35000000000018,0.0492983732694192,0.1271014848911921,0.3364746736377735,0.2264332149141671,0.0880239725674045,0.4516478788853296,2.578208492575448,2.572403949202986,Laterite,8.169219795581068,7.78460943383577,493.0450796961595,23.93063925416732,1112.1266854911044,0.3007764993521801,1,False
21.180000000000028,79.36000000000018,0.0336030154860761,0.1143097768401728,0.4159034597049055,0.22663441909086,0.1757013747726382,0.5688158311042274,3.4017713840997814,1.28988415289944,Laterite,0.551720296424002,4.57750924966998,473.89006555240184,20.0482341792663,1121.017152728179,0.4085158205633062,1,False
21.180000000000028,79.37000000000019,0.0853706934189781,0.0401278233384628,0.1360396059191018,0.2289468564688468,0.1212636493559148,0.5444353870088445,0.470042138401304,1.888008958134482,Laterite,27.42896419681497,11.937037537755188,284.8324949909511,11.282649706672407,1125.3773062893679,0.4734144399714028,0,False
21.180000000000028,79.3800000000002,0.0713140214131334,0.0394676953014546,0.4194565160355447,0.2133109622681454,0.03,0.8279990710105616,0.5534352777200507,5.0,Laterite,3.532532486704234,18.56364196227903,295.5990720846205,11.0803071061586,1068.2476573915667,0.38099048238848177,1,True
21.180000000000028,79.3900000000002,0.0469576410778955,0.1025286192856702,0.5,0.2504420483287154,0.1738124806052243,0.6596722013297659,2.183427802458138,1.440874943574681,Laterite,17.295494265427607,18.582790400309253,312.51382542121365,14.818432801653698,1103.4523417512466,0.41521064134060576,0,False
21.180000000000028,79.4000000000002,0.0253508680398704,0.0964608479107256,0.1647121644622883,0.1587041406321867,0.0847929557948777,0.2613260685141229,3.8050313456136498,1.8716665666065524,Laterite,8.22165662061618,6.838105562109806,364.4509113037517,13.533789091180225,1159.1976922771034,0.45576714731924917,1,False
21.180000000000028,79.41000000000021,0.0898137198484016,0.0856636266195622,0.3748401794903972,0.3744711058389179,0.0880712526930409,0.6279569223342956,0.9537922120225772,4.251910742304182,Laterite,16.6253400754738,10.553549324433899,293.7300262602107,15.93154293537394,1158.688482414608,0.3837435621929871,0,False
21.180000000000028,79.42000000000021,0.083026035338757,0.0959193079844782,0.2987109944687503,0.1972423831641955,0.1746751041446157,0.513877634769112,1.1552919211134889,1.1291957375217965,Laterite,19.542611650555926,4.232717971397224,207.86059309873912,12.527577541209512,1086.541365038717,0.43861480672145975,0,False
21.180000000000028,79.43000000000022,0.0604247240866156,0.1536450771217395,0.145056615175197,0.1216915603470851,0.1227419258790732,-0.0287526390547849,2.5427518154195003,0.99144248696108,Laterite,24.892254111216047,19.912622189977668,551.7572227228782,23.5033858774435,1094.965981536523,0.49246833257628136,0,False
21.180000000000028,79.44000000000023,0.118679109881427,0.1177360989820075,0.3496883971852089,0.2263651349894168,0.1858086075275706,0.4962347931174732,0.9920541112958544,1.2182704444087784,Laterite,6.1926381528180965,19.622358157358715,586.2439325523536,24.40380034686144,1143.5455572367666,0.42018891636911715,0,False
21.180000000000028,79.45000000000023,0.0310574570102124,0.0573295574928518,0.3846603204837573,0.1839808394744022,0.2002483047682614,0.7405842966706355,1.845919235738088,0.9187635300855048,Laterite,0.32987485975441433,12.990178594148947,336.62815481262714,16.087492733675916,1012.9598992369363,0.323406741122236,1,True
21.180000000000028,79.46000000000024,0.0172742448722547,0.110629540988561,0.2420873447331381,0.3110081008987363,0.1073135769838805,0.372700624860444,5.0,2.898124443803044,Laterite,4.106568902064218,16.088281193549467,335.4027517701892,16.164711661545866,1071.8462128661938,0.398612278473724,1,False
21.180000000000028,79.47000000000024,0.0421627579035595,0.0571813407658929,0.4196916520255456,0.3669723903229587,0.1790431247977468,0.7601820959950634,1.356204941836713,2.049631285940412,Laterite,27.000559255443154,14.302003225674,202.8367251097484,6.839546750787353,1154.778522776883,0.3218227406108876,0,True
21.180000000000028,79.48000000000025,0.0614324195093319,0.0957996043467486,0.137323659321104,0.188327944309131,0.1014269599303511,0.1781205972463801,1.5594307526216369,1.8567838792839253,Laterite,26.216702326875456,11.863164380789364,472.10027533214964,18.61773453923283,1136.7600270842834,0.44313017335543703,0,False
21.180000000000028,79.49000000000025,0.0699801834796775,0.0724753733748094,0.1554243853550598,0.2349660633256708,0.250675795856604,0.363971477662568,1.0356556623246205,0.9373304767180124,Laterite,17.922393065109247,1.066959939777954,530.1759582994515,19.44597005977722,1106.4631888825402,0.4375374147133815,0,False
21.19000000000003,79.0,0.0612429182643098,0.0786141766958394,0.275059739558877,0.1033146087906754,0.1130721497734389,0.5554426090783945,1.2836451755645415,0.9137051776791631,Gondwana_sediment,18.0155058130096,9.09528685105322,258.6433201440013,11.594934882668168,1028.7083797335165,0.4695474570923468,0,False
21.19000000000003,79.01,0.0789216618954286,0.0473345851210637,0.2648385277972294,0.2576733660608936,0.1988443720479997,0.6967414348186356,0.5997667044037356,1.2958544578224591,Gondwana_sediment,19.951100236387664,13.49572604334821,263.8665397468603,12.327694923032961,1101.5044883479893,0.4033644435021647,0,False
21.19000000000003,79.02000000000001,0.0306938172742863,0.0922538127392718,0.1915426511575921,0.1636000340140208,0.1895495012940782,0.3498593217828727,3.005615483219669,0.8630992580344073,Gondwana_sediment,5.261138358703487,13.550632277673692,516.0332999885751,18.80153622380142,1074.5042301875508,0.42336335322765506,0,False
21.19000000000003,79.03000000000002,0.1114329381221973,0.0747556945261069,0.3450594435971917,0.1815615767095851,0.162984391105446,0.6438637496852503,0.6708581476784186,1.1139813780125858,Gondwana_sediment,27.432358377748795,7.462452368447671,446.5162993416578,17.694447996270092,1120.5519451409082,0.3771425743085455,0,False
21.19000000000003,79.04000000000002,0.0655354646482224,0.02,0.3180894314215985,0.1479099457112108,0.1134728419291651,0.8816881086167738,0.3051782737306744,1.3034832217667958,Gondwana_sediment,12.563115746762193,18.833839733160612,217.9442230510868,6.386501458632585,1063.5326657603034,0.3810033936338598,0,True
21.19000000000003,79.05000000000003,0.1013988749476432,0.1789388809800657,0.3517139070934056,0.2759505858238301,0.1392501254029287,0.3255895944842552,1.764702822353695,1.9816900331484892,Gondwana_sediment,11.494155847484924,3.34714064473562,449.0187961849127,16.911516887217022,1052.7138302513172,0.3185084145111341,0,False
21.19000000000003,79.06000000000003,0.0780417603913305,0.1401907861686659,0.2544863564647778,0.2949113050231268,0.0389605943527714,0.2895925756037625,1.7963560187015448,5.0,Gondwana_sediment,15.567531158485126,10.007188924311212,323.5670891375064,14.5839961678487,1000.7567361158655,0.36554429497928775,0,False
21.19000000000003,79.07000000000004,0.0813425965746128,0.0814079710029991,0.3279580267978391,0.2257369650260938,0.1576810019191115,0.6022729221750418,1.0008036911908262,1.431605343291348,Gondwana_sediment,1.4089790032516514,13.817679531016456,347.49006218833836,13.011788457824206,1165.0902342488826,0.4216433801674027,0,False
21.19000000000003,79.08000000000004,0.0846130184069653,0.0970327619896228,0.224034969697006,0.1632901306264978,0.1637607665514181,0.3955620423163069,1.1467828911178135,0.99712607583279,Gondwana_sediment,4.988501062682382,13.942716117836184,507.89256731875207,20.560538392883405,1084.0114744278947,0.42146429121490525,0,False
21.19000000000003,79.09000000000005,0.0808312568005186,0.0640039739394852,0.4748818690086654,0.4017199350327221,0.1527749709530673,0.762458135372592,0.7918220796474412,2.62948788184147,Gondwana_sediment,22.141008492791112,12.97277913537631,524.3740770690442,18.59429642198221,1111.8572891851743,0.38576663942780837,0,True
21.19000000000003,79.10000000000005,0.0865616827960254,0.1637489151124333,0.1891454229878078,0.1706712910571719,0.03,0.0719663228514702,1.891702074567129,5.0,Gondwana_sediment,2.483960037753794,5.505764269037203,360.14265073593225,15.379924200113173,1103.8880941763384,0.4181253028648815,0,False
21.19000000000003,79.11000000000006,0.107034575903972,0.1716315477909231,0.4818297429458381,0.0715577390050769,0.082458177745508,0.4747001842415246,1.6035149967292242,0.8678064550388935,Gondwana_sediment,18.094563283991647,3.1241313737324394,578.8611744025419,24.030668960416612,1050.6283033520226,0.37731661097662517,0,False
21.19000000000003,79.12000000000006,0.0729356350910431,0.1018277491298595,0.2756887947089482,0.2546872306969923,0.1081554508575654,0.4605388780187341,1.3961316558516037,2.354825655499494,Gondwana_sediment,7.360473290439629,12.718806536534217,362.58508718082885,13.649793465801544,1041.0467544276378,0.3738175634953884,0,False
21.19000000000003,79.13000000000007,0.0881901127276543,0.1363212257674122,0.1355489110431335,0.1449657728450912,0.1599629466594507,-0.0028407486495394,1.545765408349326,0.9062459512144896,Gondwana_sediment,11.678868421259295,11.986042322788755,508.73441409204395,20.819238658470216,1053.7342437001857,0.3991684576857212,0,False
21.19000000000003,79.14000000000007,0.0641079291713821,0.1022114711573553,0.4108079350488683,0.2912026155449395,0.1596669452821476,0.6015298058867395,1.5943655070291394,1.8238127800840291,Gondwana_sediment,8.660812103120996,3.5871202057848195,393.55090582570364,16.75854417041121,1067.8415780585779,0.40246673888781714,0,False
21.19000000000003,79.15000000000008,0.109883516463483,0.0540162771784493,0.2874901388395046,0.2340244334794293,0.1365088104014393,0.6836587854338144,0.4915776166231677,1.7143540597840152,Gondwana_sediment,10.670181493948474,14.102782911411268,559.0129306088336,21.662469144216043,1122.3303123507378,0.4589325690841086,0,False
21.19000000000003,79.16000000000008,0.0462682309382206,0.0783670652414518,0.3609124098380329,0.2636599268380907,0.176602276830196,0.6432017896605257,1.69375537994343,1.4929588192246537,Gondwana_sediment,21.571377155527365,9.103439834673129,563.1044974600715,20.510162306166084,1064.2141168240169,0.3930481421025146,0,False
21.19000000000003,79.17000000000009,0.1204682129873231,0.1299182542721392,0.3990855918542689,0.3830460291103774,0.093347881234853,0.5088192448924631,1.0784442712532485,4.103424990829015,Gondwana_sediment,8.913651468695251,13.355211832063059,234.96672314843354,13.401428996558362,1191.3245315797785,0.42925243188626677,0,False
21.19000000000003,79.18000000000009,0.0651152614806683,0.0762980912502602,0.3113955554145126,0.136179879476546,0.1749917502846978,0.6064000948328517,1.1717389963294238,0.778207425076733,Gondwana_sediment,16.992139208906917,16.747341595403014,574.5973325240902,22.675010112416548,1155.3575517947052,0.42421870966865305,0,False
21.19000000000003,79.1900000000001,0.0232767469364571,0.0855538689025964,0.219275915518729,0.1808844008375281,0.1680371052419924,0.4386777585599662,3.675507955153608,1.0764551107291962,Gondwana_sediment,14.28151206597299,3.3945685715384633,530.2139366081663,21.898727152299816,1144.4179774833328,0.39342353571420013,0,False
21.19000000000003,79.2000000000001,0.0699231324473222,0.0904640176996332,0.376971337766936,0.2149030249140019,0.1629977366418933,0.6129346371757285,1.293763800390514,1.3184417723192103,Gondwana_sediment,19.910134960879443,0.3828973599367336,516.5242857250668,23.543524708585075,1098.01705487639,0.39376084090031266,0,False
21.19000000000003,79.21000000000011,0.045528450275752,0.0907048600853792,0.280375550745471,0.3275285923324003,0.1348379784457149,0.5111309707357102,1.9922676773925008,2.4290529705720583,Gondwana_sediment,28.10489217974274,15.582051727915736,280.36453587420897,18.739966036566344,1179.7140367860718,0.5439506994484384,0,False
21.19000000000003,79.22000000000011,0.0910593064696601,0.0958503396198969,0.3497857818608538,0.1735132097441648,0.2352971912415607,0.5698268832881018,1.0526144249360354,0.7374215083268487,Laterite,21.97716291630751,12.193948503052319,522.047683501866,19.26301391280002,1093.0997184439914,0.36427845638170336,0,False
21.19000000000003,79.23000000000012,0.0461412806209266,0.0665025365473735,0.0667269426208662,0.2132216895402784,0.1682397844244914,0.001684357506501,1.4412806820338735,1.2673678235081118,Laterite,6.448211357722703,13.992791392442435,540.0530938740147,23.40186667220363,1102.4369292923352,0.3994810317906602,1,False
21.19000000000003,79.24000000000012,0.0522144970035549,0.06471935403488,0.3276981717009981,0.2524698402889023,0.0949832068373194,0.6701505420940462,1.2394901344453193,2.658047126746416,Laterite,0.9354940518385402,16.76309949977285,315.66013378166036,11.737401003647635,1112.498726987511,0.39781258945683207,1,False
21.19000000000003,79.25000000000013,0.01,0.0543876181835981,0.2200414174855102,0.2139527870403067,0.1556352737867965,0.6036307303913911,5.0,1.3747062712526736,Laterite,7.867921328994752,16.05621869649001,580.9040313449295,23.126754030218642,1139.0911520272148,0.4148006013979856,1,False
21.19000000000003,79.26000000000013,0.0517908104225258,0.1321526219874452,0.4501309637178668,0.2290768118028285,0.1806641688537081,0.5460884515414425,2.5516615911999847,1.2679703625212215,Laterite,17.852337921007646,19.218402938576492,219.9440585596657,7.723911731305824,1135.845403950197,0.4093800610374041,0,False
21.19000000000003,79.27000000000014,0.01,0.026,0.3480087347889237,0.1313908566386716,0.1134545700537816,0.8609658137651693,2.5999999740000006,1.1580922342800144,Laterite,1.5427744045275105,10.718701577042363,259.9637012988559,8.58051095185116,1080.2437360778174,0.41905340609023156,1,True
21.19000000000003,79.28000000000014,0.0176029152954263,0.1804706978524763,0.3105857745849443,0.4473637151747482,0.197143612346552,0.2649696806970662,5.0,2.269227542414208,Laterite,14.89098741603709,9.769912653198107,415.0324552206057,17.21043624395591,1077.3503140287498,0.3184976126911915,1,False
21.19000000000003,79.29000000000015,0.0878124396843269,0.1479539758905107,0.3361309993350372,0.1231603538783367,0.1616016852857975,0.3887272545857825,1.6848862900734265,0.7621229542520648,Laterite,17.905285467506676,8.037743997814601,430.3169884489239,14.980869144608691,1135.9951478576518,0.47785675407321965,0,False
21.19000000000003,79.30000000000015,0.0884540047595228,0.080232776520692,0.1885559147123437,0.1946773107206802,0.03,0.4030048200853684,0.9070564599998916,5.0,Laterite,10.027316724508825,3.073820856884091,458.06003332036136,20.979449854705464,1139.7618291946092,0.4590398259300883,0,False
21.19000000000003,79.31000000000016,0.0775237268535468,0.026,0.4516256690528215,0.2575515929892576,0.1571235988668931,0.891128129289546,0.3353811925938433,1.639165565724633,Laterite,23.12736611237466,11.45214465764045,206.7876517261866,8.726158027324525,1084.332443758904,0.34448108710643227,0,True
21.19000000000003,79.32000000000016,0.0356307157061214,0.077507577521305,0.4893370418417069,0.3504881694049701,0.1216585422793609,0.7265297229257281,2.175302285338572,2.880917053173815,Laterite,3.1979475940131543,5.540250486519575,584.1467098488521,25.0,1024.6405965161248,0.2707863600459267,0,True
21.19000000000003,79.33000000000017,0.0630886593157383,0.0892126335484438,0.3303913510548386,0.1235607953347025,0.1686389907270834,0.5747769952111899,1.414083519520602,0.7326941102333652,Laterite,2.254133452074263,18.42615024425951,217.8352370936576,8.144090988343287,1093.6341951996353,0.36125921589279314,0,False
21.19000000000003,79.34000000000017,0.0642919238272806,0.0511760712028399,0.4510403568573813,0.3548592894835068,0.1888107420125872,0.7961991349414267,0.7959953300001454,1.8794443870778568,Laterite,21.8456626861081,11.663816085541951,257.22478108936093,9.98329134363321,1135.1762899413404,0.4135577856566466,0,True
21.19000000000003,79.35000000000018,0.0295290593242213,0.0920546435219667,0.2359851801327645,0.3224428529725627,0.1511781023570873,0.4387593401416157,3.1174255230919585,2.1328674439744986,Laterite,14.864739486185954,11.856803610162203,205.60580701042278,9.14203643576894,1194.2708423210365,0.5768661608049275,1,False
21.19000000000003,79.36000000000018,0.109261949053012,0.1524478079545304,0.2140886433775203,0.2445966727096211,0.2245026116972311,0.1681710923488246,1.395250671769,1.0895047979688486,Laterite,20.65207189283208,7.0984932175402005,426.74337331763786,15.45287262342326,1044.1021018830145,0.41870113645484414,0,False
21.19000000000003,79.37000000000019,0.0903608687172676,0.1176570864920658,0.2987924748729111,0.1461756419087368,0.1321246557718214,0.4349515647072629,1.3020800710758775,1.1063464343138705,Laterite,13.044820158112387,1.0397870395541498,572.9067535683889,23.155133863189533,1082.671437358519,0.31562230655037166,0,False
21.19000000000003,79.3800000000002,0.0572910747851075,0.0700666660523338,0.3390941038368091,0.3057358643311905,0.1721208911526899,0.6575103419411737,1.2229944401086323,1.7762856217281666,Laterite,7.392060997173204,0.6348753074597724,466.3788664321857,17.71322574025083,1084.5298219237786,0.37221590797636983,1,False
21.19000000000003,79.3900000000002,0.0646065751698332,0.0267960332161787,0.2571013318757077,0.1638559364306074,0.1809471286818634,0.8112273197881402,0.4147570600091944,0.905545932304569,Laterite,24.573069530225993,8.46670288306395,529.062987392171,20.263153520158426,1171.7902669716225,0.4367607283007092,0,True
21.19000000000003,79.4000000000002,0.0699314842384238,0.0774393072956051,0.3511768190368686,0.3028662877238821,0.1356527015553593,0.6386542522785582,1.1073596968262274,2.232659460726019,Laterite,23.982476369069378,1.691307561944757,205.31248138343204,4.3350102430583854,1102.252924977116,0.42602902458132336,0,False
21.19000000000003,79.41000000000021,0.01,0.0818017288259783,0.3289389482073621,0.1459256579624517,0.1792787153988849,0.6016867409047839,5.0,0.8139597472928088,Laterite,20.840894125632804,12.136939110802782,416.80611939189043,20.045574820288763,1058.6336720314343,0.3312501839962667,0,False
21.19000000000003,79.42000000000021,0.0560246785243792,0.1100079674945284,0.1993693224709156,0.205678905388067,0.1104263506418873,0.2888426456818602,1.9635626690888004,1.8625889926293488,Laterite,8.164354116898881,17.61946011279315,383.8251910022087,14.619638785451158,1131.9347641461384,0.41772602515594887,1,False
21.19000000000003,79.43000000000022,0.0428604725600631,0.0685673314972893,0.3519793017451937,0.1744308838390708,0.1188515790489347,0.6739133018266265,1.5997801060458083,1.4676362324179872,Laterite,17.706920006072615,17.658296330374444,399.5871776883172,18.976217847340315,1083.768073998,0.370531070868723,0,False
21.19000000000003,79.44000000000023,0.0331513997031496,0.11025998301447,0.3873528242521741,0.143873392630103,0.0741755654831799,0.5568442715614036,3.325952559143359,1.9396332403932184,Laterite,10.829216908200804,13.180908202644648,228.8852741340752,11.674471065041718,1042.7806363321497,0.3358548104944403,1,False
21.19000000000003,79.45000000000023,0.0546469912134183,0.1670261616024046,0.3190469317590615,0.2645923871835465,0.1516904558184978,0.312752901161579,3.056456679279103,1.7442915942299626,Laterite,2.7474621997990245,4.224636629458621,473.774144427723,17.168589938122135,1059.36133463624,0.41024028282353764,1,False
21.19000000000003,79.46000000000024,0.1168905958054826,0.1220600408977659,0.4180648103261922,0.2498821123186667,0.1557025837927126,0.5480302724506326,1.0442246440121097,1.604868115039432,Laterite,27.519407263867283,17.259936627177442,401.2881659434538,14.543517776298216,1190.7020977211785,0.485207145317583,0,False
21.19000000000003,79.47000000000024,0.0820652858380071,0.0873364597067644,0.1819596206503282,0.296730713923062,0.1982231579289567,0.3513722174602547,1.0642314677699305,1.4969528125453186,Laterite,4.104558927568842,17.721868706264164,506.05953994450556,25.0,1123.2104610825206,0.46325598675402624,0,False
21.19000000000003,79.48000000000025,0.0455846303065129,0.0817539811578634,0.351395042213209,0.0872087424254203,0.1786370002177894,0.6225133763307522,1.793454952443419,0.4881896934581234,Laterite,28.50712061462407,3.933071699059174,394.1162536246861,19.92336245154954,1109.3880027726748,0.44473981859644685,0,False
21.19000000000003,79.49000000000025,0.0797774834406815,0.0746330746328002,0.1884719293603468,0.2859919491638649,0.1246602221676234,0.4326746088312488,0.9355155279464548,2.294171660867817,Laterite,13.380173188738672,14.748521715413546,259.7526544905728,10.759990243784326,1091.5053132094451,0.38444601579652876,0,False
21.20000000000003,79.0,0.1103806630975798,0.1448256364980854,0.1505918641766931,0.4,0.0886910156332857,0.0195189102320778,1.3120562270843543,4.510039677557553,Gondwana_sediment,5.553987865158589,5.730390978542459,459.3027816311288,19.65236211413173,1134.60744210599,0.4612052788629215,0,False
21.20000000000003,79.01,0.0960190104873827,0.0940257008105316,0.1998069166262233,0.2329021485091355,0.1690625201259982,0.3600050147681772,0.9792404674380908,1.377609586073827,Gondwana_sediment,16.257028421350743,16.052806247058594,268.9545448420665,9.944746562525062,1134.0117973001747,0.44070714589277993,0,False
21.20000000000003,79.02000000000001,0.0699489110976048,0.0990489083599987,0.1695939816425783,0.3580604028476269,0.2027776586207315,0.2625979539441488,1.4160178716747536,1.765778365854165,Gondwana_sediment,26.18837507629225,19.944757998072053,548.957825341926,23.737948150980927,1134.6084414104164,0.4321752596765068,0,False
21.20000000000003,79.03000000000002,0.0486318966688323,0.0991079160752427,0.2099004181258895,0.206678710955811,0.1848192486901965,0.3585421160281007,2.037920020811525,1.1182748134120435,Gondwana_sediment,21.966746592286835,0.6005201065878563,445.2464956276966,17.117573516375753,1125.7422545139377,0.3915686893576367,0,False
21.20000000000003,79.04000000000002,0.0888666994084072,0.0768086322875379,0.2441849689288848,0.1287313183707072,0.2011038762428636,0.5214320034882997,0.8643128721155164,0.6401235058802754,Gondwana_sediment,24.196834435843492,17.947317315818637,262.8815534227817,6.888690530685801,1163.4399169153276,0.41144616247617144,0,False
21.20000000000003,79.05000000000003,0.0796045615626519,0.0418013780846351,0.3502154486331426,0.2031057290315229,0.136105523440087,0.7867368170190011,0.5251128479518666,1.4922666159959508,Gondwana_sediment,19.763501001321522,12.452610671973162,584.9352229924827,21.729189384998016,1121.1552173000866,0.4241275532937602,0,True
21.20000000000003,79.06000000000003,0.0945357966008313,0.1094389801447058,0.2352840961294343,0.2975742777372677,0.1231890515912167,0.3650614786465424,1.1576459284628149,2.4155902951762425,Gondwana_sediment,20.768296935535574,19.467652383296425,407.3461853341282,17.01494321795652,1071.103058222418,0.5236573701826818,0,False
21.20000000000003,79.07000000000004,0.0866151540504584,0.1220697934635187,0.1097374293230458,0.1982731754841493,0.109494932388409,-0.0532009485593457,1.4093352908138037,1.8107977326269251,Gondwana_sediment,25.47586954695958,9.300190350528553,229.159380748662,7.286173060189075,1089.3788554550067,0.423579194800197,0,False
21.20000000000003,79.08000000000004,0.0989265814595793,0.1161696187774616,0.3832067846495215,0.181576293869544,0.1433651766693191,0.5347412572681377,1.1743013550660053,1.2665299758372168,Gondwana_sediment,7.490040265775578,16.947758611427474,450.7331617660269,18.64599347709072,1021.0490653255645,0.35233397438457237,0,False
21.20000000000003,79.09000000000005,0.0512629436531821,0.0746359877424321,0.186390986638502,0.2648477602605213,0.1420504602015578,0.428135824346509,1.4559442411615129,1.8644625275995448,Gondwana_sediment,14.682748909294215,1.2478813719655446,301.2795628051241,10.403993038014445,1221.3408558021697,0.4163833486773415,0,False
21.20000000000003,79.10000000000005,0.1067218219690289,0.1446328519525206,0.2651279572895436,0.2232142081716979,0.1561338814269545,0.2940620542274331,1.3552322210069692,1.4296333761046145,Gondwana_sediment,6.636283254588067,6.705581001565914,521.4773807509209,20.163516352951053,1163.1377295976843,0.41158831796632145,0,False
21.20000000000003,79.11000000000006,0.073007988140771,0.0605490487515248,0.316553650694078,0.2636236066740695,0.1391551271482232,0.6788723662043015,0.8293482701076732,1.894458449984534,Gondwana_sediment,29.63004023989941,1.3403307550241994,527.1288294264763,23.67003183892956,1078.496475243588,0.5133008505937988,0,False
21.20000000000003,79.12000000000006,0.1292178261787569,0.1639216113607142,0.2927610418402857,0.239048067853081,0.1387586135136599,0.2821202634877688,1.2685680922003133,1.7227620082646038,Gondwana_sediment,28.321780190598396,19.50686266958141,591.5789423418647,25.0,1105.907757530195,0.39475257677652503,0,False
21.20000000000003,79.13000000000007,0.0461643654573119,0.0253545396068679,0.3831179547521554,0.2556737723686075,0.1064252973513912,0.8758568079819071,0.549223178977537,2.4023778038805497,Gondwana_sediment,1.182804341055177,16.339478145436736,400.7478124098015,16.67849667444837,1088.1561762897284,0.45340209283916244,0,True
21.20000000000003,79.14000000000007,0.1187989140949563,0.112470802582274,0.3225003143392842,0.1915389169933293,0.1921609506775728,0.4828585244812948,0.9467325803811848,0.9967629542749112,Gondwana_sediment,21.167255175470654,17.05094842491941,381.98275189109484,17.673875941603587,1197.1273605687559,0.4301263479397156,0,False
21.20000000000003,79.15000000000008,0.0725373235038782,0.1139172273010631,0.1893690420302979,0.2377211659421245,0.1487259031121838,0.2487808461316143,1.570463612955421,1.5983844159478608,Gondwana_sediment,27.757449522469976,18.759304628677885,501.39024217859225,21.85247727746937,1049.0061417865036,0.4064365302339203,0,False
21.20000000000003,79.16000000000008,0.0469374598915653,0.0628977172823628,0.4942562173991754,0.1562838896012815,0.135997803285734,0.774217811610627,1.3400324025557753,1.1491648078903858,Gondwana_sediment,5.417260353820006,1.702069722395707,252.98826253677063,13.43430418820151,1125.723802940989,0.461733689803307,0,True
21.20000000000003,79.17000000000009,0.051843424978369,0.1115157575144385,0.296733346333833,0.3110903535752339,0.1071685373375378,0.4536876799682161,2.1510106121627937,2.902814212208038,Gondwana_sediment,17.038356916578884,7.711951850266667,418.76620551724966,16.528873371921787,1114.5736078718076,0.3893699604614316,0,False
21.20000000000003,79.18000000000009,0.056629580754169,0.1455407467904043,0.2634659773378595,0.1762007698227846,0.0777643444804436,0.2883210068733294,2.5700481019839594,2.265829806364702,Gondwana_sediment,27.464648927641257,1.4206977808800425,418.4990400523404,16.578190045125833,1161.3419315355056,0.40344764161817614,0,False
21.20000000000003,79.1900000000001,0.078844978392056,0.02,0.3754925423055677,0.2993193241284537,0.209578209627465,0.8988602923921103,0.2536623179117878,1.4281986878201116,Gondwana_sediment,1.0183793575739652,4.215862031000572,235.78924912415488,7.2223335140570954,1114.7995386138152,0.5009933117029473,0,True
21.20000000000003,79.2000000000001,0.0816850646410635,0.1141097922996303,0.3049450945930183,0.2036475127311957,0.1717319354065881,0.4553945275830554,1.3969480548414963,1.1858453241702571,Laterite,20.922608017405196,4.587315540753448,367.19363420276545,14.441773323703721,1032.0895561672783,0.43626322830751924,0,False
21.20000000000003,79.21000000000011,0.048668999881841,0.02,0.3208228192939442,0.2338399307530086,0.0626241078714993,0.8826369661188515,0.4109392016984571,3.734024137468448,Laterite,8.920470221176522,9.382144220951574,541.3139194268808,24.484286431391595,1107.444108267928,0.4548251565350094,1,True
21.20000000000003,79.22000000000011,0.0650293622321689,0.07151743021679,0.5,0.2217029777251763,0.1817971150354804,0.7497279121403236,1.0997713594588274,1.2195076778856302,Laterite,27.73188586129591,5.371243349072852,542.4614487978641,25.0,1071.3918891028839,0.4411357730697271,0,True
21.20000000000003,79.23000000000012,0.1299081107583542,0.1586266545960353,0.2551878571745077,0.1479803198182337,0.1895840585116529,0.2333441670326932,1.2210681346062713,0.7805525469910898,Laterite,29.131747354961032,2.019562136355222,239.6950659678724,11.907904751501354,1123.978977327878,0.4444708909135075,0,False
21.20000000000003,79.24000000000012,0.1173462951030196,0.0700087186643152,0.2518239105982733,0.0966667728676245,0.1494988061150438,0.5649370988083322,0.5965993092768196,0.6466056506737318,Laterite,28.32799467340302,3.349821781882154,236.28835309913234,6.256964312698308,1191.7088518260664,0.5477796100935282,0,False
21.20000000000003,79.25000000000013,0.0784897100902191,0.0461448014236384,0.2961578512012598,0.1446273088985233,0.2230055447875852,0.7303859546147072,0.5879089285946766,0.6485368288552129,Laterite,14.226426499723914,2.9455112710418185,305.0781908007741,14.877881708687058,1033.028737788436,0.38958119176452133,0,True
21.20000000000003,79.26000000000013,0.0664201043450441,0.1105032380927929,0.3925515935581177,0.234631656329857,0.1537559821061413,0.5606711985722105,1.6637016610569029,1.5260001787461202,Laterite,25.861279529679404,19.461535958245967,549.9064250215974,19.235730462689084,1079.988863230055,0.43385894207131653,0,False
21.20000000000003,79.27000000000014,0.0687609398015459,0.1754562535265392,0.1356465969809743,0.2327315425180171,0.0718988236025376,-0.1279630079500256,2.5516849213777912,3.2369311559377154,Laterite,25.33648195605211,15.185850138369473,251.5610340293996,12.277944399469678,1092.365352310875,0.3370913606868775,1,False
21.20000000000003,79.28000000000014,0.0834455391819105,0.02,0.0906444108523642,0.2883265519298235,0.1608184500524131,0.6384815124803619,0.239677281399458,1.7928698582567275,Laterite,9.573014197297669,19.35522930539124,487.9987210509785,19.597710990648658,1100.9184452293894,0.371596382631459,1,False
21.20000000000003,79.29000000000015,0.0342362230440458,0.0503276035344231,0.2293884729380004,0.1860969778142155,0.1546248650856334,0.6401522272074881,1.4700103841090866,1.2035384968051452,Laterite,24.86746422452032,8.794809730158171,240.4662478452413,11.424493621419431,1157.0062832053122,0.37383640621024,0,False
21.20000000000003,79.30000000000015,0.0570787038772975,0.1520972673271819,0.1256077040940869,0.1552627465012925,0.1120351575610891,-0.0953874289249668,2.6646937776946893,1.385839496660224,Laterite,1.1102290414647786,5.567369633253132,449.25514149913016,16.05406753334129,1111.3227791219806,0.4804492213465502,1,False
21.20000000000003,79.31000000000016,0.0146224777836701,0.1663280937415061,0.2474168652474523,0.1157099649798047,0.170697941843868,0.195987334043897,5.0,0.6778638550771431,Laterite,17.88809635446159,15.965863944183734,342.4269196476579,16.610123584064702,1140.7901362860723,0.30016929350623966,0,False
21.20000000000003,79.32000000000016,0.0765366936781561,0.0877027510283853,0.3410499696129456,0.2500044532532817,0.0584567366904535,0.5908935531569633,1.145891554743589,4.276743228919157,Laterite,6.900265118631092,6.525078360822936,515.5655851863469,18.551949890554674,1088.7113478134613,0.38815125429241193,1,False
21.20000000000003,79.33000000000017,0.0838558781910799,0.0420978918989308,0.2026251136447907,0.3129236160730483,0.191188341372136,0.6559547653626088,0.5020267243853911,1.6367295916872324,Laterite,3.6170065733183643,5.987667474106965,293.47617953014543,10.89126432538304,1131.496217270947,0.2746257513435739,0,False
21.20000000000003,79.34000000000017,0.0498244061310164,0.1753137400723629,0.1499173423218832,0.3044431187569343,0.0975739148197238,-0.0780872404805555,3.518631797828178,3.1201281511293897,Laterite,2.3085960488762747,4.650119844156624,455.68073175598397,16.990507900961262,1158.8898815439359,0.39301931080488145,1,False
21.20000000000003,79.35000000000018,0.1114196028986986,0.1550776956699643,0.3004337161715528,0.2651952923703006,0.0920526937441447,0.3191051128270101,1.3918349329585715,2.8809074595829327,Laterite,20.888663276344193,2.593579564484707,294.273013830354,8.752805870619751,1083.3850225131955,0.381721935955855,0,False
21.20000000000003,79.36000000000018,0.0273070301099273,0.1182778795104856,0.3806543484615354,0.2598980322087257,0.1354287613846224,0.5258759690969004,4.331407648550753,1.919075603731608,Laterite,10.196248913041984,5.129261220335319,485.4641132448615,20.4167265203795,1159.0679059903757,0.503894019436093,1,False
21.20000000000003,79.37000000000019,0.0200287535937028,0.0584439060424994,0.1258026561483576,0.3337336645796476,0.162588646402178,0.365590268107818,2.918000138015298,2.052625885997378,Laterite,21.743003145862843,7.106394969477754,549.4712138242995,25.0,1122.6186384364285,0.44081338637473355,0,False
21.20000000000003,79.3800000000002,0.0705735545567965,0.0887988263664746,0.3782232398306178,0.2378457022991703,0.1489562031796676,0.6197232087102883,1.2582450579159388,1.5967492260299576,Laterite,1.960690223968271,13.479884162914608,250.720719650704,15.780507096752686,1172.2730120241627,0.3979453033426127,0,False
21.20000000000003,79.3900000000002,0.0951329490783619,0.0841655967582028,0.3788306203738524,0.2595290773216854,0.1034470417113771,0.6364307366856143,0.8847155216475333,2.508811008775916,Laterite,9.45871013491831,1.2512968443890315,546.6382754382014,22.970906384097553,1109.9290049962015,0.46952156286016683,1,False
21.20000000000003,79.4000000000002,0.1141178307437333,0.103634052184619,0.3934085102156831,0.1915451296703532,0.1150955354404015,0.5829972720513001,0.9081319844444802,1.664227276679346,Laterite,16.184738771260115,4.210138793306859,437.4301017657192,20.459616790373342,1139.062232758155,0.428039950010796,0,False
21.20000000000003,79.41000000000021,0.049713472113929,0.1482600575252493,0.4207480214871894,0.11835696404016,0.0835678826311227,0.478882416550179,2.9822913371902606,1.4162972684251218,Laterite,23.721694945168906,16.180472805833528,250.84419634680958,10.916030790307476,1117.9696884161235,0.4211169760914089,0,False
21.20000000000003,79.42000000000021,0.095720425002936,0.1627816861391394,0.5,0.1986366923580271,0.1288060049185022,0.5087924438201634,1.700595102498625,1.5421384455600038,Laterite,9.562575087962097,2.9384384716754153,371.0167421438848,16.456797312198294,1115.189386898021,0.3580624446981583,1,False
21.20000000000003,79.43000000000022,0.0620847459149759,0.0467649569206053,0.2650907951381161,0.2124588673025669,0.1936110607255411,0.700085974705357,0.7532439113035083,1.0973488105310736,Laterite,18.776741293110273,6.852902930450431,264.34411739403913,10.330040922497153,1132.9465214113345,0.37535425983409343,0,True
21.20000000000003,79.44000000000023,0.0579411810017724,0.144739858000777,0.3125571580078079,0.2170549760750838,0.1394668531178017,0.3669765909147824,2.4980481110066526,1.5563194484363585,Laterite,26.579332447085616,17.2931784371628,480.1391555466278,20.395951998621367,1146.8403734612953,0.3888102750507095,0,False
21.20000000000003,79.45000000000023,0.0895097981245971,0.1020252856005217,0.26085615667522,0.34734000983987,0.1824707127379681,0.4376935619381676,1.1398225403717344,1.9035384059046447,Laterite,18.475895645469137,3.098506222868853,503.5472537671799,22.056092982845353,1057.5217544038499,0.39889372155915315,0,False
21.20000000000003,79.46000000000024,0.0824496863523995,0.1518434213846576,0.3035976844756041,0.2614672820776405,0.212090066886305,0.3332028249206546,1.8416494703387507,1.2328124828897522,Laterite,6.988784242609013,1.654736712363798,242.31860810911957,8.939689213460653,1191.6816804409439,0.45077491651438767,1,False
21.20000000000003,79.47000000000024,0.0154682352904693,0.1478016343711394,0.4575873355636546,0.2944190410817872,0.1097390740481469,0.5117134875693402,5.0,2.682900720342543,Laterite,0.7320234466961406,9.690759901600217,402.45594107785774,16.614008945124763,1027.01684797256,0.4623359511659123,1,False
21.20000000000003,79.48000000000025,0.1069362104917736,0.0444967900194531,0.1706985516069571,0.1811445930896499,0.1296313373472269,0.5864521070718678,0.4161059174737223,1.3973827367429112,Laterite,26.102966217027898,6.048390225570728,525.8500224103668,21.79355736243697,1085.7593945131052,0.4264125313393062,0,False
21.20000000000003,79.49000000000025,0.1039227406244202,0.0873469768517365,0.2199950327834668,0.1894826879964254,0.2473396430531198,0.4315975419241118,0.8404991654652479,0.7660829682653133,Laterite,0.6380823255116141,11.268167289677082,574.4652166203987,25.0,1115.286546461805,0.2828541702395715,0,False
21.210000000000036,79.0,0.0495531189547138,0.076221817945631,0.4003180936504581,0.1327694653943579,0.2196971705989968,0.6801031094149316,1.538184061864421,0.6043294275112128,Gondwana_sediment,26.24105018052598,16.076097809669502,405.40714669670797,14.759900102440803,1156.6177984543556,0.44686377381396786,0,False
21.210000000000036,79.01,0.0800741060031219,0.0345856229853812,0.3655036506902114,0.1735370390986391,0.0636797737093818,0.8271104710756125,0.4319201882920906,2.725151625351284,Gondwana_sediment,15.86811402081636,2.7429697630548633,580.1116894445629,24.068235976308152,1214.808626387127,0.383052417086796,0,True
21.210000000000036,79.02000000000001,0.0829009055884817,0.1109883991041962,0.228086835318295,0.2620886973954617,0.1664774158030447,0.3453464726759085,1.3388080405449287,1.5743198317548388,Gondwana_sediment,28.172030955386884,11.6139816910857,414.2755881824119,21.085493779039226,1043.0854255888028,0.3428584883652242,0,False
21.210000000000036,79.03000000000002,0.0757802129747167,0.1974022620633762,0.3507402001120753,0.2254292126275882,0.1469679996169841,0.2797410319429768,2.604931472926108,1.5338659644391748,Gondwana_sediment,23.96349707320996,10.110175207797278,357.67619783996315,17.23129521517034,1110.6152935805726,0.3758722615063982,0,False
21.210000000000036,79.04000000000002,0.0513308453846368,0.0231568902197691,0.3003215842492071,0.2906057033928051,0.1880826555429373,0.8568257730247746,0.4511301148682596,1.5450957048612768,Gondwana_sediment,29.938023316000123,2.8815757202639913,539.2812514211582,25.0,1029.6583256100948,0.3529549559281705,0,True
21.210000000000036,79.05000000000003,0.0475712989618578,0.0952887755580203,0.417127460900103,0.236987776384152,0.1093310616257463,0.6280805766496755,2.003072807284798,2.1676161618061363,Gondwana_sediment,10.521354463551305,12.479969710579649,397.1930841832356,16.598575521324218,1137.5810986955705,0.3578354424088238,0,False
21.210000000000036,79.06000000000003,0.066833377870256,0.1220217174029899,0.275450959382682,0.1993282387853565,0.1044195813979654,0.38601204787675,1.8257601382545017,1.9089162772524648,Gondwana_sediment,23.015648667933807,5.472808357215433,388.7610042258092,16.84037030344743,1149.5841792250596,0.44126816738201174,0,False
21.210000000000036,79.07000000000004,0.1026618705777802,0.13148606648612,0.3714632113872634,0.4488969365581025,0.1124164642353184,0.4771398536809175,1.2807682698361196,3.993160069677357,Gondwana_sediment,12.057927408277266,9.75668637088025,396.12499576393134,18.509680490236324,1215.5397871086209,0.3852873059111848,0,False
21.210000000000036,79.08000000000004,0.0836680046378322,0.0915148778993692,0.5,0.2168267501900848,0.1174435726900772,0.6905745523801792,1.0937858287182138,1.8462206576229467,Gondwana_sediment,14.396268609117266,1.6454464855412376,538.7140007478981,25.0,1142.031738044731,0.44609528212926636,0,False
21.210000000000036,79.09000000000005,0.056121570037416,0.0570587491008155,0.3305099155047527,0.365412081455243,0.1866262083404495,0.7055554055477501,1.0166990866631995,1.9579890976129557,Gondwana_sediment,18.825163896551103,9.191681144272462,532.7766166752208,18.295819869035093,1188.2012564721772,0.5574240250301479,0,True
21.210000000000036,79.10000000000005,0.0902709613194494,0.1049914697176052,0.2765328165794909,0.1947153555418703,0.0866199413425546,0.4496210411185801,1.1630702505732275,2.247927582253139,Gondwana_sediment,26.21031342559016,6.129269360856407,361.4079969760845,12.427783926570497,1165.1918540770112,0.37047899233217596,0,False
21.210000000000036,79.11000000000006,0.01,0.0652294409193615,0.3447446985221049,0.2721719635568473,0.1143693050020326,0.6817875340024271,5.0,2.3797640749328126,Gondwana_sediment,29.522504075978855,16.447624223707088,333.31994394821004,16.50721920064738,1114.2375901497999,0.40361358108921386,0,False
21.210000000000036,79.12000000000006,0.1013429710111621,0.02,0.236871914179619,0.2871610961406156,0.0558693804749264,0.8442803674657174,0.1973496511964524,5.0,Gondwana_sediment,23.048202415935545,1.1395745399473656,396.77120961565174,15.978355022447882,1065.5519626604562,0.2734091178720476,0,True
21.210000000000036,79.13000000000007,0.0145685866366559,0.1429236888205476,0.5,0.236494437940288,0.195495891170617,0.5553945473357411,5.0,1.2097156436547216,Gondwana_sediment,12.533003465020013,8.3721454983666,429.1090038948436,16.53610025043566,1149.7501149146487,0.41610952844448656,0,False
21.210000000000036,79.14000000000007,0.0557667717579049,0.173284062631784,0.2932071037696065,0.068143434493482,0.2085115049715553,0.257074623807405,3.107299505757946,0.3268089905643197,Gondwana_sediment,12.640710068312105,9.16862848262876,295.3348842511988,9.797298203142073,1061.39489914279,0.4301589448101204,0,False
21.210000000000036,79.15000000000008,0.0329299031612145,0.0968464390740414,0.2488066679774575,0.2225776722599249,0.1284263284568089,0.4396321796604371,2.9409876581116188,1.7331155905579636,Gondwana_sediment,22.127469047666743,14.500121525982374,517.5820338862363,20.455884675504958,1200.7603536335405,0.486317094180441,0,False
21.210000000000036,79.16000000000008,0.0275595557283715,0.1037629875282262,0.1934310994980057,0.3071322033431952,0.1297025317593369,0.3017156661387187,3.765045713160802,2.367973847081733,Gondwana_sediment,7.1633143730490705,11.48575150180422,394.59310629296914,13.636640862026066,1127.896894898217,0.4268295221010362,0,False
21.210000000000036,79.17000000000009,0.1011048036213542,0.1373927205086205,0.3876220191606536,0.2576236583119379,0.1670810951141429,0.4766138542357883,1.3589138740358573,1.541907885998408,Gondwana_sediment,3.3142233939418397,13.344246743883621,333.61821936798384,18.082947685797613,1195.758870575629,0.4928727477038097,0,False
21.210000000000036,79.18000000000009,0.0521289639606419,0.1032135862711212,0.3655187412827841,0.2516087212660438,0.2179641003689107,0.5596054283786018,1.979966188298934,1.1543585421853997,Gondwana_sediment,10.638664729223295,15.540985713035123,242.72839718559624,10.068811112105363,1111.9892782934382,0.5442987061571789,0,False
21.210000000000036,79.1900000000001,0.07643511645192,0.1302207021904504,0.2299645628586014,0.09954201462297,0.1644905373781937,0.2769237676251829,1.703676373699195,0.6051534401251879,Laterite,8.617169749622452,17.244059473163777,295.5380641614428,12.198184923201348,1149.4425393201077,0.5166561866169204,1,False
21.210000000000036,79.2000000000001,0.064512382633623,0.0819807119650437,0.3382451345122534,0.1693681450527421,0.109002902876242,0.6098254656025112,1.270774826339138,1.5537948112231208,Laterite,8.889243613679703,6.2775099344494105,579.7124687023935,25.0,1146.4674428667927,0.4037992446045654,0,False
21.210000000000036,79.21000000000011,0.080111224816692,0.1461793495429555,0.1306444031787259,0.2482950341805968,0.0627588714006756,-0.0561185454856416,1.8247049610709096,3.9563336344874176,Laterite,7.008232531497298,10.76045410727806,322.0398747278106,15.343018452191915,1133.747794099512,0.35260022346398007,1,False
21.210000000000036,79.22000000000011,0.067984656731806,0.1063514290373049,0.3008970575073277,0.2479268293750784,0.0877636868668231,0.4777074313348754,1.564344574106158,2.8249363483191043,Laterite,1.2627956890908565,16.802161568783998,267.54371574681414,13.039431135893201,1114.3670243302286,0.3975800632951455,1,False
21.210000000000036,79.23000000000012,0.0270702332743412,0.1011020777442324,0.328575635207682,0.303926674609299,0.1470009725156207,0.5294050646652129,3.734806285048984,2.0675147191305245,Laterite,0.5362180420024143,19.78902261930113,384.26911666199726,18.158457082065027,1155.6228009235842,0.38600941206547673,1,False
21.210000000000036,79.24000000000012,0.0953280045834124,0.0423575564515161,0.4549329809559352,0.208459327139769,0.1103936238399576,0.8296466419255708,0.44433486877426,1.888327601720446,Laterite,29.631671692080946,17.790386220875263,322.8350973440995,12.189771287755766,1089.6918368258978,0.4312018162029433,0,True
21.210000000000036,79.25000000000013,0.0505073025051588,0.1044582341720656,0.2080181197271445,0.2467076860671625,0.1527283852995352,0.3314167111516561,2.06818081315228,1.6153361761913398,Laterite,12.83319401207587,7.429345252487536,214.06370010847766,8.323587227939512,1075.5282335521053,0.3442634106105646,1,False
21.210000000000036,79.26000000000013,0.0185025430402056,0.0595218033002191,0.1581647371197815,0.2191461969351859,0.1151537991881855,0.4531420894646409,3.2169525480461987,1.9030739609966976,Laterite,11.52979941479045,3.9033303443730083,329.2580869117669,15.257150265541505,1198.1413446663996,0.4456618826203827,1,False
21.210000000000036,79.27000000000014,0.0522365451710207,0.0670886909388573,0.1973572039075102,0.1486140084448862,0.0897126784352765,0.4926093218239318,1.284324807293031,1.6565552480572598,Laterite,20.389418480792095,9.787850748131774,417.64344957578743,16.347032275711904,1172.3583994446633,0.48153510251856424,0,False
21.210000000000036,79.28000000000014,0.1099827937190273,0.0777724673275578,0.1541431499685228,0.0713935281880352,0.0835884184273434,0.3293037506419162,0.7071330398783068,0.8541078949194494,Laterite,6.5476166359519254,14.832829036720845,420.68494880798676,17.518326269611666,1139.2945804301703,0.422200674020455,0,False
21.210000000000036,79.29000000000015,0.0903466522634027,0.0496106027240279,0.4223657357759137,0.2472706784491002,0.2203777254686584,0.7897750428710407,0.5491139010273279,1.1220311753878385,Laterite,28.49883551850676,9.851381415065951,342.62356847075546,15.073509548464438,1219.2571191272473,0.40990572853532786,0,True
21.210000000000036,79.30000000000015,0.0542604359677621,0.1770708561206753,0.4444639295024195,0.2289763045888915,0.186529387459179,0.4302141722778371,3.263351144092239,1.2275615525529222,Laterite,23.59035043246656,9.66361726627337,378.92110250104025,17.35874943549743,1122.611724063816,0.4797200994032156,0,False
21.210000000000036,79.31000000000016,0.0541222688704449,0.1451535624795328,0.3225216577948991,0.1732277470529827,0.2284258975913947,0.3792548494944014,2.6819563414608165,0.7583542356787184,Laterite,2.6823300693677856,16.764608421636012,586.2071672939065,20.869936712505705,1202.1351609995072,0.35685163813712384,1,False
21.210000000000036,79.32000000000016,0.0548309484634762,0.1685347000857671,0.4135294945685315,0.1028578860438838,0.1687175450377518,0.4209068289901971,3.07371483626002,0.6096454637240254,Laterite,12.52742327354785,7.228075581343727,350.9393908921246,16.05196592028308,1144.7787042463492,0.41290226129850777,0,False
21.210000000000036,79.33000000000017,0.1266624395068229,0.0554114589831062,0.3056958380580407,0.3119781192103271,0.1200404295692546,0.6931025239767037,0.4374734858661396,2.598942040360196,Laterite,26.37354922686494,17.195893496232912,303.2907253039932,12.1696654386296,1084.7624624962386,0.4047029222670227,0,False
21.210000000000036,79.34000000000017,0.0756980635669442,0.0942101499964321,0.283688835229941,0.1969855948063054,0.2075270461244933,0.5014003545679415,1.2445516494442614,0.9492044453483686,Laterite,28.34196066874231,8.136096019034472,297.38681762670404,13.80603282284143,1228.4020095886008,0.46144618651570685,0,False
21.210000000000036,79.35000000000018,0.0770212494157296,0.0394396949918325,0.2607962380946419,0.2542812305657641,0.1395265999319079,0.7372753179591143,0.5120625183285034,1.8224570118358308,Laterite,14.022045337496092,6.564662113566788,383.1058450816537,17.51660692977856,1185.5355423312624,0.45360063117812743,0,True
21.210000000000036,79.36000000000018,0.0949085036209528,0.0631722049121137,0.263960900862262,0.3454833971288169,0.1520420885145139,0.6137828680269807,0.6656116410585378,2.2722878926292065,Laterite,18.40234167632123,9.07979822399398,503.8080594867776,24.20783260085405,1129.94894844958,0.4542528466590672,0,False
21.210000000000036,79.37000000000019,0.0710436747707928,0.0540949206633332,0.1411198443691158,0.0647998383776143,0.1386787810462202,0.4457906841561809,0.7614319045532996,0.4672657045441624,Laterite,5.0110183827622565,15.24893917349737,282.39527367538926,14.473377031716959,1172.3585629767556,0.43786408916401576,0,False
21.210000000000036,79.3800000000002,0.0559887356253763,0.1402233602576585,0.3232254763607534,0.165427943390828,0.03,0.3948701595604296,2.504492349058416,5.0,Laterite,29.735058784109295,2.5200405572798856,483.71845085630724,22.848078777566727,1115.8148283001628,0.40002764650537703,1,False
21.210000000000036,79.3900000000002,0.0577495045274479,0.0746108128759256,0.2936666089786156,0.1994437070681594,0.2206967506147386,0.5948119082079633,1.2919732101124128,0.9037002421750656,Laterite,6.950151041503302,3.9283843174403477,208.45992933976652,11.573171027489416,1177.4574517530352,0.42116707717440344,0,False
21.210000000000036,79.4000000000002,0.0613719622175753,0.1330151733477566,0.373136072407808,0.3156378321902587,0.1648301972978836,0.4744054292589301,2.1673606044965004,1.9149272231249024,Laterite,28.28195322405377,19.028896513261838,367.5731911935784,15.89830760269766,1016.4460717358602,0.3505914867990298,0,False
21.210000000000036,79.41000000000021,0.0622833329047019,0.1485442862585975,0.3088523496438818,0.1187421463866469,0.1565911530434213,0.3504793231238703,2.384976511250344,0.7582940926291755,Laterite,19.489399469771055,3.5098325476271475,510.34602608111476,21.32878792745346,1085.0099333153285,0.4462558912095914,0,False
21.210000000000036,79.42000000000021,0.0851088863091065,0.1820655500841873,0.2841296298431121,0.3487102717976352,0.1368311968864677,0.2189299334946967,2.1392072880500823,2.5484705204480664,Laterite,18.232103846365774,11.354546358621091,335.4931823097726,15.724516762597194,1184.9629872144064,0.4120346962315766,0,False
21.210000000000036,79.43000000000022,0.064718376574216,0.0305622310744066,0.2141806969992586,0.222409913109633,0.1479113910193022,0.7502503434728846,0.4722342037139312,1.5036699433801006,Laterite,15.380655330495257,11.586289333238756,425.4948405781598,19.193113593622705,1123.5172230891123,0.4636575141088293,0,True
21.210000000000036,79.44000000000023,0.0850192023164644,0.1399293295914675,0.3094153236821984,0.2058799536786225,0.1096960532076831,0.3771848464608072,1.6458555904350556,1.876821886209124,Laterite,6.920094351532761,9.792489241004896,281.9916931303643,11.131521406955326,1146.3771147444952,0.4308413721421792,1,False
21.210000000000036,79.45000000000023,0.0604985025967395,0.1758089252608319,0.3769237230816389,0.2381229798896028,0.170208967615359,0.3638554704295512,2.906004569106583,1.399003725161042,Laterite,5.295840960165248,12.894904971536372,496.7981564504689,21.50957000305274,1068.6607168942865,0.3746850284925509,1,False
21.210000000000036,79.46000000000024,0.0651590557094796,0.0502648464789139,0.189666100891637,0.1814615877473902,0.0738450827800387,0.5810057263656372,0.7714176618194832,2.457327971886421,Laterite,6.61458627210526,4.596534515952369,220.91164130750386,9.134458787576806,1228.3933497851633,0.49156786695664295,0,False
21.210000000000036,79.47000000000024,0.01,0.1293053334589216,0.3136473753680975,0.285068173148833,0.1483234216235226,0.416166417303812,5.0,1.921936332349485,Laterite,5.593147864327635,11.053245355534964,541.0170579502001,20.834511597671558,1195.526482185942,0.41194973458357237,1,False
21.210000000000036,79.48000000000025,0.0900498302410712,0.1329715380773576,0.3291042951529724,0.1639242566570654,0.1669186735285504,0.4244601057407017,1.4766439600576358,0.9820606232580752,Laterite,23.3875342070026,7.4434651049379426,279.27855456866723,14.217527923113835,1125.9657390812918,0.454146354191895,0,False
21.210000000000036,79.49000000000025,0.0728346542769365,0.0795609496018587,0.2348935216381981,0.2352789927150615,0.1287265433088499,0.4939747600801637,1.0923502044797535,1.827742643316298,Laterite,10.503757775001903,13.23334519258378,549.7592126833323,23.017032346865687,1115.7652071568918,0.42904825874342367,0,False
21.220000000000034,79.0,0.0981803032957892,0.0644025805211196,0.204414369509202,0.198707283400511,0.1659033896235508,0.5208443475019158,0.6559623294450084,1.1977288934941124,Gondwana_sediment,1.735280296901891,2.8244708674629893,341.0116965202069,18.306237203739656,1203.4802180710396,0.42148884732204384,0,False
21.220000000000034,79.01,0.01,0.0889403085246416,0.2871610848766239,0.2063407903248147,0.0976132803882869,0.5270407921296767,5.0,2.113859807729487,Gondwana_sediment,29.07307890422434,11.417548336789524,489.07342978979466,17.127075034175114,1251.1235225085013,0.4956030617074159,0,False
21.220000000000034,79.02000000000001,0.1306512411434214,0.1789924838314364,0.1516578981707406,0.4,0.0987086614552011,-0.0826691488662755,1.3700021685821455,4.052329285979698,Gondwana_sediment,26.51357654890277,3.705407107666474,327.69011911447535,12.540197417416406,1199.6880127906227,0.47721249108091546,0,False
21.220000000000034,79.03000000000002,0.0636923111553443,0.0968473127582986,0.3008923715249427,0.2540335514327411,0.1586558560513189,0.5130115670581085,1.5205495113850545,1.601160887439636,Gondwana_sediment,27.83256849585639,5.572861262300728,562.364668493859,23.497138860625867,1260.590133369885,0.5305972803042047,0,False
21.220000000000034,79.04000000000002,0.1010054845021249,0.1279252000612576,0.1772645626340838,0.2673285881262788,0.1805674827310518,0.1616678165116337,1.2665173635389528,1.480491304053926,Gondwana_sediment,29.847234679393058,4.3741960064716645,250.65485020734974,12.718714287230735,1105.8824335469592,0.46301326320057445,0,False
21.220000000000034,79.05000000000003,0.0364428221862335,0.064824024733297,0.373985369303326,0.3037443746468048,0.0527167172249135,0.7045458659295972,1.778787170328042,5.0,Gondwana_sediment,5.216857476584619,3.656755597376342,271.40791570903946,12.107601899747682,1111.0306584751154,0.4412001979644824,0,True
21.220000000000034,79.06000000000003,0.0859032171518764,0.0650858821511334,0.5,0.1243055038277,0.1723810317555373,0.7696425118891635,0.7576652450663803,0.7211089438881731,Gondwana_sediment,11.887260567079762,16.51421903121334,397.2120500635209,17.17144759434154,1092.5529440973876,0.35332780647608214,0,True
21.220000000000034,79.07000000000004,0.0357975331047896,0.1393793923699966,0.1834243198298233,0.3461604336385405,0.118939924981182,0.1364449223524349,3.893547400951863,2.9103804580528343,Gondwana_sediment,22.74715427112274,5.714151353217806,232.77537561525844,7.4444463988608085,1174.088032482529,0.5627123615896512,0,False
21.220000000000034,79.08000000000004,0.048566931179125,0.0419369515379375,0.3238207862374732,0.0475729975053427,0.1362796956346282,0.7706845420056557,0.8634877772473717,0.3490835318416008,Gondwana_sediment,20.880618541613767,18.542475637288987,278.39207388070474,9.285786950570422,1160.7801774902734,0.365111756005262,0,True
21.220000000000034,79.09000000000005,0.1245809406160027,0.0791314492837879,0.1986258095118042,0.1690863512973014,0.0787641038217469,0.430211475671762,0.6351810223056314,2.146743794169116,Gondwana_sediment,4.616877190195652,19.398530506903818,577.5065528848057,24.707782357446714,1144.4024438264557,0.47661407514903636,0,False
21.220000000000034,79.10000000000005,0.0613195279770987,0.0969210964428879,0.3762954173797856,0.1904677828774747,0.1029791379906632,0.5903731436188828,1.5805910365296094,1.8495763939079208,Gondwana_sediment,24.474993749718532,11.425209398741947,590.5958644591549,21.879949031494736,1192.46293140622,0.4687377901216474,0,False
21.220000000000034,79.11000000000006,0.0734429861953907,0.0998349040736006,0.1465741590914856,0.263020635547933,0.1936862662765141,0.1896815579693307,1.3593524597714552,1.3579725628901185,Gondwana_sediment,6.73321715509982,2.860022453314528,350.5037317321688,13.540566654928377,1213.6164302607883,0.3963990427237398,0,False
21.220000000000034,79.12000000000006,0.0929020319206616,0.0880362685993522,0.3220586758427788,0.2373102786299016,0.1468431686990091,0.5706542115624258,0.947624790163608,1.616079798405324,Gondwana_sediment,6.714528444678693,7.490964867591625,569.3144084055743,24.723268341737317,1075.716879535713,0.3971787828819674,0,False
21.220000000000034,79.13000000000007,0.081550456639177,0.1108527912438353,0.1876011033110728,0.2100229681511098,0.1258810799145204,0.2571529922770111,1.359315394129256,1.668423627497345,Gondwana_sediment,16.109232686802407,15.954645266964281,417.9298702693727,15.449096050003643,1122.1513986049993,0.41686913016464267,0,False
21.220000000000034,79.14000000000007,0.0710725671543061,0.1225542302327107,0.2551015410901716,0.2205601858760565,0.1390155823684465,0.3509738785615967,1.7243535018820562,1.5865860643796443,Gondwana_sediment,17.788198045251093,7.34781457394141,307.89698634950685,16.03975302261973,1193.007179706208,0.5126568281803542,0,False
21.220000000000034,79.15000000000008,0.0773888300739855,0.1240455018183714,0.1735974724852782,0.1526383883534172,0.1691205912332132,0.1664812373488338,1.6028863795911157,0.902541713874914,Gondwana_sediment,17.402586235134336,1.740344366055775,480.9594884322395,22.487851373152427,1128.6130658071258,0.38756435466366157,0,False
21.220000000000034,79.16000000000008,0.138422467557147,0.055047847653285,0.3598350470895848,0.1159937323861047,0.166504724808165,0.7346342865056726,0.3976800051681698,0.6966392842610357,Gondwana_sediment,2.744605121932646,11.135698218563759,463.56072262994286,16.172190112904353,1112.0896961821472,0.40393638574708746,0,True
21.220000000000034,79.17000000000009,0.0644714360889911,0.0829337960828461,0.1948019645560512,0.2713558135635209,0.1405486499801579,0.4027863325039142,1.286364954547229,1.930689575522502,Laterite,26.32382587891141,16.902417029920695,595.6501276434933,22.954012832114916,1202.9268713825747,0.3342940965174024,0,False
21.220000000000034,79.18000000000009,0.0721129714014476,0.1419105144750754,0.3345964259331931,0.2687594278775295,0.1987679555448313,0.4043716787264174,1.9678916500095496,1.35212653873526,Laterite,7.968001277661182,15.918527742870047,306.0189149637133,8.179233634498155,1087.524996513856,0.49456001334887484,1,False
21.220000000000034,79.1900000000001,0.0974796318802269,0.1297258875029527,0.2458901971737775,0.3308146062609904,0.1924631318453311,0.3092634058519458,1.330799930894966,1.7188466326888927,Laterite,3.885447638484125,3.5024628026070648,468.8238010646942,17.96914231926599,1136.9210096104998,0.37282196645293386,1,False
21.220000000000034,79.2000000000001,0.099005777988738,0.0388456219407551,0.2697527628201249,0.1642988032229316,0.1644286014565175,0.7482448133468536,0.3923571198636326,0.9992106097579304,Laterite,26.662442396069316,13.455292288249334,220.80950201177876,10.733172870302248,1168.4322012902956,0.45450761869581957,0,True
21.220000000000034,79.21000000000011,0.1013309091668098,0.1076391960140857,0.2968755907400245,0.2677970647210607,0.1463105891455011,0.4678108214476412,1.0622543189725635,1.830332760615924,Laterite,28.6695449468926,4.410085268712942,245.45841547868775,9.399644093728941,1123.309004304549,0.41617048512811267,0,False
21.220000000000034,79.22000000000011,0.0847619066608739,0.02,0.2068175328341273,0.1991405290144647,0.1762660547559745,0.8236467896350109,0.2359550506151661,1.129772429394762,Laterite,25.86382851796352,4.364150691043445,201.5673499804373,9.320234069750157,1191.1577828007137,0.4417841202111006,0,True
21.220000000000034,79.23000000000012,0.0311898526180838,0.0950973960824122,0.3049367113541013,0.3020332489635395,0.1589333710900566,0.5245535601049612,3.048985095953178,1.9003765332729297,Laterite,24.285482241746344,17.481435466103704,599.7842724238692,21.946342714431058,1123.5561512401866,0.4618266559586137,1,False
21.220000000000034,79.24000000000012,0.1143629459690311,0.1689506806698364,0.4378334564354542,0.2899373943674656,0.1960800035902947,0.4431275626354216,1.4773201152745348,1.47866885409395,Laterite,19.65725941917065,4.993379054804603,520.9094788589912,23.300512128288442,1222.4309746723509,0.5419747385173134,0,False
21.220000000000034,79.25000000000013,0.0308496382094375,0.0549442913092378,0.2078905214167421,0.2328846579457074,0.1878380688369126,0.5819100919814922,1.7810351861541671,1.239816078091838,Laterite,16.52572111827418,5.264946930360224,514.6892058934163,20.335165123035647,1145.7126851252665,0.44221694041907456,0,False
21.220000000000034,79.26000000000013,0.0741990639571691,0.0593070781803339,0.4037810143273985,0.1940328890333762,0.0917673049291107,0.7438626508560603,0.799296850087473,2.11440108186488,Laterite,2.609602797342304,0.013067815225991097,403.8904301152719,16.853107286035474,1185.5635068353226,0.4773402159447723,1,True
21.220000000000034,79.27000000000014,0.0423717244994173,0.1230611912629114,0.4373097633487929,0.2847652525025734,0.0882018414629117,0.5607866886097866,2.904323400247054,3.228563570290749,Laterite,12.253596392120961,17.413380682510354,320.026833162176,13.14870237897123,1189.3011976491957,0.4624325259548004,1,False
21.220000000000034,79.28000000000014,0.0629558496022082,0.0397903212090945,0.2067845010972105,0.3149799799535456,0.1072575227797932,0.6772556024107912,0.6320353294778713,2.936670281920956,Laterite,11.18065551036942,15.851896264182695,260.5057137850704,8.31130769926003,1120.6229998628514,0.4711101961451006,0,False
21.220000000000034,79.29000000000015,0.0746228723091023,0.0668297988045953,0.1437945394909602,0.168989171853962,0.1909469345033429,0.3654123795599726,0.8955672255312915,0.885005942645824,Laterite,7.792613512809786,12.54657870181356,313.86989553858547,10.771743650628164,1049.3256725672607,0.3703513082384064,0,False
21.220000000000034,79.30000000000015,0.074280716463506,0.1158176455032669,0.3203960900171924,0.1236540928564345,0.0631445501614345,0.4689867095150918,1.559188587043974,1.9582702283011768,Laterite,21.70260341065755,15.005315278776845,350.38848877165566,16.535109303492504,1170.0377877332467,0.4925336981207882,1,False
21.220000000000034,79.31000000000016,0.0771776226270563,0.0664085660924206,0.236359247723329,0.1961026969522688,0.1615178694553964,0.5613234756789575,0.8604640016871055,1.214123845813919,Laterite,14.876272052363124,3.040971348489836,502.5240387921176,21.736485931341626,1155.6144173562984,0.4888803997909811,0,False
21.220000000000034,79.32000000000016,0.1128113380717571,0.0821612005115577,0.478860321916317,0.322078967074369,0.1597271545546447,0.707101431006239,0.7283062309434355,2.0164321324746224,Laterite,2.431386477229438,9.16647189175151,415.86471556126094,19.427794564826062,1179.7913013788113,0.49654858845119976,1,True
21.220000000000034,79.33000000000017,0.0778860290454171,0.1211874284125979,0.2963807540500004,0.2959541011113069,0.1995524029343061,0.4195562136996368,1.555958491430279,1.4830896376648883,Laterite,6.6054960584943405,7.024387746975618,230.99345062219308,10.274043580263081,1140.6736263809132,0.3947452165260186,1,False
21.220000000000034,79.34000000000017,0.0568353009412781,0.1081018433414589,0.2135800591964998,0.1375370771230534,0.1502569345331908,0.3278960208518562,1.9020193675572687,0.9153459536414124,Laterite,20.497762909787877,1.8755305251403298,207.2116035835649,8.919798085600302,1130.4786150600191,0.4155125989356476,0,False
21.220000000000034,79.35000000000018,0.0929626150486483,0.1322525566073562,0.179984048898847,0.1600283770643993,0.0738995304708013,0.1528696233384319,1.422642385822331,2.165485705096328,Laterite,2.2839257847090053,9.722609704298481,240.93287181362527,6.58684842156752,1252.42365054914,0.48163221839494913,1,False
21.220000000000034,79.36000000000018,0.0996041146677367,0.0773151088291947,0.4045904959091017,0.3040278694775578,0.0929122519675901,0.6791275797460881,0.7762240446540092,3.2722042864313434,Laterite,25.53620742146306,18.414793006852708,364.1994854789517,14.634245168100648,1078.3822969245161,0.3358512591052432,0,False
21.220000000000034,79.37000000000019,0.0269717655458876,0.1055024446107544,0.2393816025916004,0.1350054866669456,0.0816002239051049,0.3881859976651112,3.911588362285807,1.6544744614732874,Laterite,14.85439581041923,0.8011823810138896,573.2771668196074,23.831779976676152,1188.697523918267,0.5255075818736508,1,False
21.220000000000034,79.3800000000002,0.0816020020954931,0.0855706927960058,0.3017828799460623,0.249850672654934,0.113622801683339,0.5581778568961608,1.0486347208859526,2.198948351329694,Laterite,14.417597319799441,5.829218269875877,454.96099248368864,22.86292241669884,1123.2699070908855,0.42061238848397325,0,False
21.220000000000034,79.3900000000002,0.0845951822693242,0.1086522243970274,0.393880274511268,0.1707750149264506,0.1311949216287996,0.5675813020592969,1.284378393117888,1.3016892169002487,Laterite,17.772233539785528,4.150818724114069,520.7303599502061,23.071011595455943,1135.211069113034,0.4399005452976238,0,False
21.220000000000034,79.4000000000002,0.0545130948991975,0.0913675346938598,0.2507741648069375,0.3921517736598132,0.081887923688943,0.4659082196033675,1.676065809420742,4.788884068797989,Laterite,24.740428977754476,4.762933073313926,386.5498378018194,19.17836560516153,1136.1448583713568,0.3972040999028986,1,False
21.220000000000034,79.41000000000021,0.1045912043993457,0.0826772410248141,0.2955071171260048,0.1593702640603415,0.2135130995326102,0.562767527154145,0.790479863202372,0.7464191393154247,Laterite,10.434276237065792,18.168691037587507,344.6664332780171,15.556176798373503,1111.828286291492,0.3505917293909584,0,False
21.220000000000034,79.42000000000021,0.0586983323890213,0.0502016882979151,0.2993431590177694,0.2930353071144008,0.0735359314023736,0.7127596717899007,0.8552489682275839,3.984926839540232,Laterite,20.340484576771907,9.361381084685803,243.36014908664907,8.717399758044753,1180.561210511867,0.4125089596682116,0,True
21.220000000000034,79.43000000000022,0.0668472936041433,0.11468560427967,0.370232451151631,0.2707681269410618,0.2069251711931196,0.5269897541595367,1.7156357112563496,1.3085316070972608,Laterite,16.97195891987373,9.325988258796375,550.373208874482,23.16646546873645,1221.532179797553,0.4690347768057618,0,False
21.220000000000034,79.44000000000023,0.0577678452714809,0.0569999654548417,0.3618744335510549,0.2300536397963926,0.1986981515719625,0.7278422093758399,0.9867074855968528,1.1578046290848036,Laterite,8.01084810508264,15.211512849105645,513.2640116111611,21.858447776326845,1175.5006830623881,0.47448419678608017,0,True
21.220000000000034,79.45000000000023,0.0633073714274409,0.0446981419935157,0.2816886268745399,0.0741783993053943,0.1841751274844472,0.7261032229655705,0.7060495628718532,0.4027601353031905,Laterite,26.35889959065474,3.089844080098516,267.24723903909006,9.25699048708739,1157.1690998106599,0.44202798945913346,0,True
21.220000000000034,79.46000000000024,0.0298317473931408,0.0994264459142108,0.310964906149675,0.0575960652755919,0.1043916696251578,0.5154554527527868,3.3329071968402717,0.5517304726251697,Laterite,23.922780648207844,9.745307082001016,404.9042255505042,16.102234644751835,1102.6779750450928,0.4308404414540073,0,False
21.220000000000034,79.47000000000024,0.019398473522168,0.0974095910343016,0.2683220988476749,0.1960603841812801,0.1560225439588403,0.4673166490489129,5.0,1.2566157369369677,Laterite,19.753555039752765,8.599704282421195,394.94992316849795,16.044712811333074,1177.8412632912775,0.4248391550001603,0,False
21.220000000000034,79.48000000000025,0.1103151518967459,0.120034949397938,0.1586387593080796,0.2284834244391547,0.0748514433224642,0.1385269176469508,1.0881093596415372,3.0524918958420884,Laterite,25.51745187282726,11.938213810933123,450.03662107461145,21.962765543239048,1259.81748158652,0.4972439839072164,0,False
21.220000000000034,79.49000000000025,0.0369511595504468,0.0926834703820884,0.3330600857398375,0.1585633824700213,0.1840853517516825,0.5646042361530158,2.5082695985420185,0.8613579563776251,Laterite,26.01882602879407,19.99115406500877,578.4747575965046,19.941633849072396,1132.9652688103004,0.49900361912315794,0,False
21.23000000000004,79.0,0.0384182295163105,0.1135621138734698,0.4530191760833089,0.1491914612666553,0.1435407609231861,0.5991321424959535,2.955943441632638,1.039366520026715,Gondwana_sediment,21.250889301451043,15.388977881640942,431.90857670499184,20.407827537473416,1149.20082103247,0.4661897800091256,0,False
21.23000000000004,79.01,0.01,0.119091902890946,0.1763280859308963,0.2644030840878284,0.1265939892706652,0.193745126214506,5.0,2.08859113613728,Gondwana_sediment,25.110399850910163,7.957314060348544,416.08690671144745,15.463363976391543,1139.9455434510132,0.467956673206777,0,False
21.23000000000004,79.02000000000001,0.0487511475693145,0.1146709523132631,0.1882970290397327,0.2641998136319981,0.0856927576671859,0.243016032167387,2.3521692882204825,3.083105509917052,Gondwana_sediment,20.924143850078508,16.55106104548094,220.12917317386558,6.42789050770517,1143.5292882753422,0.4435243030685849,0,False
21.23000000000004,79.03000000000002,0.0281073061977745,0.0636738526879136,0.1794272228356294,0.2148581257728439,0.03,0.476153261974731,2.2653843813184986,5.0,Gondwana_sediment,20.404223152809013,3.4141672662496036,225.16299040720958,11.741675527043993,1030.735022316444,0.31136787988868636,0,False
21.23000000000004,79.04000000000002,0.1169404548040905,0.1024945392908467,0.3398591778723163,0.2788141204830239,0.0945929571482113,0.5365946511087136,0.8764677662226328,2.94751457818807,Gondwana_sediment,18.558341346455528,0.6092737261792025,274.93871653071557,12.919575993915245,1188.2517692928488,0.3933610869532561,0,False
21.23000000000004,79.05000000000003,0.0978545126802784,0.1109056118421855,0.3131485454196485,0.1417058392995882,0.2019799097806444,0.476927133165433,1.1333724801349934,0.7015838326857665,Gondwana_sediment,22.581499186729236,4.088967449285461,212.98830867669932,11.383550266291516,1125.7223911823326,0.44488968672656687,0,False
21.23000000000004,79.06000000000003,0.0467954896446676,0.0964471386763167,0.2533462307583592,0.1986845558039104,0.1260183285762588,0.4485479307133885,2.061034924574262,1.5766322081157826,Gondwana_sediment,4.7581531587922115,6.808231122285193,497.34115822800493,22.32395215459136,1087.4868440604732,0.40726061392467316,0,False
21.23000000000004,79.07000000000004,0.1348930741603285,0.02,0.1782980938361089,0.3386514324048553,0.1375135571442465,0.7982834867142602,0.1482655807918072,2.462676693057652,Gondwana_sediment,26.426122775967855,10.211615149191198,489.3321215975852,24.50852840337419,1205.6594974866907,0.4741144558811504,0,True
21.23000000000004,79.08000000000004,0.096652964609747,0.102219584958938,0.2802376791639983,0.2277825490957852,0.1785777179144214,0.4654587867921697,1.057593890326156,1.2755373493875095,Gondwana_sediment,26.15530583235696,12.302582810823996,254.42249377265716,11.718384914416351,1113.8991107479665,0.5015333374226911,0,False
21.23000000000004,79.09000000000005,0.0573350584947404,0.1841212415758884,0.1154377872664258,0.2315418760210878,0.235903443905812,-0.229281869927175,3.211320369920724,0.9815112153063068,Gondwana_sediment,0.8774184910367744,18.212114344288434,534.4315603181124,21.955026927675032,1151.0665473058752,0.46795175520116994,0,False
21.23000000000004,79.10000000000005,0.01,0.0810384292497193,0.287142656685756,0.3838162610177396,0.2116902327472805,0.5597903728715112,5.0,1.813103305973666,Gondwana_sediment,24.77450251694288,10.197080191009153,261.9144139384448,11.598953335411217,1241.3221195594922,0.5284401051219506,0,False
21.23000000000004,79.11000000000006,0.1355682771777213,0.0661369160857857,0.3608524386088006,0.1241460483905836,0.0966432498091891,0.6902174942155057,0.4878494985246402,1.2845806459037492,Gondwana_sediment,3.866096024203356,10.025512892514588,320.4702347989435,15.839864706647905,1097.5392100988374,0.4163112732606005,0,False
21.23000000000004,79.12000000000006,0.0250328259970911,0.1100139423884544,0.1494800863366398,0.2775501256649452,0.0479514714281281,0.1520888327445356,4.394787147154687,5.0,Gondwana_sediment,10.053565627774256,1.0048601964596426,299.590759664546,10.924197668835848,1091.370088270175,0.36890299922709363,0,False
21.23000000000004,79.13000000000007,0.0172380375912921,0.1396136669442596,0.1222481723170417,0.4055748475038771,0.2628807129550035,-0.0663154840337694,5.0,1.5428094468802551,Gondwana_sediment,22.30524768874823,0.6982310531244762,348.92283942921915,13.23467447782137,1181.4653094781802,0.4401561830936005,0,False
21.23000000000004,79.14000000000007,0.097157112960288,0.1424294066166548,0.4343437891694945,0.1984599451450989,0.2581695805829709,0.5061164156637773,1.465969933959178,0.7687193224704705,Gondwana_sediment,4.822796881449246,11.023199238327441,301.86550635598473,11.959809402303547,1225.4743682005817,0.4193152973892612,0,False
21.23000000000004,79.15000000000008,0.1395525721901769,0.0442252737636426,0.2161240360495505,0.2810741550798362,0.1539626798214623,0.6602620239063551,0.3169076215355126,1.8255992635566916,Gondwana_sediment,24.539010723571867,8.76357226496689,395.5803705753808,12.273349843110203,1089.282914113465,0.48639584063117175,0,False
21.23000000000004,79.16000000000008,0.1077681845553142,0.1236152101029978,0.3917947845943917,0.1518586351952335,0.080835587720907,0.5203228055304142,1.147047345173055,1.8786111326570616,Laterite,24.964025338732256,16.783607899605972,362.96315254187414,15.39962150607985,1188.3844868419221,0.4851637363924942,0,False
21.23000000000004,79.17000000000009,0.0830372736015694,0.1531359471850735,0.2637002334802268,0.2066744787723384,0.1923413266946949,0.2652463759075811,1.844183224697792,1.0745193568979725,Laterite,15.224032012825086,3.2135916942369036,594.6277963117307,21.00390077175339,1197.0499769981477,0.4749193662057194,0,False
21.23000000000004,79.18000000000009,0.0838426302499572,0.088314138522376,0.2638045183058777,0.2469476491233309,0.1386008156993673,0.4983842131922558,1.053332155178755,1.7817185829613136,Laterite,0.1915761515050074,0.49943324234099196,222.37054005129028,9.371557794668998,1065.0419758154471,0.46118790104219787,1,False
21.23000000000004,79.1900000000001,0.0914824667634077,0.1073674927168654,0.3247412699496754,0.2755996671177376,0.1381709438446673,0.5030533883207836,1.173640112669628,1.994628242737531,Laterite,8.611143995247383,8.980775358602518,256.87255055494063,12.433602452059693,1207.9250668954242,0.35196907935962274,1,False
21.23000000000004,79.2000000000001,0.0885278576936014,0.134818299263932,0.1934001143253673,0.2978655558684334,0.1883629421552541,0.1784842428642363,1.522891241514672,1.5813384113781266,Laterite,18.507807551272265,4.74957113504515,221.130357563441,8.260011977189038,1211.830293992172,0.4838432578141975,0,False
21.23000000000004,79.21000000000011,0.0740757427190797,0.1283526152011356,0.2959497143495764,0.3289740010857606,0.1601787373436625,0.3949945296939744,1.7327212703707893,2.0537931958757385,Laterite,29.435585340822705,0.992287466776749,450.33647799295034,22.118251656746672,1152.410721337262,0.3666217312862546,0,False
21.23000000000004,79.22000000000011,0.0686460331185546,0.0475592275170484,0.245451058517603,0.2140787409011331,0.0839892544492502,0.6753750307237147,0.6928182924369387,2.548882497529491,Laterite,18.954405810500052,14.49196573695258,221.80371096548782,6.320819491391683,1230.6173181149636,0.4611187093698283,0,False
21.23000000000004,79.23000000000012,0.0635222061630126,0.1636782257112819,0.1524506556595095,0.3624633874344923,0.1268629032458987,-0.0355157997571623,2.5767087659640624,2.857126692475386,Laterite,7.794107431924794,2.2318599991449495,534.5758949504493,24.65651698619905,1224.8227787163055,0.44372316239525383,1,False
21.23000000000004,79.24000000000012,0.0426610623339979,0.0903324557986966,0.3191482074726531,0.1942386609585551,0.1759776464330646,0.558795010709573,2.117445057503018,1.103768943301895,Laterite,19.020171092988342,12.166390000155435,404.77545227277113,18.215917957512637,1173.1558962859235,0.4730202917120687,0,False
21.23000000000004,79.25000000000013,0.0567397476939949,0.0956549639206178,0.259969219312222,0.2810463918111742,0.1682526111202482,0.46204466145042,1.6858545841252668,1.6703835368312665,Laterite,16.199561391475665,5.620995003337783,410.8030498326135,13.684727246404186,1145.4277304838165,0.44094476337947897,0,False
21.23000000000004,79.26000000000013,0.0142512955741365,0.0954878796400649,0.2714975171555433,0.232124215849648,0.1556608287179209,0.4796093768427129,5.0,1.491217910198638,Laterite,23.395361854534308,3.4699210071004405,424.63780308487765,23.1148303932843,1119.3586053709153,0.48701533569468264,0,False
21.23000000000004,79.27000000000014,0.0619698111961555,0.0863702804480666,0.1670839056585988,0.2484974534957298,0.1890511477237902,0.3184544963274686,1.3937476755464135,1.3144456214957652,Laterite,3.209419164808752,7.595030458386349,268.3254825224843,11.052737867428915,1166.1218245317536,0.4072008261527769,0,False
21.23000000000004,79.28000000000014,0.0351422667854704,0.1398682998842796,0.4481400367762954,0.2466455511815376,0.1241141506091337,0.5242642282766439,3.980059121971667,1.9872476246448392,Laterite,22.830837075060842,16.028915524459073,279.07612124579504,9.87320367426353,1196.487945985272,0.4841386992261412,1,False
21.23000000000004,79.29000000000015,0.0315723204835248,0.0886712816060284,0.3775714186386271,0.1043706493141479,0.1509534887609505,0.6196346598435496,2.808513278947865,0.6914093215181537,Laterite,16.23799736028331,7.841871538091453,327.52692914920186,10.83278099164871,1151.7911569480311,0.4400328447004533,0,False
21.23000000000004,79.30000000000015,0.0699568245346022,0.04705815486467,0.3872155884172139,0.1377114698797405,0.03,0.7832788390649309,0.6726742545915104,4.59038231402341,Laterite,28.88976011576984,15.015392984221114,437.39856632874057,17.784904208378176,1058.1249497369618,0.315032342647783,0,True
21.23000000000004,79.31000000000016,0.1062000685903357,0.0759188057612075,0.2611555297558482,0.2232779007872211,0.119177490307856,0.5495426510462215,0.7148658818910555,1.8734905393888288,Laterite,10.256164981160582,2.5097259359830137,284.0471103760858,11.580482520890323,1231.4356947288918,0.41585756259718276,0,False
21.23000000000004,79.32000000000016,0.0918694981800671,0.0986277886724156,0.1196817110496748,0.0976904644251125,0.1796751454287788,0.0964407064026848,1.0735640285282242,0.5437060542659493,Laterite,18.978656794018445,15.455428393301583,246.5326908533045,10.47748650930035,1177.511161092308,0.43407278373350705,0,False
21.23000000000004,79.33000000000017,0.0170849818913023,0.1404685913718785,0.4887917382489684,0.2736847772239771,0.1217802766441394,0.5535437885169295,5.0,2.247365374271479,Laterite,27.960843165300524,4.738666498132973,588.0467545673729,23.90635579452595,1149.0187751662215,0.4864966631819195,1,False
21.23000000000004,79.34000000000017,0.0343911559028875,0.1152437873979497,0.2882902491994309,0.276208917640164,0.1178086304141408,0.4288274248629308,3.3509716099183704,2.34455588215169,Laterite,3.0752918397203777,13.547862597777456,208.79272592384916,9.966147533723902,1210.8579194212277,0.4772578726608161,1,False
21.23000000000004,79.35000000000018,0.092183135639644,0.0569185888501145,0.2204200203980129,0.2378019387014392,0.0888673524112554,0.5895372156520198,0.6174512115846406,2.675920143691922,Laterite,28.116854617093534,11.315631096819928,521.0789621344086,20.93636375694053,1244.231929824201,0.4082119324900396,0,False
21.23000000000004,79.36000000000018,0.0343653781938482,0.2472178756672975,0.3378801574483301,0.163344742928327,0.1909282946364535,0.1549522928367469,5.0,0.8555292611490546,Laterite,20.636571669024402,18.582894344233747,515.2140598300089,17.597324258436096,1027.9044215256686,0.37844834666976773,0,False
21.23000000000004,79.37000000000019,0.0569810055000867,0.1315223161708499,0.4138120788003489,0.3730916708649475,0.1680031636770247,0.5176452561600177,2.308178221597581,2.2207419341228487,Laterite,2.0351117731551573,7.74645035950628,318.8856455380384,12.988178906118984,1189.7131824961668,0.5470327658757141,1,False
21.23000000000004,79.3800000000002,0.0801015629707339,0.1414156295199566,0.295694944391473,0.3566047447802785,0.1816707298911503,0.3529526029436254,1.7654540573082096,1.96291799343598,Laterite,9.028907008404488,1.323303776688809,254.25064640292536,5.858821626708668,1096.6675394595459,0.41681149403937257,1,False
21.23000000000004,79.3900000000002,0.0344296663540882,0.0841514226569068,0.4267575167939575,0.2239953779212114,0.0539093019021014,0.6705815217056736,2.444154455260907,4.1550413305755605,Laterite,21.24516265935845,0.3831097110250581,258.25145868216936,11.468018706873169,1192.9555253400104,0.43099204324888407,1,False
21.23000000000004,79.4000000000002,0.066521265184376,0.1113743697882138,0.4080999938517075,0.2491374764915797,0.1320174978367141,0.571203594970957,1.6742671582101207,1.8871549634353,Laterite,2.020518044063151,16.53717121945506,478.972646894877,17.998593160054604,1174.3963601187922,0.4649856170823581,1,False
21.23000000000004,79.41000000000021,0.023219235152451,0.123438740180732,0.1930618812598152,0.227221705835716,0.1258544496124954,0.2199778968527671,5.0,1.8054324368728007,Laterite,17.465113805288198,10.494712753228644,457.1226364344695,19.373497227934497,1199.7863263220906,0.4880895263498825,1,False
21.23000000000004,79.42000000000021,0.0450789706814607,0.1384077884701659,0.2342209894340738,0.2499258432299088,0.125651414670068,0.2571277545364941,3.0703404729703325,1.9890412192115212,Laterite,10.376491708588702,15.504881036698986,513.0982697005547,24.007244533905652,1143.0376192753304,0.4058306898542459,1,False
21.23000000000004,79.43000000000022,0.0725934580242731,0.1317947322151246,0.3982537163279987,0.2041308870361449,0.1086986228140978,0.5027068465061737,1.8155180317970856,1.8779528347609813,Laterite,18.627465533024314,4.688512000230293,574.9924689596419,22.060522149449078,1074.3379944091057,0.42800548662198645,1,False
21.23000000000004,79.44000000000023,0.0150901879940469,0.161470244003789,0.05,0.2517366038531115,0.1220147864109947,-0.5271202313885812,5.0,2.0631647282391268,Laterite,1.3722610143753855,6.901674910264674,476.7709453066368,21.987968571467437,1145.48159043723,0.4131111215804208,0,False
21.23000000000004,79.45000000000023,0.0759742421388089,0.076536530752231,0.289354430683524,0.2753002320348079,0.181622239135328,0.5816429546060164,1.0074010414168362,1.5157848135442342,Laterite,26.14610418457129,0.6020774442263788,262.3406146205774,10.064079809151753,1188.3423817570524,0.48159477325036654,0,False
21.23000000000004,79.46000000000024,0.0620508660321964,0.0660901583217528,0.1621168798375561,0.3757936913327431,0.0433174323326038,0.4207877296347416,1.065096467484449,5.0,Laterite,29.204669075321906,19.229846491482242,297.37704670616426,15.897099883554683,1218.7696164338245,0.46552326406124833,0,False
21.23000000000004,79.47000000000024,0.0790946986325112,0.1020843004129631,0.2584446198566713,0.1132950135918703,0.2276447384015179,0.4336970229278661,1.2906591977573614,0.49768342698206,Laterite,29.066335658570743,13.357358134016268,536.8774923492458,21.639590288155482,1109.4084349764369,0.44012655446880844,0,False
21.23000000000004,79.48000000000025,0.0691174240219366,0.1259251228936379,0.2771179910971038,0.2037331260917842,0.1627920562513182,0.3751282751587367,1.821901271544516,1.2514930436907308,Laterite,22.48955495228774,18.664101755186124,283.7224303336834,10.140781959556758,1219.353021343714,0.4192982056955175,0,False
21.23000000000004,79.49000000000025,0.103204212899212,0.10336452355961,0.2720755622092739,0.1536813192404951,0.1363034052169844,0.4493687408450662,1.0015533334903606,1.1274943489716711,Laterite,3.902587203918959,5.309928148581447,229.00892678179258,10.916515516698603,1135.6063855177372,0.38478807536550846,0,False
21.24000000000004,79.0,0.0718367350794369,0.139726878628575,0.2091738747887414,0.3366417429003251,0.1924617073186458,0.1990451309149139,1.9450616495802489,1.749136217357027,Gondwana_sediment,22.74789587787068,12.229272224513217,481.3120216169002,19.18308810812357,1202.122494079792,0.4980708005128917,0,False
21.24000000000004,79.01,0.055077833766242,0.2015580707652806,0.1555856350371213,0.2205100105771274,0.0743482627415776,-0.1287225141263511,3.659513394349706,2.9659066957219067,Gondwana_sediment,0.7376074937640453,13.569999365852755,361.0105421960568,13.359206896577682,1158.5053023567841,0.43046966931451935,0,False
21.24000000000004,79.02000000000001,0.0715089250909681,0.0601071632370625,0.4953911266818717,0.1235759444349933,0.1135249547424486,0.7835919052603606,0.8405547010606502,1.0885355083954322,Gondwana_sediment,0.6637065458699176,6.350994005151769,568.0160210183615,22.711654507690813,1193.1085313856709,0.4616674363745947,0,True
21.24000000000004,79.03000000000002,0.0840189408710911,0.0820341234025925,0.4538462004161387,0.3227677079032787,0.1405262283804715,0.6938341648646411,0.9763765462221003,2.296850284771804,Gondwana_sediment,9.708306574486237,16.9621847003126,460.10202843746464,19.081704787195022,1228.5938817285794,0.4454029342938913,0,False
21.24000000000004,79.04000000000002,0.0690658021097705,0.0907849976437857,0.1517934179743758,0.3461017780320164,0.214678018521608,0.2514997888413632,1.3144710513612563,1.6121901080243162,Gondwana_sediment,14.659295712139972,18.943229258004955,236.1675911166643,12.524676559017387,1122.649296135639,0.46592982475154676,0,False
21.24000000000004,79.05000000000003,0.0686977507361158,0.141081858745837,0.4271116751303613,0.3241822209591022,0.1438951709436711,0.5034020967871592,2.0536605205954914,2.252905490905704,Gondwana_sediment,23.112222534233798,17.697102353920087,579.1426269014643,20.262767296641858,1150.0047051627241,0.40086126543453865,0,False
21.24000000000004,79.06000000000003,0.0463002493657966,0.0750573194493169,0.2298534509527197,0.2377358514097325,0.1685427335592563,0.5076768237754619,1.6210996768983712,1.4105375310356854,Gondwana_sediment,20.498861298195155,14.781339518787451,303.42290545609836,12.688782378571606,1193.2481293671701,0.4406879865176446,0,False
21.24000000000004,79.07000000000004,0.0473529724734708,0.1499481071546846,0.2836187473331765,0.2517398645943177,0.1163810502031925,0.3083045642535477,3.1666038900098967,2.1630657563107776,Gondwana_sediment,13.37708119130245,5.549293594499081,334.8849961625143,15.203348696079516,1304.0791830515834,0.5283293342795004,0,False
21.24000000000004,79.08000000000004,0.0250418418460084,0.1126426744607368,0.2652726040103143,0.3218388463977868,0.1700221034483733,0.4038734028607995,4.498178476790992,1.8929235651188128,Gondwana_sediment,8.208799988449977,5.632320842112635,360.9041654734168,15.42457071137596,1140.8405143917244,0.48646357785510985,0,False
21.24000000000004,79.09000000000005,0.1194873022956073,0.1262012465085168,0.2065251358746098,0.1935672613188088,0.2293619796487215,0.2414112423747053,1.0561896032323206,0.8439378729241535,Gondwana_sediment,29.913735004731336,19.267206408920757,220.4897185617253,11.806801945605622,1286.0066942999117,0.4560645458111327,0,False
21.24000000000004,79.10000000000005,0.0295641029382605,0.0378836190452575,0.3717852343606215,0.2143707027139558,0.1950963345837043,0.8150524806996884,1.281406000927214,1.0987941063141942,Gondwana_sediment,12.785439067079189,0.20568991871384057,398.60616889224195,16.459899710993035,1284.2211651838243,0.5795671360417283,0,True
21.24000000000004,79.11000000000006,0.0459728440661218,0.0425073673428982,0.2868886530576731,0.1902116896043302,0.1410672006111045,0.7419072195935983,0.9246190466114924,1.348376437935208,Gondwana_sediment,13.541610729890264,14.32099946484289,249.3273964301169,10.019538633549647,1179.1344424649863,0.45783750060905065,0,True
21.24000000000004,79.12000000000006,0.045087782032923,0.1062003700112707,0.2275448576780836,0.1398494284895776,0.1787345423632719,0.3635841880663545,2.3554134842601475,0.782442087367165,Gondwana_sediment,4.9087146357500755,14.124923251105244,360.3881306753407,16.200831205499213,1169.0923736900706,0.38626322704333965,0,False
21.24000000000004,79.13000000000007,0.0933677313083321,0.026,0.1456410556199609,0.2379764782089852,0.1736558477303589,0.6970421797868687,0.278468798671912,1.370391387230794,Gondwana_sediment,23.84428646249788,12.453790818995948,340.28391519683373,14.37712409643744,1149.3967400668312,0.44947637995456013,0,False
21.24000000000004,79.14000000000007,0.057551509651238,0.1351054963857611,0.1876404986280966,0.2985404767187685,0.169929383584862,0.1627750709154494,2.347557813335294,1.7568502294601307,Laterite,20.81046677344466,19.802176921737317,509.13603337060135,20.433183913880782,1180.5898734834323,0.42357124183211414,1,False
21.24000000000004,79.15000000000008,0.1037122621802108,0.0880938462251053,0.1137619884397994,0.2603621503874877,0.2000176680430186,0.1271607642384427,0.84940627355223,1.301695759203237,Laterite,6.623088383662812,6.237588715274505,521.2682046530924,22.751796606384943,1113.6640283720878,0.43932743499869176,0,False
21.24000000000004,79.16000000000008,0.0459552812726826,0.2,0.2800223548415265,0.2655017350075708,0.1994638851918714,0.1667054753132786,4.352056913286284,1.331076724085002,Laterite,2.471431368475281,6.799437275864964,261.3651529556352,9.58515812005151,1180.1880491340357,0.4404277060422465,1,False
21.24000000000004,79.17000000000009,0.0744098248667127,0.1863766500246424,0.1600334407715704,0.2303532928157289,0.1377020701562537,-0.0760463102703453,2.5047317354666285,1.6728382687860668,Laterite,20.414979062241393,1.578788058931111,346.6204749516905,13.220165485615116,1258.8440136926085,0.4757801896442354,1,False
21.24000000000004,79.18000000000009,0.0408595884022058,0.0866220372300972,0.2540439487481564,0.2564326647909977,0.1759739530738863,0.4914547338447844,2.11999289286579,1.4572194359787274,Laterite,19.63533642843406,8.855962730874749,349.3412644127327,13.499897973665968,1153.4457468762298,0.38696248624927887,0,False
21.24000000000004,79.1900000000001,0.1301544738332001,0.0894465198987452,0.4185101853610481,0.1634586760356289,0.1245452539420081,0.6478183317399506,0.6872335402365984,1.3124440372532835,Laterite,8.19778580994628,5.220970524696962,260.56417757443404,13.562979052600898,1171.9637848006132,0.48898948083604793,0,False
21.24000000000004,79.2000000000001,0.030052047429113,0.1333432605600789,0.40232995729217,0.1975343079850901,0.0973663801842188,0.502146995066065,4.437077388184677,2.028773252209588,Laterite,28.52590686751231,6.867734043552884,519.3814020204762,15.198859038881748,1098.9429762867037,0.35429724774996224,1,False
21.24000000000004,79.21000000000011,0.0748546213068092,0.1614669043967191,0.2800723105897501,0.2323402965878034,0.1298653122147983,0.2686180573333758,2.1570732890251603,1.7890866502103495,Laterite,4.5317367534270065,16.691435805112555,482.8913313341693,20.911669808449606,1202.703104406618,0.3955754193822319,1,False
21.24000000000004,79.22000000000011,0.0844533064279613,0.0276388377025568,0.2754915273856974,0.2380261101217282,0.1393460924130183,0.8176438857559374,0.3272676800807796,1.7081649426193322,Laterite,12.970044031278057,18.709690270549913,276.1527145188139,11.574906733351025,1197.2240842476344,0.4673270490502372,0,True
21.24000000000004,79.23000000000012,0.0777339729235432,0.0215249813858099,0.4730874549421136,0.2407131498445268,0.0599009505410978,0.9129622312319408,0.2769057150763505,4.018519694065997,Laterite,28.308477605027967,3.7146614401037126,346.6887634375196,11.083624224753741,1187.1851179883542,0.5253366316045313,0,True
21.24000000000004,79.24000000000012,0.0596413702336669,0.067918607777822,0.3380756120358844,0.2083165302588491,0.1858166279708333,0.6654208139108083,1.138783488673175,1.1210865917739006,Laterite,12.591819507783669,7.450178631069317,242.3220099426057,10.716203972547241,1173.1586474889586,0.4223048379551391,0,False
21.24000000000004,79.25000000000013,0.0611853790079953,0.1159295033269518,0.2541193540123614,0.1912803619208723,0.03,0.3734367716783783,1.8947255866851824,5.0,Laterite,19.155778429922567,18.572611242307882,451.2826388372176,19.75494726854713,1169.362104061443,0.47355940515823935,1,False
21.24000000000004,79.26000000000013,0.0662743441593713,0.1460094267063913,0.145198188287969,0.48,0.2781808469743132,-0.0027857733670854,2.203106320222025,1.725496219629286,Laterite,11.927831938883829,1.2361692137844527,248.54876981944787,11.535477205191794,1209.0950116850993,0.5070776382250894,1,False
21.24000000000004,79.27000000000014,0.0604299399511433,0.1350508581993511,0.328087321816489,0.280575109105263,0.217353956689813,0.4168010151286936,2.234833562387355,1.2908672712895974,Laterite,8.2264560704601,1.8472105622275703,594.3736674499671,19.461913350992067,1182.5591699206345,0.48419391058494143,1,False
21.24000000000004,79.28000000000014,0.0936363735038452,0.0440920988653846,0.3725323772583013,0.2457203233166785,0.1290295637913812,0.7883364927810358,0.4708864426118053,1.904372268695948,Laterite,29.51932943879485,3.2558197841245873,512.2728298751449,24.07748006850658,1199.7485935778323,0.434345308133003,0,True
21.24000000000004,79.29000000000015,0.1309156900477384,0.02,0.2273348475486512,0.2001754051255472,0.1423713180281855,0.8382759223770135,0.1527700765082472,1.4060093546743533,Laterite,12.28002018945129,11.904256682537495,356.09541983359804,13.361835750363571,1194.749140872793,0.3934785919675937,0,True
21.24000000000004,79.30000000000015,0.0477552464497628,0.1260405678120826,0.3205202755138193,0.1846146821139233,0.1568685936793609,0.4355055096406069,2.639303048739228,1.1768747182982198,Laterite,26.822976110374032,3.0094454201199494,431.42557291174177,19.349201031495596,1240.1713643548537,0.3546868833495024,0,False
21.24000000000004,79.31000000000016,0.0232659106126254,0.0584121490813873,0.2559426705085136,0.2067439584391076,0.1120819806005495,0.6283680384540712,2.5106323927259555,1.84457802357604,Laterite,6.898638176732586,19.36152762901467,564.5367264865636,25.0,1217.8497048688184,0.4435516143526872,1,False
21.24000000000004,79.32000000000016,0.06159153854946,0.026,0.2747967600801167,0.2833176228612746,0.1509909573793434,0.827125797269683,0.4221359064915634,1.876388014163261,Laterite,6.3931411207524995,8.934290545170407,421.63971215833044,15.814927168691849,1193.6430921575752,0.5065205279871994,0,True
21.24000000000004,79.33000000000017,0.1415112801296272,0.0969825498383717,0.05,0.0836695119155784,0.1339800011149134,-0.3196471272138839,0.6853344106632372,0.6244925448341101,Laterite,0.9340224865353408,10.030359207003327,269.7993945591821,12.56256134466902,1259.9211015326746,0.41626211383665623,0,False
21.24000000000004,79.34000000000017,0.0398897629609056,0.1227270275287435,0.2728218596284043,0.1051427283237661,0.1362863641384481,0.3794596241705101,3.076654713174348,0.7714838451468796,Laterite,19.55000476127655,4.93317231610813,351.4813422324637,13.874069444527938,1205.0134264528938,0.4868905272957734,0,False
21.24000000000004,79.35000000000018,0.1130535041633195,0.0859377147151452,0.3928369302408238,0.1701182327742668,0.1498930531740282,0.6410097499833181,0.7601508265943059,1.13493073266887,Laterite,11.055790311712833,9.41920504869467,537.2579460118982,18.242993391819443,1249.2481344395867,0.42096042391225136,0,False
21.24000000000004,79.36000000000018,0.1140910244222907,0.0723260645526966,0.233659744443363,0.2288997605744935,0.0749636100822965,0.5272586998961707,0.633932992148439,3.0534783479324847,Laterite,25.930747495189113,13.23827265274023,457.68520639584716,21.405700784215853,1214.3471304193977,0.460683802726616,0,False
21.24000000000004,79.37000000000019,0.0470323527487576,0.0840855107141598,0.3029526368215509,0.197350879699364,0.1424384862066785,0.565492387363826,1.7878227564875284,1.3855165469426276,Laterite,14.196297200746715,15.023542739080856,460.2897537335201,17.62864981286419,1091.9040460534886,0.4448535979778091,0,False
21.24000000000004,79.3800000000002,0.0805894923755556,0.0754566895039647,0.2230049293308277,0.3172684858269573,0.1484523873308699,0.4943625259202896,0.936309277873319,2.137173347748956,Laterite,29.045802837441652,15.07736165419826,546.7285942753956,21.071371169332043,1249.2417381660323,0.4354908799703407,0,False
21.24000000000004,79.3900000000002,0.1122518986938534,0.0361781155223892,0.3355441676292975,0.1097322249102894,0.1465424810677916,0.8053486852823742,0.3222940182849743,0.7488082911919965,Laterite,5.565765471093634,11.557822253881767,557.5892229850019,22.426752554968303,1190.7588120671992,0.4550587885600454,0,True
21.24000000000004,79.4000000000002,0.0519061677703726,0.0797326047964921,0.2787476802464033,0.1927269805533086,0.1291284622281881,0.5551632368585647,1.5360911442280158,1.4925213007143292,Laterite,26.058695038668322,18.087195499877144,567.9170287117745,24.207682980312047,1181.4022614550267,0.42227128120936863,0,False
21.24000000000004,79.41000000000021,0.0570525891969263,0.1105911962005483,0.2073758459318204,0.31930642186937,0.1966328887984643,0.3043857912183939,1.9384080120357725,1.62387087764474,Laterite,23.297905583752254,16.348156946122188,237.93967730126244,9.799612399241731,1198.0674173745447,0.4845327144623631,0,False
21.24000000000004,79.42000000000021,0.0455895725815378,0.1024271416550556,0.4354551467665343,0.221778352727253,0.1218773722559181,0.6191466278371635,2.246723003318149,1.819684396210926,Laterite,23.12765533932156,15.140962293972509,417.6504007852403,18.498233882132684,1166.7508419022124,0.44929742413756146,1,False
21.24000000000004,79.43000000000022,0.032477298079211,0.0961023922386684,0.3959932013532435,0.2742389807960737,0.1507462953411551,0.6094157577487452,2.9590636421900456,1.8192087572933084,Laterite,25.343496843506628,1.1121104336092125,496.2038084873274,17.99617995391466,1195.351443019513,0.4510821748537807,1,False
21.24000000000004,79.44000000000023,0.0433216736480167,0.0493940607258603,0.243509323607205,0.3555872860288549,0.2040648766962727,0.6627279614985269,1.140169722277213,1.74252076894082,Laterite,22.830719728289967,0.13755924439298628,502.7707380508055,19.464008011255427,1154.406196682911,0.5108198217631905,0,False
21.24000000000004,79.45000000000023,0.0259617919971292,0.0817598735145687,0.3546788309418007,0.1631336907468647,0.1350511929989798,0.6253317008276071,3.1492384350312013,1.20793964868791,Laterite,18.786609648942463,4.248945543909459,442.6864807880015,18.213275888190328,1247.713612936784,0.5010079119697092,0,False
21.24000000000004,79.46000000000024,0.0635825040477736,0.02,0.3595412002820615,0.2044479963545499,0.1495631633733728,0.8946095969034866,0.3145519395322573,1.366967584842162,Laterite,3.937346330471627,13.270471878269046,266.71493407346964,14.908896838378645,1178.3205943190133,0.4073526295633155,0,True
21.24000000000004,79.47000000000024,0.0393408030682375,0.0957990665554108,0.3709301235011415,0.192030116934831,0.1338407681842503,0.5894875716975084,2.435107034946245,1.4347655008001627,Laterite,0.9757853847375575,8.223949777650915,518.9682215766657,21.39605082220022,1164.870807863944,0.432533357909091,1,False
21.24000000000004,79.48000000000025,0.0693335773537191,0.1456343083125378,0.1381744104005165,0.0739784896861625,0.2003484896781751,-0.026284949747915,2.100487435683672,0.3692490508317343,Laterite,27.625435434470607,8.048125185986235,488.0445334059783,22.505633419239025,1137.753709214102,0.42286270170130513,0,False
21.24000000000004,79.49000000000025,0.0155231306138878,0.038135129133804,0.4091606541032876,0.2265266684844886,0.1254137719206802,0.829485854307441,2.4566648208203383,1.8062343938362304,Laterite,18.49950943562214,17.691737764592276,234.45430861961452,9.846039863385906,1197.4387894574977,0.45305552467782223,1,True
21.25000000000004,79.0,0.0779264069664334,0.0735628930672893,0.2080301037074292,0.2866743531166458,0.2111677288644098,0.4775232769725615,0.9440046812959808,1.3575670606608732,Gondwana_sediment,23.89611872928529,17.911256962636774,385.52392986975053,15.096179803031136,1209.355355006317,0.5797337219577436,0,False
21.25000000000004,79.01,0.0928858688482673,0.1099842711484046,0.2301172066558761,0.2625412679268559,0.1416406052676461,0.3532267376423517,1.184079692570462,1.853573466771034,Gondwana_sediment,14.445670545376503,18.183505281071714,269.59095980872144,10.739507810467844,1219.421230683938,0.47582555614202654,0,False
21.25000000000004,79.02000000000001,0.01,0.1467537053770987,0.5,0.2677358218571596,0.1036670138275985,0.5461836424459569,5.0,2.582652009675397,Gondwana_sediment,3.519245668871834,6.277561530300546,334.99081828518877,13.621111337825102,1148.637405624806,0.3289438986040634,0,False
21.25000000000004,79.03000000000002,0.0788616970954266,0.0785310153479932,0.2978873380721049,0.1978143713552337,0.1804286585287053,0.5827460873594185,0.9958068129498414,1.096357822857319,Gondwana_sediment,3.7555737660765134,13.821116254785235,207.2324368822742,9.841976348016235,1119.9409400594839,0.3928379039364581,0,False
21.25000000000004,79.04000000000002,0.1043500697741982,0.0891669828781723,0.2299677524552866,0.2134478321755244,0.1310466083122163,0.4411953759463827,0.8544985450002072,1.6287932573127664,Gondwana_sediment,20.56695861686914,5.432663625487393,360.1319473643033,17.754720341999082,1231.2795651253905,0.365111232547231,0,False
21.25000000000004,79.05000000000003,0.0311107694392632,0.02,0.05,0.3123478970329019,0.1771250449549572,0.4285714279591837,0.6428642009243482,1.7634315742078632,Gondwana_sediment,12.90917684698388,3.8121966614889957,419.9507684624842,18.21731038130948,1274.232093093888,0.46134712205791595,0,False
21.25000000000004,79.06000000000003,0.1174571716051304,0.1000575251723232,0.4093764133946406,0.1883877997549614,0.03,0.6071815494501845,0.8518639068162819,5.0,Gondwana_sediment,6.015741801010101,3.6926491469473843,447.8330371308347,21.033865237934958,1148.6823188805677,0.3313903580938914,0,False
21.25000000000004,79.07000000000004,0.0797305702809806,0.1774230416057486,0.1367790329191453,0.2434857427155231,0.1460002630947462,-0.1293562709129965,2.2252824827159667,1.6677075601620213,Gondwana_sediment,14.747836402243106,6.842152417271881,465.39613805148406,17.461926276885798,1279.4720641781475,0.43622250051338396,0,False
21.25000000000004,79.08000000000004,0.0458896443272469,0.1066543384785858,0.1718561096500556,0.2340334276474256,0.1225797350621247,0.2341088874265242,2.3241482868248142,1.9092342411891456,Gondwana_sediment,1.9262681122540226,8.599152395596434,534.516525240984,21.44226086741294,1214.1955529368815,0.37928725586962453,0,False
21.25000000000004,79.09000000000005,0.0652469276702679,0.0944888408326501,0.2399647700912215,0.3246201911379961,0.0922170656734348,0.4349659398600064,1.4481730260977488,3.520174800785196,Gondwana_sediment,17.459142057431965,16.61898342110137,286.185162910292,10.475776719513497,1199.646854772521,0.4690755794380692,0,False
21.25000000000004,79.10000000000005,0.0835498073756507,0.108083292430678,0.4156411791700362,0.2899988650370629,0.1175379499080086,0.5872513188864585,1.29363903635777,2.467278568473445,Gondwana_sediment,8.06980213305293,2.397821869454242,248.19272897538718,10.970252889057505,1180.1225651727736,0.44257293007123405,0,False
21.25000000000004,79.11000000000006,0.0689601617423713,0.0945763198420544,0.3522239986665833,0.131031896553299,0.1163348427853659,0.5766506157087327,1.3714631363284255,1.126334065559493,Gondwana_sediment,23.926773019115643,14.698516947897884,540.6148687591702,21.807702761273266,1130.7740990288128,0.4391884025107413,0,False
21.25000000000004,79.12000000000006,0.08272267977339,0.0623194251095932,0.2600162490159818,0.1382712783257445,0.1424407102574693,0.6133259198857325,0.7533535567872718,0.9707286489848218,Gondwana_sediment,9.310858767707213,10.629098283786107,262.64512595706,12.403092788945889,1249.3864257962925,0.46329234024518334,0,False
21.25000000000004,79.13000000000007,0.0388197922076179,0.1275911966271065,0.3075292063638904,0.2616236872648366,0.0762936769357505,0.4135361349606796,3.2867562921522477,3.429166051889754,Laterite,13.656604472454037,5.75890685351985,589.9040325344781,22.717331265671703,1161.2196819281824,0.36574249321284746,1,False
21.25000000000004,79.14000000000007,0.0714008247210811,0.1035104609244684,0.2175614307128982,0.2162963646834554,0.1602936890129839,0.3552194157242586,1.4497095962665525,1.3493754238259352,Laterite,0.34861619724301907,9.856391690656492,537.0152917594548,22.461699103286513,1161.0096662131825,0.46105469329268023,1,False
21.25000000000004,79.15000000000008,0.0237885650928493,0.0950045300773444,0.2924653689565443,0.1886379751232334,0.2126107392602875,0.5096159451884753,3.993705770279157,0.8872457510416246,Laterite,2.173406633836766,5.9988413955404525,400.3506423558397,18.054992586851164,1249.5963154944102,0.5647098463238764,1,False
21.25000000000004,79.16000000000008,0.0627432181595376,0.0716369665815284,0.2867336744778234,0.3495527422555316,0.1581664248473893,0.6002073919907149,1.1417483605192476,2.210031252661889,Laterite,11.774806692200544,11.92163910476612,592.5685699688102,20.559751531952536,1105.850827666476,0.43515468930525586,0,False
21.25000000000004,79.17000000000009,0.0388427707560549,0.1460803172773883,0.3771769895681455,0.2330221567462203,0.1843894304614484,0.4416501580068945,3.760810932328656,1.2637500752439546,Laterite,14.398165041513705,8.676878457104884,238.95069164320168,14.199541433127145,1123.8201094666542,0.400136311084117,0,False
21.25000000000004,79.18000000000009,0.0437741017223055,0.1203481098133222,0.3779178122439056,0.2232720170822575,0.1984881227306876,0.5169322062312485,2.749299352888094,1.124863361586178,Laterite,18.000616443579112,3.2881105815775746,321.22630447004065,12.818125583158608,1199.0932878246585,0.3782566241289747,0,False
21.25000000000004,79.1900000000001,0.1028027952563116,0.0714631665053057,0.3314977382205756,0.2738880048528498,0.2054044756092066,0.6453096779391796,0.695148086757917,1.333408164097632,Laterite,8.749877361279097,2.3316614911139344,455.2897660162446,14.92032708999118,1214.6642214503051,0.41009573450586617,0,False
21.25000000000004,79.2000000000001,0.0983393036178265,0.1334729941472752,0.2467652442454013,0.1927423703539466,0.2369069346410629,0.2979507020315321,1.357270075149818,0.8135784229558843,Laterite,20.849456583796275,10.933913641442603,340.00274738927146,14.482968938373217,1224.2367323985088,0.4817407574780437,0,False
21.25000000000004,79.21000000000011,0.0837541436272137,0.0733171664645893,0.3580822294390247,0.3284963289830748,0.118259900086201,0.6600961095737135,0.8753855415605765,2.777749080337925,Laterite,25.803671915676137,18.04826066572207,571.3490207923167,23.87309613562616,1184.9100753302498,0.4979971795888124,0,False
21.25000000000004,79.22000000000011,0.0325906170598209,0.061759860299556,0.2756031533797078,0.1632366663736852,0.1071158007419416,0.6338670344582265,1.8950196615391528,1.5239270498901896,Laterite,23.395529666800496,6.8791537311537105,226.25043527112703,9.263312710485307,1326.518483432147,0.5104877400231539,0,False
21.25000000000004,79.23000000000012,0.0557477465091542,0.0624718753007859,0.1775085631286996,0.2640850346439418,0.1820332824162341,0.4793586032795732,1.1206170491297949,1.4507513735593387,Laterite,1.1885647604507144,14.660002144452465,419.7647328243858,19.472579426869405,1188.6053720617708,0.48572137900846324,0,False
21.25000000000004,79.24000000000012,0.1015129309993737,0.0218372578764736,0.2462712208089195,0.3181682987061847,0.1780933109828673,0.8371013253635051,0.2151179917669464,1.7865258204904737,Laterite,14.415208417734869,13.173227098795339,436.3465069580458,19.67599439943935,1188.4606923949264,0.48105667184945955,0,True
21.25000000000004,79.25000000000013,0.0692515074091953,0.1113616952167254,0.2959526983784463,0.1210893157509483,0.1812837649807816,0.4531904740392408,1.6080761159161585,0.6679545501329912,Laterite,3.147905352545246,18.63109828618962,461.09124951088967,19.80788777833476,1160.1506665593686,0.4603832195290591,1,False
21.25000000000004,79.26000000000013,0.1344598861994489,0.026,0.3794215783664888,0.2317998452283885,0.2367841227125097,0.871738449895315,0.1933662203320378,0.9789501191003932,Laterite,7.261350475875824,16.419620345982818,302.26648933272577,13.494748323423536,1206.195340826116,0.4193995730467307,0,True
21.25000000000004,79.27000000000014,0.0765595351818291,0.0430022467493665,0.2709471827842994,0.2968545175019841,0.1427084954399217,0.726056219630378,0.5616837483543712,2.080146079452859,Laterite,29.599877798014393,11.33210517810926,345.82657100794574,14.200723559788232,1230.7480616024013,0.4702266986996581,0,True
21.25000000000004,79.28000000000014,0.0704014734946989,0.02,0.1692801288760546,0.2976071183411666,0.1632678279823061,0.7886730090665761,0.2840849626975131,1.822815442801981,Laterite,4.274866287045397,13.140609964682145,537.4722118659911,25.0,1260.1789027267355,0.4301481983284189,1,True
21.25000000000004,79.29000000000015,0.0552465060739228,0.0883372122883611,0.2967741683296976,0.204295307972818,0.0927605874258231,0.5412381105245337,1.5989646840338574,2.2023934239953515,Laterite,14.966644603540683,17.967729331680697,277.9771075880639,8.623987446120463,1125.5357867780517,0.4229473676896745,0,False
21.25000000000004,79.30000000000015,0.0684062271434663,0.0855871815891219,0.3033456040056714,0.1645730234426144,0.2483660561987946,0.5598870304223486,1.2511606770024963,0.6626228474821305,Laterite,18.544672029543573,7.990375691738696,530.7471388693448,22.393767467987825,1187.7002330822775,0.46193076395919963,0,False
21.25000000000004,79.31000000000016,0.0597059049085814,0.0783521514725421,0.3114837628902919,0.2826155075631478,0.1245927539395411,0.5980249709393461,1.312301546409533,2.268314154717666,Laterite,21.073949116323117,6.535894117155547,425.06216916109696,17.840972977423267,1222.3351805405198,0.5423148830720377,0,False
21.25000000000004,79.32000000000016,0.0854032603006554,0.0495368922131735,0.38578715159546,0.2982484371807066,0.1258292035919551,0.7724137090228336,0.580035141290617,2.370264043876924,Laterite,16.789460504607423,0.21622167270392678,504.87500447763284,22.663019332030554,1229.3528767297894,0.3955207300552893,0,True
21.25000000000004,79.33000000000017,0.0927410695038351,0.0441706498625308,0.3965923240090074,0.1335735656041265,0.1237225054495843,0.7995718673257561,0.4762792800559233,1.079622215948368,Laterite,0.2931254225755098,16.531021483829285,485.4429465053886,18.539081682874723,1200.3274328902894,0.47419816888342375,0,True
21.25000000000004,79.34000000000017,0.0403403161847591,0.1094547945418593,0.2361789127618513,0.1305260445723473,0.1086352070677795,0.3666428230391729,2.7132854826726343,1.2015077613904577,Laterite,9.793839247319756,16.019614008067297,283.00459815395163,8.304513051621578,1227.1211984766676,0.5342322790099301,1,False
21.25000000000004,79.35000000000018,0.0238630113932642,0.0686779227316568,0.2348856541951241,0.2302679677388458,0.1042281475576138,0.5475219823516713,2.878007360933572,2.2092685413087145,Laterite,15.531349301541344,2.0890903620030277,427.52509457354915,18.127191639427604,1159.5518053537726,0.47277431529960456,1,False
21.25000000000004,79.36000000000018,0.01,0.103174332861442,0.1933801289044716,0.2582552443400161,0.1143347858555199,0.3041795273470406,5.0,2.2587635266181025,Laterite,2.6359949743450004,11.537147622654004,547.089261122037,23.357846864522084,1277.8952716159804,0.5208579989972447,0,False
21.25000000000004,79.37000000000019,0.0787997398073737,0.0549300525550272,0.368181567028067,0.1929651640338897,0.0720502035974488,0.7403519541903896,0.6970841860594406,2.6782042816170706,Laterite,10.518807936275422,9.279633963337748,372.8464947207717,18.514469432260785,1249.631405149034,0.4979965220242783,0,True
21.25000000000004,79.3800000000002,0.0303390018147811,0.0974025097108393,0.4440820108337914,0.2611505673987578,0.1008941039868341,0.640238987275637,3.2104717875832582,2.588363014492895,Laterite,0.9960932637409969,2.3741819101822292,586.6363080893267,21.902455411071774,1132.753610646804,0.4896993284813223,0,False
21.25000000000004,79.3900000000002,0.01,0.1421111214926385,0.2685918072091279,0.1635904375213764,0.2374281555723769,0.3079614895503649,5.0,0.6890102694775263,Laterite,2.3573549146506223,19.61136454121447,380.88604004068725,18.179639201795407,1146.2448475942247,0.3754679094422158,1,False
21.25000000000004,79.4000000000002,0.0748573581359261,0.1132466320157071,0.2768569435275214,0.0649714480648316,0.1765827571820643,0.4194022350142337,1.5128323345153387,0.3679376688010909,Laterite,11.907698286047882,4.293917749267109,257.1142546671539,15.447922672518988,1147.6539124947171,0.3610738838870066,0,False
21.25000000000004,79.41000000000021,0.1378699855229808,0.0731234472713365,0.4485782556899188,0.1830269249367112,0.1859152088363816,0.7196733424780452,0.5303797410358759,0.9844645092986511,Laterite,3.9814726212918106,1.344683601811223,355.7738720310693,14.068381559582933,1233.898498544889,0.4623952299310706,0,True
21.25000000000004,79.42000000000021,0.0627778726538003,0.0997279588142327,0.3533557853215224,0.2168262502559098,0.1983004393708413,0.5597813422662065,1.5885845512055146,1.093422943663181,Laterite,17.026225447846745,11.896947590038192,580.6809625562148,21.613155667522502,1135.7636116791891,0.3178532492011104,0,False
21.25000000000004,79.43000000000022,0.0879947232335463,0.079633393018787,0.3473235704801276,0.1927912028072406,0.2309667282181151,0.6269722718770551,0.9049791851374382,0.8347141781464968,Laterite,20.683949074117972,14.777333542660653,327.8883397359417,12.848065422917497,1183.4487832896584,0.5053255839425225,0,False
21.25000000000004,79.44000000000023,0.0651748807564239,0.0893952073877846,0.1855083494026499,0.1306977715438285,0.0505088724278032,0.349624948844049,1.371620572421398,2.587620055701782,Laterite,24.017600973272486,0.6488689209437393,547.2392639468251,22.82964593252714,1222.7352198209012,0.51956146720761,0,False
21.25000000000004,79.45000000000023,0.0596333104042626,0.0758755579140552,0.373372806927965,0.084404571688475,0.0774058442356683,0.6622110890760939,1.2723687025329844,1.0904160068645068,Laterite,6.004507327344303,13.174352774540443,552.500272672756,24.148420444711995,1196.6917032727408,0.4270918609730515,0,False
21.25000000000004,79.46000000000024,0.0900522944896299,0.0821465917645796,0.2134863659490476,0.1752137836942393,0.098533816955261,0.4442663468775599,0.9122098680430444,1.7782096434564552,Laterite,5.024477467772092,10.645837519029088,340.07460973278444,12.98698594585659,1212.9443757856977,0.4363156110866111,1,False
21.25000000000004,79.47000000000024,0.0536517636743372,0.0970237341229622,0.1938979814065281,0.273735904015474,0.1150535101755153,0.3329907740780075,1.80839784747898,2.3792051486301165,Laterite,3.137035210032008,2.0653001775009683,233.30306322025285,12.83135803580522,1146.7098644326247,0.4263988254047007,1,False
21.25000000000004,79.48000000000025,0.0702617694221538,0.048625652016717,0.2735228423233532,0.2985338207589496,0.1233315304707326,0.6981165337976585,0.6920641530581609,2.4205798742417746,Laterite,19.0929074863091,3.4504775389272413,489.8231636635273,18.180233855964183,1229.7427186699247,0.4637545520232027,0,False
21.25000000000004,79.49000000000025,0.071770934185877,0.0618083009965146,0.2505207276551559,0.3521279242676202,0.1158311223596929,0.6042103336116235,0.861188468723573,3.04001132674989,Laterite,21.194271794607033,11.35948594632161,324.60491960559443,10.046794679220836,1169.3394053762627,0.44486097297581273,0,False
21.26000000000004,79.0,0.0478772863907082,0.041338297846751,0.2434400305614985,0.1676863325396004,0.1578454456566022,0.7096808727455287,0.8634219037199152,1.062345078984242,Gondwana_sediment,0.9475843447692611,5.9271522702657675,513.1694457030289,23.59548108620084,1199.769016280168,0.4778249864489782,0,True
21.26000000000004,79.01,0.0975612704860953,0.032689155819851,0.122401836547511,0.1437405573458735,0.1484647695372602,0.5784519094269093,0.3350628340884889,0.9681795734912114,Gondwana_sediment,28.086367387310695,18.76631457302632,377.0619393041733,11.161672075261489,1227.8865863953642,0.4518261522478377,0,False
21.26000000000004,79.02000000000001,0.0624312072991373,0.0478286923111801,0.3632816306467706,0.2589644230485916,0.1103782602410868,0.7673194289775198,0.7661023117076713,2.346154235882585,Gondwana_sediment,1.5591385095441723,16.374804589681016,394.10669693704864,16.01285283463159,1221.1539110766075,0.5050923818276175,0,True
21.26000000000004,79.03000000000002,0.0448876452152141,0.1027185002721644,0.3810686294516467,0.2683570008118535,0.0375625611506207,0.5753566228205652,2.2883468168322283,5.0,Gondwana_sediment,16.238890059032116,19.671344130273262,511.16376269941475,25.0,1217.1990009508447,0.4787470142128319,0,False
21.26000000000004,79.04000000000002,0.0835352953071115,0.0604484993803237,0.0744657525859228,0.2516118723640334,0.0965165647310642,0.103897497787826,0.7236282470269169,2.606929419881831,Gondwana_sediment,21.27181558352749,5.193416779008279,352.94533242465116,14.681968411773935,1178.4686589012272,0.41157757479432844,0,False
21.26000000000004,79.05000000000003,0.0403659605462682,0.1165245785692429,0.3679457805666598,0.0823155708033549,0.1185180673343702,0.5189609585072522,2.886703963033649,0.6945402720892109,Gondwana_sediment,26.129073712382567,19.39447265595954,377.2509381291658,13.477253787322741,1201.0225294401055,0.5171390819302444,0,False
21.26000000000004,79.06000000000003,0.0680454347210731,0.0971885499501014,0.1899471370178425,0.1623180790581556,0.1334460281596129,0.3230479220989063,1.4282890572403673,1.2163575130342088,Gondwana_sediment,21.422607963972833,8.624677395831156,350.47618750784886,14.488379551920115,1216.1091795419168,0.38812809302209444,0,False
21.26000000000004,79.07000000000004,0.0668064301006731,0.02,0.3575975536982842,0.2206217846799796,0.089136627034472,0.8940671100815225,0.2993723798730752,2.4750968459592757,Gondwana_sediment,24.051842492093755,6.9503759062750925,346.936206110912,14.354073677382265,1147.2457383417109,0.4256088613370677,0,True
21.26000000000004,79.08000000000004,0.0995368669749465,0.1216390233688663,0.2659553507333645,0.2565052736241279,0.1208996766751777,0.3723385502215773,1.2220499493647712,2.121637381224097,Gondwana_sediment,10.183505776284182,1.0069905393870648,410.37863076058375,17.420409495730553,1192.873351684396,0.4956733769354219,0,False
21.26000000000004,79.09000000000005,0.0810809469863977,0.127691945823667,0.2765775564081064,0.2758115153821718,0.0887106305757193,0.3682830629708317,1.5748699344570056,3.1091145816604278,Gondwana_sediment,24.444753412395368,1.0553051571920524,523.5197778004604,23.13785003933842,1235.3839939517075,0.4271153424862831,0,False
21.26000000000004,79.10000000000005,0.0659691912376447,0.0553254930066044,0.2560902350578852,0.2318977465597404,0.1387890324225819,0.6446840152698932,0.8386565286731574,1.6708650701344794,Gondwana_sediment,2.403445391540254,13.840225118933095,344.70732476902634,12.284582861973952,1152.1281698077978,0.4475258460162817,0,False
21.26000000000004,79.11000000000006,0.0911329889760076,0.1117076617157981,0.3967129204233561,0.244654866457674,0.0912454335818677,0.5605698680654421,1.2257653660699166,2.6812833978155752,Laterite,26.84449968181583,9.158579888680558,409.70188821509464,20.446008119435866,1273.829082579777,0.5048528858173688,0,False
21.26000000000004,79.12000000000006,0.1081862264705183,0.0604600705036304,0.1524411987475051,0.2271405820852746,0.1022747671814751,0.4320365422160602,0.5588518281874001,2.2208858364854587,Laterite,16.42777128461209,4.530432520722114,468.2909301770403,20.002350659455246,1279.480663130057,0.43677905527470945,0,False
21.26000000000004,79.13000000000007,0.0830943091905547,0.0984468150699317,0.3380840338735092,0.268893356195291,0.0791057934505413,0.5489582679636238,1.184760014379494,3.399161352493011,Laterite,24.51893309887481,12.279406126504654,307.77577852146203,14.277578864531192,1153.7424712020606,0.42902954072107097,0,False
21.26000000000004,79.14000000000007,0.0665505785953002,0.0437800637217996,0.3883330164889639,0.2425005956043608,0.136684965221509,0.7973675606379967,0.6578464767713783,1.7741570554885338,Laterite,13.569548535549004,5.057162365002224,311.00912196095703,11.702414615528593,1283.880981652572,0.47363017660925394,0,True
21.26000000000004,79.15000000000008,0.0267649130294939,0.022455741898615,0.3507340080540504,0.224901636203307,0.1008576115023782,0.8796550980007032,0.8389992446442746,2.229892544847888,Laterite,19.30733085589575,11.552635086888452,573.3652508093819,25.0,1208.8209205644582,0.42572095262005716,0,True
21.26000000000004,79.16000000000008,0.0340465901077375,0.0786873124154793,0.5,0.20121418406038,0.1893392133337695,0.7280489453849067,2.311165727180416,1.0627179674577258,Laterite,15.792079828083397,7.184174939653807,489.41382933243545,19.878138071225347,1236.9257279579178,0.5789308905867578,0,True
21.26000000000004,79.17000000000009,0.0567232588693586,0.0888708421490045,0.2280053237275403,0.2253903997529702,0.1641125133346428,0.4390815609301287,1.5667442908562736,1.3733894816176282,Laterite,21.947685652659956,16.47104453223638,430.87467048932353,18.508216297375544,1191.1674473936528,0.40853247510034596,0,False
21.26000000000004,79.18000000000009,0.04747463393522,0.0777328122554137,0.3775304822593638,0.2533213965187457,0.1401474065908157,0.6585149155449151,1.63735463864231,1.807535383637938,Laterite,2.448899460917687,16.413923215335586,459.0880217682448,17.26245541930265,1262.1522413614032,0.5235536052139204,0,False
21.26000000000004,79.1900000000001,0.0600308609104351,0.0460987776710953,0.2720909364658691,0.2378232772228605,0.1035857251328083,0.7102434449734326,0.7679179824371012,2.295907825990059,Laterite,1.810562519716914,9.547007962448026,211.71977724136735,6.82779413225272,1236.3047009424984,0.44397421200937975,1,True
21.26000000000004,79.2000000000001,0.0672194977469116,0.0772840375147521,0.4069406076352785,0.2454578492841638,0.1623060152658128,0.6807926307639862,1.149726492910761,1.5123151703955,Laterite,7.413097020304393,7.016382186700312,447.24118622467876,20.011460038934047,1175.292337170185,0.38640281699455525,0,False
21.26000000000004,79.21000000000011,0.0812907826307003,0.1038717901032269,0.2837311004278752,0.3124905302945789,0.1776350444674294,0.4640298477439061,1.277780661152358,1.7591716266097426,Laterite,4.78634040339565,7.251195931181891,403.80354928968075,15.937934226655258,1157.7399000018006,0.4392931746584287,1,False
21.26000000000004,79.22000000000011,0.0631650366582255,0.1184615624336248,0.2466124218137656,0.2841137695107083,0.150054420610079,0.3510270927938743,1.8754293278899787,1.8934048604915557,Laterite,26.15350699776605,16.11429051336436,418.2998719117743,15.721515154648507,1142.9848782396039,0.4610739985592265,1,False
21.26000000000004,79.23000000000012,0.0797550493147843,0.1000400412239659,0.4169072203871759,0.1724701035668746,0.2229250927733439,0.6129584246453906,1.2543411603155667,0.7736684163449667,Laterite,6.57641962074133,6.56358965595224,343.76953073232687,13.037363763126224,1225.397088821703,0.5055493870614225,0,False
21.26000000000004,79.24000000000012,0.0669742324443018,0.0854820095763763,0.2380438060981204,0.3353429700235048,0.1655418659037381,0.4715598851254649,1.2763417560601704,2.0257290685362483,Laterite,29.275957674573938,4.18118747413692,232.58955908517675,11.089137771983873,1244.6235705890517,0.5448470945036479,0,False
21.26000000000004,79.25000000000013,0.01,0.1392487165886436,0.1468274241099583,0.1216661163631711,0.1880603608783989,0.0264919244931025,5.0,0.6469524770142602,Laterite,10.106873753133206,1.6937668375061365,277.3356934448209,10.297578171126982,1248.548283939037,0.6,0,False
21.26000000000004,79.26000000000013,0.0366199381854354,0.0451530665378058,0.2373153116826315,0.141301063348245,0.148878270776796,0.6802964858842825,1.2330186409889243,0.9491046780438398,Laterite,5.463537470660978,9.333862417688168,580.2978852850687,23.9437686903402,1210.1009452696962,0.46631356466391594,0,False
21.26000000000004,79.27000000000014,0.0603573733283495,0.1115224118834657,0.3518032946588681,0.2402093085303998,0.1758032226628458,0.5186003697413839,1.8477015408209303,1.366353271318787,Laterite,23.690955214274375,9.642641978396838,363.4798249083736,15.17504820508976,1158.150177216847,0.40115170776504816,0,False
21.26000000000004,79.28000000000014,0.0282691577147647,0.1391156437183954,0.4300038751587244,0.2525477667450554,0.1020009383665381,0.511119759102874,4.92111030084301,2.4759357172768053,Laterite,19.761233265026284,16.818174208058142,386.67326233234564,12.276688158493805,1181.896260098876,0.46585481387682304,1,False
21.26000000000004,79.29000000000015,0.082437861899884,0.1108963237099526,0.302812937529667,0.128946414354715,0.1187400818393571,0.4638924765625861,1.3452110598174984,1.0859552414707825,Laterite,14.945871493594169,4.4247739289212795,221.0839159413756,6.269577020143615,1273.6174319481613,0.46429588946023587,0,False
21.26000000000004,79.30000000000015,0.1102425249703087,0.0833790309174035,0.4244197067234188,0.189002776330922,0.1589481776741157,0.6716059935936283,0.7563236678788641,1.189084259899585,Laterite,16.660906528128937,7.619825473367998,215.02649181759224,9.631992937561469,1191.768571770061,0.4932115209063844,0,False
21.26000000000004,79.31000000000016,0.1007628555509172,0.0701681181334775,0.1576825078522573,0.1730741317446183,0.1584049740778657,0.3840866765310104,0.6963688918917488,1.0926054099177542,Laterite,21.576053348167914,16.168114777873818,486.87257881870306,18.812298728473902,1223.1708815341387,0.3938308657570159,0,False
21.26000000000004,79.32000000000016,0.0576767138720914,0.1325635060418468,0.2500736535182268,0.1811326573982825,0.1665005911471589,0.3071059475268253,2.29838867217698,1.0878799651191824,Laterite,6.853642239938962,16.47247221497947,415.23786564844454,19.415027557912694,1162.2174758213207,0.5542482805530171,1,False
21.26000000000004,79.33000000000017,0.1086817841054962,0.0340210029895295,0.2664424882846075,0.2809518443391003,0.1959596446139329,0.7735431823418,0.3130331659370113,1.433722972652054,Laterite,29.89001748170226,7.692221519575364,403.48239368650667,18.745380612105535,1232.8291522730167,0.5051133368411569,0,True
21.26000000000004,79.34000000000017,0.0683000237160609,0.0519550295848106,0.2847440572527661,0.2640553824483016,0.0695114414092257,0.6913859784571202,0.760688308465762,3.798732650555886,Laterite,29.243794864403494,9.182480465733619,297.24981216906747,13.823746173088686,1193.115771916111,0.3632182135787334,0,False
21.26000000000004,79.35000000000018,0.0536074208664563,0.0746776893803274,0.3055094388250382,0.2129614474102343,0.0918573726194814,0.6071529840413407,1.3930476048652916,2.3183925373152827,Laterite,19.509770590408106,6.065717816985659,497.90029265196887,24.385389101790565,1268.3356356888532,0.44017441826757137,0,False
21.26000000000004,79.36000000000018,0.0451979200937692,0.1399061503004761,0.3670910957392383,0.1757826651019487,0.1518786320537088,0.448098973255875,3.095411242390812,1.157389045511338,Laterite,5.986273527874354,18.65109756838624,267.29463164339677,10.9710976629885,1254.6778853104056,0.511308259197099,1,False
21.26000000000004,79.37000000000019,0.0544059094053535,0.1054107054416319,0.2544193161829704,0.1192245230845836,0.104001818409823,0.4141083337826184,1.9374863208795268,1.146369600001973,Laterite,20.40684727293874,2.372875314831606,275.973897464408,12.796676246158013,1191.21470267132,0.5055227163103178,0,False
21.26000000000004,79.3800000000002,0.0517146954437604,0.066713620557462,0.3137028686953325,0.3753755348576757,0.3,0.6492601005757535,1.2900321631210154,1.2512517824418352,Laterite,2.1659522693752753,18.6749884600294,384.2848685393102,14.843067569279196,1209.6667986326818,0.39001316812565745,0,False
21.26000000000004,79.3900000000002,0.0683524866712619,0.0774476917845997,0.2961877109676152,0.2545479730199375,0.1656459809585027,0.5854370798731143,1.1330632643077714,1.5366987559452856,Laterite,0.9195750661741819,13.677329036706865,314.5119448447764,18.0094041942698,1188.4441879980336,0.48131786302091006,0,False
21.26000000000004,79.4000000000002,0.0679372194314931,0.065107074236144,0.2090110096109058,0.1633331627148732,0.1357634575534879,0.5249706013652095,0.9583417555963248,1.203071618371359,Laterite,7.73048665533641,10.631443053734625,298.9851924932585,16.42498365875781,1145.0283401728145,0.3320186339317093,0,False
21.26000000000004,79.41000000000021,0.0630913806045996,0.0611084403106543,0.2911333310918778,0.2628719648337353,0.1137265363458027,0.6530312682678803,0.9685703439709208,2.311439115698463,Laterite,13.878688702179488,0.6531812156899175,458.09505782133266,19.111054944924444,1173.1278785227041,0.43545616117246166,0,False
21.26000000000004,79.42000000000021,0.0759881450923876,0.1284755823422668,0.2890340470103099,0.2072843465597689,0.1153118858403434,0.3845623030984014,1.6907319163665724,1.7975974017718128,Laterite,26.048175162251415,9.511923836440166,460.3886980874178,19.956034880119464,1225.9108663861061,0.5153189169999501,1,False
21.26000000000004,79.43000000000022,0.0984793882435872,0.0342702748294553,0.2877919434997176,0.1918023346596286,0.1406470330657544,0.7871822715088702,0.3479943915765285,1.363714046023189,Laterite,21.81507209298924,8.154962100054647,529.8068279199717,24.793879695395102,1232.2629749115442,0.43452282908668005,0,True
21.26000000000004,79.44000000000023,0.0911266240632366,0.1993046044981815,0.3083759456581677,0.2904777683763175,0.1445590966310583,0.2148424656113209,2.1871171716090765,2.0094049765455453,Laterite,22.28119563599943,3.224376239502451,367.08342678919036,15.000863773254716,1223.427395179697,0.3834391582354857,0,False
21.26000000000004,79.45000000000023,0.0179730609464998,0.1219091876073802,0.3136673540613617,0.1593951225061015,0.1159450427653197,0.4402398845339803,5.0,1.3747471954558064,Laterite,12.76480003344226,13.128192070013139,229.2340364104601,8.238170042169761,1200.9133473021332,0.45765324505717786,0,False
21.26000000000004,79.46000000000024,0.01,0.1719048068713862,0.2637704820892905,0.2243244523611413,0.1249423876740001,0.2108581265096955,5.0,1.7954231254720907,Laterite,10.378049776408888,19.423018147365717,309.46655396858307,14.642419250704727,1262.6533302861144,0.443259055525519,0,False
21.26000000000004,79.47000000000024,0.090309597337175,0.0699024195189848,0.4351714733971505,0.2192022744939601,0.205634228761725,0.7231992366441647,0.7740309059356992,1.0659814550687412,Laterite,11.13116288953808,11.243776221290503,592.0021852787268,24.82363621211429,1219.177095228112,0.48866932901383375,0,True
21.26000000000004,79.48000000000025,0.0211536390475341,0.1069150826078799,0.1918519370797228,0.2105260997976322,0.2074652481325468,0.2842912665937009,5.0,1.0147535627829802,Laterite,29.629486912081735,14.295065528878917,438.50343009308085,18.636965153168887,1251.1626914048625,0.42491968766592036,0,False
21.26000000000004,79.49000000000025,0.0552970379432161,0.0307339274190065,0.2376029891530353,0.2569359647187184,0.1506616989967388,0.7709303076880087,0.5557969921460733,1.7053834269699928,Laterite,1.2032757423744744,1.3690090513203357,483.89483392040813,18.493742060547742,1127.3112433899391,0.3841098717885722,0,True
21.27000000000004,79.0,0.0327366092182188,0.0757735037173273,0.5,0.3554346552574773,0.0796970136381626,0.7367940578545009,2.3146411707078416,4.459824008277476,Gondwana_sediment,26.010944883673456,8.353339916339895,202.94313185016583,5.020619530363451,1035.8799874191448,0.28740487923836705,0,True
21.27000000000004,79.01,0.013660586872599,0.1163261939057254,0.16330086450108,0.171499130717499,0.1735051578319515,0.1679904328508012,5.0,0.9884382272068284,Gondwana_sediment,17.3602622571718,2.3271697032899175,407.2822928730084,17.44238035613355,1246.189401391966,0.4758182610745613,0,False
21.27000000000004,79.02000000000001,0.0838438818461431,0.1482425224712551,0.1326245325290276,0.1074412292587157,0.2241141220805506,-0.055606343494616,1.7680779924583907,0.4794041009703039,Gondwana_sediment,13.158462575687714,12.255916710730208,215.01146301272124,10.768735041851784,1160.7617173139874,0.42724039707891537,0,False
21.27000000000004,79.03000000000002,0.0902546548090788,0.0519337273279011,0.3423476745001257,0.0835781882766603,0.2147090550981181,0.7365651683089974,0.5754132834502372,0.3892625217857738,Gondwana_sediment,21.757729812454095,18.769643164283092,427.69208483657917,17.36889003670538,1221.377414864409,0.3985972970371498,0,True
21.27000000000004,79.04000000000002,0.0500646879781978,0.105845691276765,0.0620880146226169,0.2554406761144197,0.1827612926404824,-0.2605651819195195,2.1141785825458626,1.3976738306241934,Gondwana_sediment,14.600068242741086,13.235554649432771,568.3083398544302,25.0,1216.8951479488317,0.46602561616916643,0,False
21.27000000000004,79.05000000000003,0.01,0.0898080311906981,0.2471726090027609,0.1766784786911655,0.2169811477642901,0.4669840311153249,5.0,0.8142572773265461,Gondwana_sediment,26.202697142449818,1.5360609662884306,587.3676522001631,23.06581952417571,1311.3700301208387,0.5431172763275215,0,False
21.27000000000004,79.06000000000003,0.0507326665524248,0.0398484319122995,0.4861824925076541,0.2373502350746938,0.14834921362395,0.8484939568955399,0.7854590452598443,1.5999426563618864,Gondwana_sediment,27.021055920337755,7.093324099701657,416.2210701555697,15.233135679883564,1251.9998276472422,0.45872153819676836,0,True
21.27000000000004,79.07000000000004,0.0787541201620756,0.1191539696703348,0.1180064077846656,0.2317818370418251,0.1769051484916841,-0.0048387588917674,1.512987120849269,1.3102040211209585,Gondwana_sediment,12.651627806203663,11.01326758881703,383.2819221008864,15.835619473144671,1240.2929513399954,0.478518204243597,0,False
21.27000000000004,79.08000000000004,0.0225126529367753,0.0663603867302944,0.0752035514261348,0.1099748207370111,0.1112812216837397,0.0624676369190997,2.9476928650697927,0.9882603639159592,Gondwana_sediment,8.304833917051548,8.064155122665044,578.0068376993976,23.918433086772318,1273.8495577317456,0.4913591466286628,0,False
21.27000000000004,79.09000000000005,0.0722607975933737,0.0873243859529177,0.1243818798042368,0.0948581319362993,0.1597532728077842,0.17504202675004,1.2084614167070735,0.5937789580752758,Gondwana_sediment,17.770509857800867,16.672880209503447,469.443932798678,21.10010132928203,1250.4248793420138,0.40869283839430715,0,False
21.27000000000004,79.10000000000005,0.0661807045248091,0.0768820251235234,0.3650359568347057,0.2423153268242243,0.2114367121985248,0.6520529677681544,1.1616984974605826,1.1460418779218546,Laterite,27.370900368500727,16.293420094199785,225.9597118153638,7.865062344178854,1209.1161503506403,0.55624784741687,0,False
21.27000000000004,79.11000000000006,0.0838987449880316,0.0821683977025749,0.3885776719985889,0.2769360221164733,0.1153088294256539,0.6509013966392468,0.9793757655893296,2.401689647321072,Laterite,6.319865670169998,12.236620402064428,386.290231066999,18.831614768088087,1285.5737965127898,0.45854768218618197,1,False
21.27000000000004,79.12000000000006,0.0699874110524235,0.0943182005807762,0.2257411203021572,0.1911927401143387,0.101527828526784,0.41062050409208,1.347645226873207,1.8831560046178333,Laterite,18.688997506904485,7.4691589026541045,296.09800738572153,16.27125089942157,1176.5124936056482,0.4739979951951316,0,False
21.27000000000004,79.13000000000007,0.0370879317735522,0.1115343019144606,0.3462212404001154,0.1256399388488829,0.1492944469511831,0.5126905449308696,3.0072936472900755,0.8415580172637592,Laterite,18.946806602775617,5.106727475264883,387.92172857947264,16.08511730354134,1248.16235937674,0.50652164862773,0,False
21.27000000000004,79.14000000000007,0.1020571450499335,0.0793656847088515,0.417825532751208,0.2533973883935463,0.1329068898137982,0.6807438186525715,0.7776592671904978,1.906578271133248,Laterite,21.99339067245843,2.1174863642625863,382.1862288025447,18.423847040474666,1154.6215102932463,0.4260033100041798,0,False
21.27000000000004,79.15000000000008,0.0612841128091896,0.0649215351327844,0.458434641442992,0.3091329681796729,0.1765173860535191,0.7519030515885023,1.0593534286607795,1.751289065150877,Laterite,3.947030553817794,7.097953669731081,432.85792112589684,15.922752572328513,1242.1971928758617,0.4961636985814298,1,True
21.27000000000004,79.16000000000008,0.0651008638147007,0.1386592828807111,0.2559664718820251,0.2871105249783855,0.1212170237026458,0.2972618678730618,2.129914636192713,2.368566031169283,Laterite,21.474748940462657,8.263450344154391,342.7081961397005,16.429951254851353,1241.6494820887083,0.47790951687408506,1,False
21.27000000000004,79.17000000000009,0.0378019612278027,0.1598446907396893,0.0513528282330116,0.160176827660442,0.2296219807801336,-0.5136985651300727,4.2284761193627824,0.6975674848134722,Laterite,27.27097561996923,13.516458502081472,265.7081797823712,13.165726974717725,1315.822748095795,0.42255154267455286,0,False
21.27000000000004,79.18000000000009,0.0523815324642532,0.0991154893135629,0.2003121077590421,0.222318651589977,0.079036195101945,0.3379669055258937,1.8921838377291456,2.8128713815478035,Laterite,5.390493266107259,13.16319648595147,401.4877738359825,18.455531803545696,1153.751305327973,0.4160431044354854,1,False
21.27000000000004,79.1900000000001,0.0390159185791914,0.1331847285964429,0.2406195805064855,0.1232720143346382,0.2060267393109844,0.2874093456523506,3.4135997076361275,0.5983301715450337,Laterite,7.126299747716329,1.402162792825139,532.0811537383048,22.138921894688778,1201.9556412073712,0.42010582033506105,1,False
21.27000000000004,79.2000000000001,0.0602516182022957,0.0488164598920169,0.2583061203421726,0.3511886999624539,0.1049175385845924,0.6821043904430719,0.8102099373844845,3.3472830602537496,Laterite,29.141852821249188,7.905186308623156,465.6048912270409,13.491705918642644,1273.134121328769,0.45433804343098205,0,False
21.27000000000004,79.21000000000011,0.1166712544042686,0.0992904575717483,0.2663140598991402,0.2240291034170636,0.0531808632707963,0.456842282576574,0.8510275988171154,4.21258868730752,Laterite,5.429308581284693,3.6355773443472383,335.3471463700863,12.689343478116005,1248.7658628199272,0.4030870396656408,1,False
21.27000000000004,79.22000000000011,0.0240429657120576,0.0489052672411548,0.3978894597930795,0.0942290161772695,0.1546937578174408,0.7810839550196313,2.0340779762132613,0.6091326337004433,Laterite,25.631552801087373,3.136254106336114,574.2092091035429,22.673551677278418,1241.015252566937,0.5217024055499029,0,True
21.27000000000004,79.23000000000012,0.016673158063696,0.0335430028987213,0.4143428426687713,0.1966527947689378,0.1298896006993032,0.8502162849163873,2.011796599624271,1.5139995315929309,Laterite,14.768335693441044,16.54604299474492,564.883028499673,21.580282978032088,1184.1932148521348,0.5241720883002212,0,True
21.27000000000004,79.24000000000012,0.1090951098248064,0.0628651437016358,0.2706326346075352,0.2498311057163916,0.0869595316048457,0.6229951272748445,0.5762416275575092,2.8729582694207405,Laterite,7.416932232095311,0.8383043343251506,283.7393597536395,12.066959332162446,1202.4590825954904,0.4998223047732293,1,False
21.27000000000004,79.25000000000013,0.0585602896854421,0.1819167653895021,0.3985484876051959,0.2325439998380505,0.0581911554142339,0.3732036001478835,3.106486768696386,3.9962086640669736,Laterite,26.122497038175343,8.383657518042426,215.76703404814518,8.152366194296912,1294.2520504112247,0.5488709801115664,1,False
21.27000000000004,79.26000000000013,0.0446478178402005,0.1300806331467829,0.3253661366631235,0.1974872994991829,0.1416619606364242,0.4287778867220218,2.9134824308997023,1.394074305286704,Laterite,13.359157650079965,3.364073115330364,496.5234833403049,19.039254452982657,1229.4245403123655,0.44380246076672925,0,False
21.27000000000004,79.27000000000014,0.0957971406218803,0.101620188882173,0.2969505972862721,0.130791845506686,0.1906918445811879,0.49007708325251,1.0607851979340204,0.6858806454222153,Laterite,15.444520617890706,17.58660431356948,531.0441045396612,20.009237392656914,1250.7679848072855,0.43722515255343025,0,False
21.27000000000004,79.28000000000014,0.046311533807892,0.0304119776043996,0.3820544157110118,0.2558578690957108,0.1709676746543191,0.8525359731609913,0.656682580734324,1.4965277469169482,Laterite,10.777001081992971,11.140810265500702,587.1458263805421,23.03338346155213,1226.2405835612378,0.4209108664948786,0,True
21.27000000000004,79.29000000000015,0.1191402914064059,0.1087954061278231,0.2995252048238074,0.204608587198386,0.1443753324419601,0.4671079380606314,0.9131705550844104,1.4171990713089455,Laterite,17.78852554304782,4.6276127275369605,555.9345576353243,25.0,1172.8457242375737,0.47202039273695123,0,False
21.27000000000004,79.30000000000015,0.0845777761401759,0.1034280003560661,0.4989811177097926,0.0646488236096422,0.1653023786608835,0.6566187420237893,1.222874435269629,0.3910943332712674,Laterite,4.9057161775506835,10.048545743327528,440.21390728256597,17.020196027518594,1278.6905213038117,0.4908620981461369,0,False
21.27000000000004,79.31000000000016,0.0494826577556266,0.0982014491831405,0.1502588833205608,0.1893119840530668,0.1398192933811037,0.2095201016270586,1.9845629446514064,1.3539761168844116,Laterite,11.73244609955282,14.629727194062315,412.0209356849523,16.13766157400647,1257.1616192266868,0.4675745216300863,0,False
21.27000000000004,79.32000000000016,0.1287192463979628,0.02,0.2434829100908155,0.283680480089919,0.0695137878484779,0.8481874969764384,0.1553769194905637,4.080923921167646,Laterite,29.082369670058625,19.162360178388674,211.13642050503452,7.883955624329945,1347.2818418684212,0.5699881179104251,0,True
21.27000000000004,79.33000000000017,0.0457085523098974,0.0552072860792015,0.2832481103046227,0.1876149387379977,0.0697753007388242,0.673769207388956,1.2078108618300345,2.6888445693895933,Laterite,7.744002981033827,4.408920084908379,298.66257873791113,13.122261141698468,1181.2209310175347,0.46320491682234266,1,False
21.27000000000004,79.34000000000017,0.0860228611602768,0.0880768894340476,0.3407452690458172,0.3360589489586403,0.1304815735507624,0.5892148401298436,1.0238777011561624,2.575528019443661,Laterite,19.702099936238767,17.723635442586904,383.84590069317056,16.906078172605838,1273.1286460600859,0.43549036039650296,0,False
21.27000000000004,79.35000000000018,0.0726187774121922,0.1119116363806838,0.4244960487103275,0.2441277563983899,0.1324273356816925,0.5827366403565494,1.541084003540194,1.843484617109842,Laterite,9.755701926740846,18.686082283349805,451.40156003342713,12.719085256239808,1166.4228016982117,0.40336310918004464,1,False
21.27000000000004,79.36000000000018,0.1025722386819613,0.02,0.2961601432764034,0.2375130713596192,0.1828291339253344,0.8734818384353458,0.194984532242824,1.2990985962155643,Laterite,23.20419377059802,18.328410890641326,422.90073332736426,19.664134316295396,1239.8673283837156,0.49904991310660063,0,True
21.27000000000004,79.37000000000019,0.1102453359018029,0.0836150409808017,0.1572770350493988,0.2045121213857608,0.1779652111887334,0.3057883648642027,0.7584451552620267,1.149169098301787,Laterite,3.926209821550495,12.708287137238196,497.0543958726762,23.583335896515685,1280.82532945322,0.5323961411776873,0,False
21.27000000000004,79.3800000000002,0.0642401244719703,0.0956419507951541,0.3846513896455205,0.2084199654564929,0.1701766507879434,0.6017352614654691,1.4888195101179056,1.224727154806517,Laterite,29.09463135235634,12.596413088694154,311.9067723548163,10.895742440060673,1128.3932441952375,0.45073147818601256,0,False
21.27000000000004,79.3900000000002,0.0405574638896117,0.1237244795406444,0.3767958766142169,0.1944603455416279,0.1257258643461368,0.5056165926340673,3.0505970386199377,1.54670120104792,Laterite,13.613686241509178,8.064212663676456,425.9810430609893,15.804613638071553,1221.7533762879814,0.5530019535015971,0,False
21.27000000000004,79.4000000000002,0.0768391642881707,0.1524565943803413,0.1080141340620803,0.2297293710650593,0.0705273914944888,-0.170623626566249,1.9841001082491183,3.257307067102861,Laterite,7.081513900393919,15.047957646075758,235.25689735631687,8.901863947623326,1203.8395132979308,0.5331901757732951,1,False
21.27000000000004,79.41000000000021,0.0425885389074339,0.1126828527523479,0.3027195866329414,0.2494607013446932,0.1599835568532969,0.4574762105780153,2.645849220906093,1.5592896301056547,Laterite,2.20490241990038,10.625880367018638,365.46620943328276,13.715750687473571,1196.9021350853056,0.4708900923995277,1,False
21.27000000000004,79.42000000000021,0.1232016174257957,0.0572023797319182,0.144985816931992,0.1464918139146531,0.165458465663104,0.434166972182734,0.4642989343864849,0.8853691060111331,Laterite,5.092737152626222,13.548761424565889,500.0643331818404,21.283867630469896,1251.2606326130297,0.4272937042558109,0,False
21.27000000000004,79.43000000000022,0.0667760599324791,0.02,0.238434890249816,0.1363874319892943,0.03,0.8452221368180735,0.2995085362968737,4.54624771782232,Laterite,15.59321845668053,8.56915807697591,477.3603413716176,15.996963651099675,1288.0342853211916,0.41751348140885847,0,True
21.27000000000004,79.44000000000023,0.0516003534606337,0.0731178897175394,0.2155191073037428,0.1327763464387159,0.0971230906708623,0.4933574663208124,1.417003657380394,1.3670935035620788,Laterite,10.110095292938588,14.62992928086278,596.2570948688716,22.60819040346284,1225.336064238604,0.44013193683874074,0,False
21.27000000000004,79.45000000000023,0.0679804091759441,0.1287252730083377,0.3876264698242218,0.354295818337393,0.1041072811303005,0.5014047117290336,1.893564254457777,3.4031800096060416,Laterite,24.866500976478285,16.48943035209098,311.1564503951024,16.04324650014575,1242.274321378063,0.5035135428375814,0,False
21.27000000000004,79.46000000000024,0.0219062113141059,0.1874836354312642,0.3192830174172421,0.2975088037403192,0.144397510056167,0.2600790348361186,5.0,2.060345801105304,Laterite,12.926625709854179,2.9287251320563223,399.2757196695917,14.780048384870282,1237.7154376530243,0.5554756430854809,1,False
21.27000000000004,79.47000000000024,0.0330515788446772,0.1167219640919065,0.1799408999244214,0.231814454117602,0.0981319783617104,0.2131002679449804,3.5315094715226603,2.3622722964670726,Laterite,7.461428177628897,16.65859431148456,331.8121655095987,16.31236345243913,1232.0901753178825,0.4829061674647459,1,False
21.27000000000004,79.48000000000025,0.0980924172383294,0.1052936329120644,0.3974065962957589,0.1361739730794515,0.136213271558763,0.5810877862258187,1.073412561022911,0.9997114922882848,Laterite,18.5143495981209,10.805930635806146,376.2412456236699,16.387394958833184,1177.5328681144565,0.500010965254483,0,False
21.27000000000004,79.49000000000025,0.0422531716308547,0.1031255859354336,0.1669194176071836,0.2535339610472296,0.1274132529823453,0.2362340751031854,2.440659049037201,1.989855489235285,Laterite,21.203316506563375,16.893318181804485,542.7800519477553,18.997300068646624,1287.4222300862066,0.4705179619729373,1,False
21.280000000000044,79.0,0.0363526705195414,0.0743952501295682,0.299811379047097,0.2162400057482661,0.138682526423113,0.6023841142345716,2.046486512866455,1.559244781369246,Gondwana_sediment,5.011257237028496,8.626034126820292,473.68363007539466,21.007476310240524,1262.7597684080117,0.5046733694143818,0,False
21.280000000000044,79.01,0.0837395825758181,0.0912575882578545,0.1862989330708475,0.2390918258792214,0.110640285314962,0.3424215879481933,1.0897783980025424,2.1609834517553463,Gondwana_sediment,5.02857648864953,7.5808097076607,552.9764765390327,22.80535191807399,1267.7440745001988,0.5165718694114332,0,False
21.280000000000044,79.02000000000001,0.1030911246398894,0.1630427810330525,0.2320322917469515,0.1554365778895498,0.1143307472966654,0.1746238005120945,1.581540423042506,1.3595343459994154,Gondwana_sediment,1.1001428080062892,18.30121465034445,281.40444333275457,10.814251026365293,1207.674518548791,0.35389823066317017,0,False
21.280000000000044,79.03000000000002,0.0889685993199514,0.0583976797683241,0.3199270748038424,0.234718820019229,0.0920866470109645,0.6912827981931657,0.656385288169753,2.5488909346041506,Gondwana_sediment,22.092060451969214,5.0233853509680255,549.3444471365751,23.37926615036797,1225.0389801006081,0.4387176774189025,0,False
21.280000000000044,79.04000000000002,0.0971614305741739,0.1605111516283932,0.3225449399059574,0.1935316523255447,0.1649233720286907,0.3354347271128416,1.6520048183178724,1.1734640750283154,Gondwana_sediment,19.914135828654153,16.884246505722864,223.90490967135378,10.278638207439991,1239.193290114531,0.5121825030068426,0,False
21.280000000000044,79.05000000000003,0.0444561473429155,0.0828588738203166,0.4049969073556009,0.1693072190078852,0.1742951314295674,0.6603140639079399,1.863833880943297,0.9713823761001832,Gondwana_sediment,14.238926272494417,9.680411450188082,555.4397121748609,24.558504984568444,1171.2937653276274,0.45295857877968854,0,False
21.280000000000044,79.06000000000003,0.0243856799977439,0.1931504696729427,0.2639746300328601,0.3287849322078067,0.1070291024937319,0.1549338690656127,5.0,3.071920853675005,Gondwana_sediment,25.325113469075912,10.281908851025195,331.62951178429114,16.17440201944147,1163.5982837401862,0.37652360399502316,0,False
21.280000000000044,79.07000000000004,0.1119600095586638,0.0391073996200973,0.3037450862963399,0.1146604534028978,0.221412004800851,0.7718704033651231,0.3492979300316723,0.5178601469881597,Gondwana_sediment,24.170104588501594,6.169365629789681,325.8350533656266,14.392732382457822,1217.9626034681417,0.33522985751418527,0,True
21.280000000000044,79.08000000000004,0.057119604834735,0.1186361680465847,0.2302262677595738,0.2615343385019884,0.1294699276278962,0.3198684874831467,2.0769780915350955,2.0200392716032765,Laterite,17.560630931902566,11.460844012380313,404.83543067946556,14.116874767405006,1274.1260383221895,0.4595082271057207,1,False
21.280000000000044,79.09000000000005,0.0591550095063476,0.0655491945620937,0.2930989882622865,0.2696140293487075,0.2215292811898266,0.6344652072255748,1.1080920280175215,1.2170582045809626,Laterite,26.04813841539776,6.504223925524226,576.2760750892927,23.06421221341815,1215.343130503573,0.452174389294146,0,False
21.280000000000044,79.10000000000005,0.1064058242554707,0.038229312323031,0.3197486048008584,0.1598249427114107,0.1127336413084183,0.7864152477923861,0.3592783811844555,1.4177218150204791,Laterite,6.175236301103047,0.7853882848330462,219.11254587256215,15.015786081894,1197.0597401205343,0.4047012550537831,0,True
21.280000000000044,79.11000000000006,0.0831269002820187,0.1034013616964363,0.2668690152545701,0.1636770077207247,0.0433311111700266,0.4414818567449575,1.243897718082161,3.777355413313496,Laterite,3.3575885819318363,5.4399721068871205,340.8923900282981,15.652831705275876,1207.2657173381865,0.4598788908532196,0,False
21.280000000000044,79.12000000000006,0.0799966331624471,0.1348588715438371,0.0972249515907585,0.2051882023113491,0.1645898912456159,-0.1621565838952825,1.6858068401629096,1.2466634532280136,Laterite,8.092488345509688,0.12758086813181357,542.6287954733343,25.0,1225.2328788428044,0.48478166692769636,1,False
21.280000000000044,79.13000000000007,0.1311500703470313,0.0605023424562584,0.3116470896330982,0.2402425347323525,0.1567272552559476,0.674849201567645,0.461321463648729,1.5328701710926478,Laterite,1.7126056826794456,19.567095741137134,358.4217909741867,17.725109454989486,1230.3070518590648,0.4948995029834609,0,False
21.280000000000044,79.14000000000007,0.0467744530885945,0.0341593615816621,0.3158561477355548,0.2095001505730012,0.1458396897653773,0.8048122970977017,0.7302995385949604,1.4365098469860158,Laterite,15.935085840030961,19.31494419639495,279.66275903882683,12.136219103062617,1356.276072610398,0.39080758098228313,0,True
21.280000000000044,79.15000000000008,0.0937952038424358,0.0902662094265999,0.2122826523652144,0.2502493722134283,0.1118283760777986,0.4032949989487822,0.9623755334227776,2.237798497722536,Laterite,28.098170768848846,7.9031059494461005,369.9176725325647,16.016050495085764,1300.731031424436,0.4220598818937574,0,False
21.280000000000044,79.16000000000008,0.0675503937469112,0.0902625868489107,0.1527612963927585,0.3430085756776146,0.142031388725707,0.2571710594220912,1.3362259153288134,2.4150195144436384,Laterite,1.1803062200552894,14.56741708679292,354.22100059666775,14.686048278440799,1299.2387056141565,0.4719833821875719,1,False
21.280000000000044,79.17000000000009,0.0737777683658963,0.1155127851021778,0.429687915050407,0.1837598261595165,0.1180170271065215,0.576255917871484,1.565685537853771,1.557061980877977,Laterite,3.663297420300804,6.9161219682085,566.1664805866814,20.11466079275206,1306.429018213739,0.5185195383820254,1,False
21.280000000000044,79.18000000000009,0.1114540527923745,0.1313837828545773,0.3321445510894511,0.0989374020507569,0.1282825216834102,0.4331143394910663,1.178815659413014,0.7712461578967156,Laterite,13.565970848503058,13.421863141719522,504.77375029723885,21.068334100654734,1198.0589565333676,0.47373380937751464,0,False
21.280000000000044,79.1900000000001,0.0807150726886872,0.0908433927490979,0.2609918969078404,0.2765146508121419,0.1853016127882514,0.4836027229567781,1.1254823865045234,1.4922409281936346,Laterite,28.016250525837147,16.10860086091958,402.0462222976025,19.173275034151168,1186.881769250708,0.4686741608628493,0,False
21.280000000000044,79.2000000000001,0.0815088823714874,0.1672601325917681,0.171096711685263,0.3362320203149231,0.1522508614765023,0.0113388546951331,2.052047918216488,2.2084079973890645,Laterite,9.484683149302516,18.935124893844815,595.3482266886284,23.60689612238378,1192.6564854233673,0.4280752849353161,1,False
21.280000000000044,79.21000000000011,0.0974152201192924,0.1018293897814092,0.2035185171578777,0.2455937854135746,0.1733575693665964,0.3330270980484725,1.0453129352084818,1.4166891366165415,Laterite,15.217044260651774,8.00424551699344,386.11101251036933,16.91186485272234,1314.7253066669618,0.4766403181346126,0,False
21.280000000000044,79.22000000000011,0.0541714181137117,0.0788229397597214,0.4168590396786359,0.1416575927252389,0.1310865746687079,0.6819616485427551,1.455065094451782,1.0806414995218447,Laterite,1.247185771511763,15.665959659120954,223.2951323281101,11.007145938790982,1220.6404105559454,0.4213236905373925,0,False
21.280000000000044,79.23000000000012,0.039823709979828,0.0280373056358842,0.3012661940868178,0.2088275345735315,0.1253991327097586,0.8297175359449285,0.7040354999492128,1.6653028605097375,Laterite,4.450296028862666,5.318569012642376,304.90972872599394,10.885211151624796,1185.4321908881057,0.482946777988332,1,True
21.280000000000044,79.24000000000012,0.0335357241793671,0.0818136191873505,0.233341293299943,0.1389033561051811,0.084645873455565,0.4808037827131169,2.4395960112806123,1.640993828411485,Laterite,29.598903688765407,19.806646075872965,374.42819208772505,14.698568941634548,1226.4501899890795,0.4138943818589259,1,False
21.280000000000044,79.25000000000013,0.01,0.0786845221835517,0.3402689231224797,0.2618998845774016,0.1236381693715873,0.624375819813134,5.0,2.118276950368369,Laterite,28.953560893081367,0.5153919752870229,262.76104965844803,8.912554088147683,1236.0697234143386,0.5060279660398554,0,False
21.280000000000044,79.26000000000013,0.1263262138982077,0.1303721918512559,0.2087601812553822,0.1220096718111047,0.03,0.2311427501389358,1.0320280148117602,4.066989046813527,Laterite,0.14819942803228847,12.070576130022419,579.0260505296171,22.481754225355232,1261.4206636847982,0.4834254107886816,1,False
21.280000000000044,79.27000000000014,0.0314237490283475,0.1102793449626711,0.4411843030280529,0.1952909849220209,0.1122689016847152,0.6000485421134104,3.509426724107457,1.7394931438494636,Laterite,28.55435356269717,13.190119633026542,506.73955912710926,18.538937729656766,1260.547551035672,0.4704531077156193,1,False
21.280000000000044,79.28000000000014,0.0577623912924247,0.0577528056750998,0.427280053489688,0.1748356225913056,0.1375062911404549,0.7618602343245713,0.9998340491608152,1.271473625054533,Laterite,19.17359813446501,13.760911141482577,307.31488017110905,11.003889751040159,1206.5909718063947,0.4196360944385747,0,True
21.280000000000044,79.29000000000015,0.0559756010033302,0.0983101754564383,0.2462425928797383,0.224577727959442,0.1696036827135046,0.4293461872174808,1.7563040596019497,1.3241323786959662,Laterite,26.037548835600663,2.4077515757817802,436.32181340716636,21.018986920227608,1282.2828196257556,0.41307896430145197,0,False
21.280000000000044,79.30000000000015,0.0733822009342708,0.1181012468691588,0.2309329752969304,0.1897560826003514,0.1278061061237488,0.32326838238158,1.6093990804936935,1.484718439572421,Laterite,13.642195669015774,18.770595669462608,488.5796628438288,18.52653189364562,1216.0403233125621,0.4236324834233085,0,False
21.280000000000044,79.31000000000016,0.0885121163761766,0.1521812543755099,0.05,0.2274733472275128,0.1584436771122465,-0.50539430394071,1.719326804443435,1.4356732387799616,Laterite,15.467880857377507,3.623665581001656,576.5115715627192,24.274233919901345,1240.186183164818,0.44856947525556246,0,False
21.280000000000044,79.32000000000016,0.08973420465079,0.1263801586965589,0.1474419228448805,0.2163645388476398,0.0318905669304842,0.0769176978790969,1.4083833366277891,5.0,Laterite,14.665397407707605,12.455068064796821,552.6541396701643,22.02151831224827,1282.3387035252379,0.3624257982429016,0,False
21.280000000000044,79.33000000000017,0.0463076768429294,0.1211338661724555,0.1625530225042422,0.1454338680593063,0.1378581573896489,0.1460030687720273,2.6158484763064966,1.0549529364646135,Laterite,20.00592772638313,4.453521582461699,406.0768904552855,19.277602309710772,1215.908929802853,0.4460980909093366,0,False
21.280000000000044,79.34000000000017,0.0586663485864052,0.0929234397846029,0.3109190340987569,0.2580813944470254,0.0565448603543261,0.5398035332042277,1.5839308541480115,4.564188369612998,Laterite,4.1895376426893876,6.144328340425417,509.86104791720703,23.866534923090857,1219.5324288210131,0.5035425292091802,1,False
21.280000000000044,79.35000000000018,0.0720373985146465,0.1058724802169342,0.2656766295558828,0.2104864043709756,0.0799248242170296,0.4301023608794279,1.4696877212804915,2.633554795642225,Laterite,0.8992076961803386,10.929170834562488,424.85790153103403,19.43055252807098,1277.5834024847265,0.5074546712034661,0,False
21.280000000000044,79.36000000000018,0.055979266214491,0.1401401960282425,0.164666451258495,0.1444029694493805,0.1308017226068031,0.0804649617734016,2.5034303815440544,1.103983697317696,Laterite,9.237898247735728,8.34386837129153,421.081556018216,18.157333940297843,1205.113341169819,0.4271072091516067,1,False
21.280000000000044,79.37000000000019,0.1115403672805971,0.03666890410081,0.2719835957535639,0.3701648589343989,0.2037931993936738,0.7623936034457482,0.3287500746316241,1.8163749323043024,Laterite,21.1404228820994,3.2045120195301258,245.89678333527675,9.783580231954733,1228.7603988198664,0.46313196447821126,0,True
21.280000000000044,79.3800000000002,0.0779292485491448,0.0758224269113177,0.351533714764755,0.246350111670192,0.1583603381734989,0.6451557867112747,0.972964942247647,1.5556301177175362,Laterite,6.055603563688451,3.4187280484169658,250.45506320646084,8.051878225220035,1275.7871089022146,0.4506119373672305,0,False
21.280000000000044,79.3900000000002,0.0851263335814917,0.0587172500497462,0.3546839349915793,0.2019717612620417,0.1405315498568517,0.715930905811636,0.6897659926180117,1.4371987025266169,Laterite,20.20297299974752,8.362895763255993,411.81344600898296,21.04595134595202,1350.7046220718687,0.5139522699437356,0,True
21.280000000000044,79.4000000000002,0.0828464380600195,0.1046061247490407,0.1128329719141329,0.3114643168691206,0.1384634805266406,0.0378351790802944,1.2626508401844858,2.249432958492264,Laterite,29.097361383218114,15.145659565510014,307.54461799160265,11.295013047478335,1278.2702252382073,0.5563567256515293,0,False
21.280000000000044,79.41000000000021,0.0980442157245568,0.1384688870260272,0.2908736519516384,0.3410270926570554,0.1035785553397723,0.3549724312270907,1.4123106178319322,3.2924488202130986,Laterite,2.8170214736825514,17.95929293695577,208.41476098418747,10.011241068406827,1271.6319881495706,0.5252869356873328,1,False
21.280000000000044,79.42000000000021,0.0681506467611082,0.0652010285311526,0.1662659223028609,0.2016255404380207,0.1118808293313614,0.4366277490755894,0.9567191440461752,1.8021455638360049,Laterite,20.178063546753787,1.6825532451876568,489.1356815600849,22.499784543583665,1274.5400791837064,0.5039922449785275,0,False
21.280000000000044,79.43000000000022,0.0236950415613216,0.02,0.3956728697140498,0.2358178240504258,0.1602688022735353,0.903770481537816,0.8440584442038276,1.4713894442214015,Laterite,13.312506579137134,7.862078151188021,212.994638676066,7.7642156176920905,1194.3404862967175,0.4232334367420831,0,True
21.280000000000044,79.44000000000023,0.0744706385525762,0.0722311701990166,0.3848146416353727,0.1420398027397865,0.0694519740777706,0.6839215310022985,0.9699281690867828,2.0451514074491035,Laterite,26.044267631325162,2.0049112744575326,438.11073644162184,20.330639073032835,1253.7798369340655,0.5076643584975165,0,False
21.280000000000044,79.45000000000023,0.042819293186242,0.1250789492806916,0.2174972773675775,0.2005965074462314,0.1681927025141464,0.2697744935897039,2.9210885953804357,1.1926588034346717,Laterite,5.314493683421578,0.33184961265195767,415.6775176509258,18.84832297546628,1246.51167558325,0.3830980307750661,1,False
21.280000000000044,79.46000000000024,0.0463814995475041,0.1098651961179904,0.2315954797599838,0.1966656212368011,0.1189346466440526,0.3564986899101831,2.3687288456164115,1.6535603932134737,Laterite,20.778778566784936,13.234373652879132,587.5258762311219,25.0,1264.0792270187078,0.4614120360324709,1,False
21.280000000000044,79.47000000000024,0.0797109205626495,0.1053074499124182,0.2629732949501935,0.2232378923535077,0.1794578537434734,0.4281131913474915,1.3211169691302098,1.243957216540771,Laterite,25.143458689443307,12.048988839331756,393.68525573905663,15.464859389607271,1253.8254026238635,0.4993700969751463,0,False
21.280000000000044,79.48000000000025,0.0991484921430057,0.0768002679250158,0.0847206605268907,0.2332932335045824,0.1860546728615992,0.049036324102914,0.7745984450957052,1.2538961252144043,Laterite,28.3384265842207,3.260382276297724,225.44057455111894,6.82162923840386,1266.9849838709256,0.5121404296539847,0,False
21.280000000000044,79.49000000000025,0.0625181473020785,0.0366587705512035,0.3444968173440829,0.2488879914179557,0.0541657993747079,0.8076440605579849,0.5863700713240383,4.594928789598517,Laterite,20.497440848689376,4.676256661861283,420.6751871225847,16.51715328588534,1232.42664025511,0.49565421460645326,0,True
21.290000000000045,79.0,0.0769449903779685,0.1171317728649781,0.2401155453659896,0.2408349859409962,0.1174409618386385,0.3442538717311645,1.5222793860571884,2.050689827173159,Gondwana_sediment,14.915242920252819,0.4741550728903676,536.4384682464406,22.769309928670356,1266.9304458686622,0.48984045166123297,0,False
21.290000000000045,79.01,0.1186264483390567,0.0629687275986143,0.3653175082567891,0.1391480161359574,0.1035636156029681,0.7059502624073533,0.5308152475875901,1.343599440705597,Gondwana_sediment,18.535417206036414,16.698944113888075,598.739713712576,25.0,1202.608571697223,0.4411919654322644,0,True
21.290000000000045,79.02000000000001,0.0746625953846565,0.2385810301357828,0.1593590782037483,0.1894887631177474,0.0555236017463421,-0.1990800883145272,3.1954558850664663,3.4127606426208628,Gondwana_sediment,26.067149534361548,19.49381192097103,372.13726947562895,14.71884376893544,1248.0046360999268,0.49490053702879694,0,False
21.290000000000045,79.03000000000002,0.1453704934254113,0.1544403748344338,0.2081877051750109,0.2220617599650498,0.0943533361895286,0.148216129110453,1.0623914873580382,2.3535125380584376,Gondwana_sediment,17.11829239916489,2.709190735893816,328.119496998697,9.853250790324557,1333.5416774089047,0.45243507699902424,0,False
21.290000000000045,79.04000000000002,0.0841652893689457,0.072574067897841,0.120347474196093,0.2032431585653724,0.2678627922632661,0.2476312689343311,0.8622802625139018,0.7587584552980439,Gondwana_sediment,0.9116117909051058,4.629504275305962,562.6613187807995,24.385187608124863,1279.9404169814852,0.43774379320339446,0,False
21.290000000000045,79.05000000000003,0.0142571172253248,0.09251396713579,0.1714709436505797,0.3555050403996555,0.176095494810621,0.2990965515781925,5.0,2.018819621592793,Gondwana_sediment,27.928460865209335,17.36819047893868,276.49685163044853,15.465391109433089,1262.9539481309187,0.47669446437210933,0,False
21.290000000000045,79.06000000000003,0.0895602486331352,0.0917222317354553,0.1546018003931835,0.1409942709202942,0.2413043984302866,0.2552717576471107,1.0241399843446422,0.5843004594157771,Gondwana_sediment,20.685802530946834,18.529275959123698,446.17156601317066,19.518984393461448,1358.80616381279,0.5182121935652335,0,False
21.290000000000045,79.07000000000004,0.0782747515464825,0.0856799231191288,0.3732973678846505,0.197080946628049,0.1867149220009155,0.6266485299824748,1.09460485427141,1.0555179222447515,Laterite,20.295401573317395,8.392547656136207,362.28576967237905,16.31351144112282,1195.9582510850187,0.35720358522864964,0,False
21.290000000000045,79.08000000000004,0.1054125826224815,0.1816793563275559,0.2047738151248671,0.3462127978499776,0.1079878419495749,0.0597600446764049,1.7235073046816538,3.2060349691128995,Laterite,6.470254571931515,1.0124494453814825,216.43294598222212,10.162930028236126,1208.5272222277615,0.4759550273828864,1,False
21.290000000000045,79.09000000000005,0.0867954405380978,0.1023566467897604,0.2879175684744682,0.2005085767852348,0.1258114401662964,0.4754629293445135,1.1792859859603295,1.5937229266339534,Laterite,19.766564106979715,0.787836673856388,338.9153897222791,14.915567911526427,1349.6355705638862,0.544749757857427,0,False
21.290000000000045,79.10000000000005,0.0623263204804858,0.0654547304436574,0.2383236596138269,0.2534290954889952,0.1741418090120138,0.5690626284527713,1.0501940405599863,1.455302990024533,Laterite,11.815932169624755,11.47899732138021,306.09140900106985,14.617140642114101,1266.2980468025191,0.4709975056776299,0,False
21.290000000000045,79.11000000000006,0.0296310529113179,0.1701576274062297,0.1503534733987264,0.2111320569950441,0.1664153101736502,-0.0617892920138699,5.0,1.2687057257403929,Laterite,19.536989311244763,7.857902177863581,474.43646157739477,20.55893326142945,1251.8708481855829,0.5881748822337931,0,False
21.290000000000045,79.12000000000006,0.0599693022814181,0.0963323332608072,0.2613699576828439,0.2385748280127278,0.1154928992145816,0.4613826317424865,1.606360745171123,2.065709921809941,Laterite,3.1977909092397216,0.5730485515530903,579.5161990767672,23.52115395555875,1204.0397837452904,0.41736816358872453,1,False
21.290000000000045,79.13000000000007,0.0406043863737198,0.1249335870387541,0.3390103331863682,0.2043069219333292,0.0686803414710379,0.4614280665594098,3.076849520177192,2.974751104317226,Laterite,19.73535913809108,11.665047846251134,307.2188749514551,11.208808636293123,1286.384813319823,0.46433994682559016,1,False
21.290000000000045,79.14000000000007,0.0485842965058571,0.0696709397022078,0.1592240607456739,0.2666945830909817,0.3,0.3912410530116967,1.4340217841871272,0.8889819433402784,Laterite,29.982411773119996,0.22605073178044943,524.5863756606727,21.35981834196668,1291.2229934764457,0.4644552772473067,0,False
21.290000000000045,79.15000000000008,0.083537352132617,0.108344625109779,0.3618112790731475,0.1115460514815463,0.1367625163828577,0.5391119236287193,1.29696024848961,0.8156185945549476,Laterite,1.4463611658166808,15.74743916298546,222.1439267753638,9.884255941874825,1209.2752819583277,0.449668850169822,0,False
21.290000000000045,79.16000000000008,0.1158571351305408,0.1060843996457258,0.1968279078522404,0.1939681594127984,0.127353055340867,0.2995702252116873,0.915648392605526,1.52307425009416,Laterite,29.31522552663952,6.128656454067432,415.2484040159253,16.66985091175094,1256.986220722551,0.45493359212264206,0,False
21.290000000000045,79.17000000000009,0.077480145894688,0.02,0.2344016073927264,0.239860087368598,0.149126723195263,0.8427682887139633,0.2581306442216976,1.6084312862805132,Laterite,12.207238821686119,0.805160060184642,228.22002548395784,10.137845094761106,1247.2242083984193,0.39736855091916357,0,True
21.290000000000045,79.18000000000009,0.029643508138943,0.1738910044184234,0.3366683123010158,0.2561586673604298,0.1311435705344463,0.3188215404561093,5.0,1.953268971716916,Laterite,26.122603510117774,11.767044419663065,573.6131964522558,24.77885011957816,1276.7988573210112,0.4514721566835554,1,False
21.290000000000045,79.1900000000001,0.0787380800466027,0.1447257784368996,0.2181563842780626,0.3230066835927641,0.1492364453852719,0.2023538585405923,1.8380658782565464,2.164395450068807,Laterite,23.471564521748203,7.953688288661094,506.54051222295607,22.772213538496867,1208.0374878890404,0.44813302316968634,1,False
21.290000000000045,79.2000000000001,0.1011789445993679,0.0770321873541581,0.2891574859335984,0.1908282733194056,0.2072673643058185,0.5792771178307419,0.7613460249367411,0.9206865435205416,Laterite,17.010487829600034,19.47600826714299,463.1799644818369,21.864755124421166,1326.5973727257303,0.5589026188752487,0,False
21.290000000000045,79.21000000000011,0.0468665128704168,0.0632439734962923,0.2548309171212031,0.3857564679963083,0.1365125760156763,0.6023328128565565,1.3494490946278257,2.825794362487386,Laterite,22.153476277539795,10.883973250074044,529.5585526498658,22.220954530702123,1309.7911890799528,0.6,0,False
21.290000000000045,79.22000000000011,0.0610194849998107,0.1064624645521395,0.3001368006703946,0.1714683321338187,0.0844244780336093,0.4763273144741746,1.744728989076142,2.0310262606830056,Laterite,26.355466839040435,5.504783620740166,459.00791822806525,16.509776795874064,1245.8412220634318,0.5339641531663196,1,False
21.290000000000045,79.23000000000012,0.0653606458418741,0.1246022803695452,0.0500260894476635,0.3723662985697447,0.1342978102760668,-0.4270565599234428,1.9063807980165195,2.7726907648533343,Laterite,12.12420964953099,14.188777292679495,587.5777588697165,23.79219842593314,1253.179064418154,0.4311731976731774,1,False
21.290000000000045,79.24000000000012,0.0412530506075309,0.1064267579425264,0.1060318184792054,0.2742226988688815,0.1189799109295016,-0.0018589010139609,2.579851819858201,2.3047815088791466,Laterite,9.810994846897161,5.429840050854226,485.5831791459086,20.32075759922606,1257.1788924861917,0.43665160415101356,1,False
21.290000000000045,79.25000000000013,0.0841284130153138,0.0996830958477607,0.351496700604698,0.1527578994257396,0.2132149468623397,0.5581225194059833,1.1848921447160337,0.7164502376689442,Laterite,20.02780156690754,18.0848658281513,569.8634438328987,20.072772647349932,1225.0845723497473,0.4514402857556877,0,False
21.290000000000045,79.26000000000013,0.0609315555417646,0.1120896395722341,0.3945181405649197,0.2378927466076226,0.2003959532368756,0.5574894662306111,1.8395991763486832,1.1871135252302878,Laterite,24.23537825823776,7.494439410147528,406.85275680425525,19.729527240382264,1241.8285290883207,0.5549136428507996,0,False
21.290000000000045,79.27000000000014,0.0770259733172088,0.1495522279756692,0.200651329646863,0.2125134915127415,0.1470362500215369,0.1459125715441185,1.941581798202331,1.4453135967292594,Laterite,22.868554043298474,10.997371255524104,246.82576519274505,10.569162708051977,1250.4864816163422,0.46066122799703363,0,False
21.290000000000045,79.28000000000014,0.0376952346659349,0.1142041282051427,0.2681971647829022,0.2595909215572448,0.077543207259034,0.4027000937528309,3.029670166913211,3.3476938909079266,Laterite,23.934409465759035,1.0114620764845772,411.2710885692069,17.899001026210858,1344.643418535429,0.43786590742391435,1,False
21.290000000000045,79.29000000000015,0.0510762509902955,0.0493137800435991,0.3229719252902462,0.1998709888096629,0.0800053868279994,0.7350756186776978,0.9654933357661548,2.4982191385379595,Laterite,13.06749944438799,8.522424759044615,250.7491312252373,13.178933392770752,1311.3309154165943,0.4666902364335711,0,True
21.290000000000045,79.30000000000015,0.0857514407348309,0.1456225141084947,0.363721760165887,0.1936927642036732,0.1418761630792243,0.428196127904411,1.6981932045781454,1.365224149450615,Laterite,24.535026485250647,16.6472707932199,436.997391670562,16.947938992655388,1310.7327353669036,0.5293775758535597,0,False
21.290000000000045,79.31000000000016,0.0527750054372447,0.1565645825395281,0.0925322728329321,0.3107366207933939,0.1577561484660606,-0.2570578804985168,2.966642654902922,1.969727478883477,Laterite,3.606271661118253,16.11297610726684,392.99722421106515,17.522968203895775,1282.496280650292,0.5154331190886637,0,False
21.290000000000045,79.32000000000016,0.1156489155369998,0.2,0.2075959753021797,0.2076895373880971,0.1220288590336937,0.0186360409831933,1.7293720299787536,1.7019706556508427,Laterite,16.334672938825488,4.4863711770705255,449.03015913311265,18.489861717675822,1208.1336495535108,0.44303928525798375,1,False
21.290000000000045,79.33000000000017,0.0517309144315595,0.0456402386704125,0.2638420620150304,0.2721495626934176,0.1165715207896347,0.7050542883739652,0.8822623586630912,2.3346144977475083,Laterite,0.17275981494364712,4.521581420211254,204.01879242193263,8.132609283548689,1261.9254447712035,0.5073927754672027,1,True
21.290000000000045,79.34000000000017,0.0703405417725541,0.1001152805260073,0.3683140197236233,0.1982253960468998,0.1107600383410639,0.5725490250021408,1.423294132527445,1.789683344615095,Laterite,9.737574897008109,16.346106244264735,277.9361966621457,10.036290085313977,1312.5244229807415,0.3785380484904364,1,False
21.290000000000045,79.35000000000018,0.0914577249561902,0.02,0.5,0.3303664281459204,0.1390503019877989,0.9230769228994082,0.2186802699029777,2.375877097608324,Laterite,10.993846046141936,18.60796840338651,396.53217276485236,19.853380292575235,1201.0867685317082,0.45559899995102543,0,True
21.290000000000045,79.36000000000018,0.0208090280120064,0.1458157561317138,0.2769994273190475,0.1990998911358108,0.03,0.3102624415842063,5.0,5.0,Laterite,11.885180748277662,1.907218425460071,580.2014246356539,23.424059279667773,1295.8276603437357,0.5289696436973323,1,False
21.290000000000045,79.37000000000019,0.010415735640574,0.0679319880733251,0.1600022537896208,0.1701099528126904,0.0847936685615105,0.4039334543304953,5.0,2.006163378680496,Laterite,20.864016200695865,9.001172788524505,353.4436161420634,16.125745833044046,1380.130461263211,0.4759057592159773,0,False
21.290000000000045,79.3800000000002,0.0173503105628944,0.166617831792994,0.34182680772015,0.3195162026781065,0.1083274577276284,0.3445979410078267,5.0,2.9495403020213344,Laterite,11.656743038110372,6.749085579284579,369.74881042145387,11.65618565928337,1317.0908322995592,0.45209213528752024,0,False
21.290000000000045,79.3900000000002,0.1008775231028127,0.0760700215590283,0.4345995789540917,0.2176245031647905,0.1998751597475918,0.7020773450477679,0.7540829626247939,1.0888021469537923,Laterite,13.46080867867592,17.413769109148788,485.8784356026489,22.604911876156613,1334.7014567781719,0.4071906386536406,0,True
21.290000000000045,79.4000000000002,0.0463242556232237,0.0217526784813053,0.3142014120979712,0.3242752014315004,0.0986293179035493,0.8705020767133815,0.4695742682035153,3.287817537375966,Laterite,7.126323926229824,1.6704982936003754,441.5171029144472,20.50096826668275,1274.9169375221807,0.5575886313113524,1,True
21.290000000000045,79.41000000000021,0.1395059785700447,0.0702894503718949,0.2136351454845923,0.2743288405716297,0.148163407091556,0.504872410330614,0.5038454340235938,1.851528969072358,Laterite,11.197553748880203,4.222518851160748,319.5704600393333,13.510304055566825,1312.396597438322,0.45614102518829236,0,False
21.290000000000045,79.42000000000021,0.0457125720402754,0.02,0.400999394148024,0.2007745205407343,0.1502871375465453,0.9049879865707484,0.4375164000535173,1.3359394801498468,Laterite,6.8180888178945445,15.049366751729886,364.3265582269711,14.72638832718128,1228.1073392823707,0.4725924161239946,0,True
21.290000000000045,79.43000000000022,0.0680565390959081,0.1188239781802879,0.372454561849866,0.0843694569587913,0.2036758252830336,0.516266360021311,1.745959750292918,0.4142340250745312,Laterite,2.195877713053309,1.0258769796243117,287.079919542893,12.761663325514341,1303.7931906171339,0.5191182985555939,1,False
21.290000000000045,79.44000000000023,0.1086632985770332,0.02,0.2043919155804605,0.2096477187009638,0.2017288703482029,0.8217404580788866,0.1840547843061858,1.039254908011762,Laterite,18.103457801441337,9.850707614285785,586.4085836520834,25.0,1296.7194067031107,0.5618731749707392,0,True
21.290000000000045,79.45000000000023,0.1224627866447705,0.0895583032473216,0.3460425617534576,0.2178141037473319,0.1355448515602494,0.5888056683422714,0.731310348456904,1.6069522455437464,Laterite,20.046383956650487,8.8421406935944,252.2537526229439,6.984099628149025,1278.4955587019556,0.4717409458139516,0,False
21.290000000000045,79.46000000000024,0.1240051072990887,0.02,0.4085265567659111,0.2921052413312981,0.114465762940523,0.906656893349748,0.1612836795151791,2.5519005296621957,Laterite,18.584710380288435,6.688023579774973,348.73471382656777,16.094667851255245,1329.8003709859975,0.4717036494308281,0,True
21.290000000000045,79.47000000000024,0.098290986917791,0.0752480878185294,0.4278890042559137,0.3212913023367997,0.1048683448587105,0.7008843552228501,0.7655644744406656,3.0637586820245946,Laterite,13.90482131401717,7.891446306378476,210.33558888800448,6.9407482660257145,1237.0607581077031,0.47255116671891634,0,True
21.290000000000045,79.48000000000025,0.0926418757743405,0.1536151262321764,0.3039551024690792,0.1618508974599293,0.1258268388767059,0.3285615338890471,1.658160791568383,1.2862986845746989,Laterite,11.393573405376895,10.59881173860466,288.71179677341854,11.989821406292975,1254.6471241763893,0.5346966853932603,0,False
21.290000000000045,79.49000000000025,0.0795758084760321,0.1327636903546547,0.2756920553820934,0.3186992681749973,0.1159983322838149,0.3499237469034512,1.668392602354814,2.747446981569408,Laterite,25.900009487154758,3.2273471677676624,512.188455352062,20.84542540151192,1268.7731020679873,0.46728128670545604,1,False
21.300000000000047,79.0,0.0909508322849987,0.061860255801402,0.3907273822081291,0.2775781509209335,0.174081370467911,0.7266374481203518,0.6801505184641409,1.5945310518602978,Gondwana_sediment,15.572453554086541,11.439917565671855,280.4700929155518,10.829617355885812,1228.519451445605,0.41295134021289803,0,True
21.300000000000047,79.01,0.0509444285101435,0.0949718604424359,0.1478839497019147,0.2988388891687301,0.1672354908742595,0.2178745042428302,1.864224666630692,1.7869346239114192,Gondwana_sediment,14.375456328891929,16.108646585999725,232.02536101158626,9.646793117377301,1291.3465971900873,0.40721708353051456,0,False
21.300000000000047,79.02000000000001,0.0428140334973302,0.0967606748817771,0.3136579290921042,0.2583082938494869,0.17563005955725,0.5284781246692278,2.2600223980720826,1.470752184185253,Gondwana_sediment,0.7692619741930706,15.20321859580318,389.7812719378093,13.972544040186474,1194.0534793523827,0.38670518552688227,0,False
21.300000000000047,79.03000000000002,0.0671387662776708,0.1147652138337353,0.1336973372635612,0.0871251616326747,0.2088241855718076,0.0761970902198151,1.7093732879772454,0.417217772703792,Gondwana_sediment,10.237434828784691,3.0779980938754736,203.9876938938074,10.557848117831242,1332.3477267214855,0.5428499723908903,0,False
21.300000000000047,79.04000000000002,0.0620144613242515,0.041005665468766,0.3781376272259649,0.2119204297230552,0.2388234560700079,0.8043358143924879,0.661227470609464,0.8873518251582393,Gondwana_sediment,11.405868563575712,2.984989394829478,233.90646177053327,6.157815551375019,1282.3318683283733,0.4648432268077994,0,True
21.300000000000047,79.05000000000003,0.053403158520181,0.1192026909538922,0.2466954484388889,0.1416004697558142,0.1517331696703768,0.3484378402736099,2.2321280994200494,0.933220270624434,Laterite,11.964683426907015,5.3634873548982664,523.0503478251901,22.87329351837294,1253.9553548048868,0.439857212555797,0,False
21.300000000000047,79.06000000000003,0.0877716234237007,0.02,0.4002583235647525,0.208017595895733,0.2002931885697815,0.9048204453128006,0.2278640772162481,1.0385655012896444,Laterite,17.40517107681997,7.221494526820744,508.58933794384257,20.538150709257632,1238.281319385319,0.4285571336102975,0,True
21.300000000000047,79.07000000000004,0.0954191562571145,0.0699446179054463,0.3234412756355587,0.2905002965293706,0.127556990808288,0.6443969187198348,0.7330249037590791,2.2774157218731887,Laterite,16.008076401806353,8.169111628169652,566.0555281619584,21.243797219133356,1268.2710485191158,0.4798539362046775,0,False
21.300000000000047,79.08000000000004,0.0692922065887545,0.0754290463019369,0.1528779769938135,0.2429605585112459,0.2042103491791495,0.3392314854792074,1.0885646439396526,1.1897563437351846,Laterite,18.23715278380334,13.593944336666905,541.8061743642997,22.980024006376546,1314.4129855386957,0.48093211488873167,0,False
21.300000000000047,79.09000000000005,0.1108459024316569,0.1201130730428481,0.4185627732077313,0.3016663606478179,0.1978554578587908,0.5540432194738633,1.0836040872917658,1.5246805105100956,Laterite,22.94649784626385,1.133608643316708,473.2702252959272,16.605690547250678,1307.386948936953,0.4766134986653948,0,False
21.300000000000047,79.10000000000005,0.0321493265759938,0.0955052341070732,0.4321245266427804,0.2449227744499452,0.195020798497148,0.6379838999102593,2.970676029068682,1.255880276420563,Laterite,24.389572161482803,0.6934540845213277,220.93314292026514,9.284975265116982,1244.723102636152,0.5342373598790939,0,False
21.300000000000047,79.11000000000006,0.0604702162216074,0.0381974778457469,0.3661286492599294,0.1298171842231741,0.1491234920595746,0.8110560988985196,0.6316742384812358,0.8705347651345162,Laterite,21.543692286794833,7.8382112588781805,513.139447194663,18.53505648415452,1237.6980163686933,0.5410375702313416,0,True
21.300000000000047,79.12000000000006,0.0446553303819147,0.0548402749673177,0.2026412134963863,0.0439407095399057,0.1108220918004539,0.5740254934579532,1.2280790305544342,0.3964977450468594,Laterite,28.665710878648042,13.94327384275961,538.2043243362242,23.347724349311672,1312.8449353160574,0.41181576709807166,0,False
21.300000000000047,79.13000000000007,0.010043901487807,0.1020072003818945,0.2490986045642679,0.2305166133175684,0.0743335781067244,0.4189375455157575,5.0,3.101110142666525,Laterite,0.5469774802908489,3.8687068591296514,519.6328583087818,19.80265442893849,1243.8826297693236,0.4828356227206442,1,False
21.300000000000047,79.14000000000007,0.0634395794247177,0.0907173063254159,0.2951427217405852,0.2048251473554153,0.1418781396239432,0.5297916355493119,1.4299796279398416,1.4436695304431686,Laterite,5.873339570506383,12.830089625125034,403.3916141232104,15.905995887741813,1282.99548870405,0.4422802033329491,0,False
21.300000000000047,79.15000000000008,0.0621475747485002,0.0705350356145682,0.2111289600668663,0.1511137982432649,0.2203506271124572,0.4991547608427601,1.134960387215663,0.6857879197119979,Laterite,0.2268862493442636,5.196562758805989,293.16073545979265,12.802929420044352,1286.187732126289,0.4699078438543036,0,False
21.300000000000047,79.16000000000008,0.1110834922972625,0.0742866484195187,0.4516346572463307,0.1001560925244001,0.1280277549317943,0.7174989959330809,0.6687460649315113,0.7822998419329266,Laterite,19.42424142463809,17.721722176270326,538.1319902754907,20.877082037794306,1295.603106586412,0.5013150842262392,0,True
21.300000000000047,79.17000000000009,0.0844843505366419,0.1211867198863694,0.2977326471726143,0.1674679750569068,0.1825963292730006,0.4214317625932153,1.4344280209666342,0.9171486394713324,Laterite,26.94091646849961,17.91379888533233,490.86512389605537,20.336785496332368,1322.9135215091687,0.4854565747193923,0,False
21.300000000000047,79.18000000000009,0.0347143952701223,0.0724522970852292,0.05,0.2049855960594619,0.1853575700259443,-0.1833554584220368,2.0870966154745902,1.105892766722077,Laterite,7.304468897288978,5.945744085626529,592.3044697555406,21.65169190399115,1216.8518531567088,0.46784243896514743,1,False
21.300000000000047,79.1900000000001,0.1209427769900241,0.0894563502388347,0.3190355812756336,0.2649114476594434,0.128795688953639,0.5620165620638842,0.7396584764400415,2.056834740401263,Laterite,27.8110363438892,4.599875079264811,262.2770391023732,12.189961169791195,1184.4420337370507,0.47781427295298984,0,False
21.300000000000047,79.2000000000001,0.1018310108657589,0.1795974635232193,0.2511842603182806,0.2312041757097546,0.2086172418759735,0.1661788158979159,1.7636814347606702,1.1082697360958418,Laterite,1.8080217086868255,8.226079441324625,290.265833220822,15.624237328635793,1251.6276359386575,0.4840892035040125,0,False
21.300000000000047,79.21000000000011,0.0825429311040568,0.0356726945246405,0.2794073443881677,0.3302647073020869,0.03,0.7735642366529575,0.4321714046773196,5.0,Laterite,28.03308080416543,4.810631703602974,284.7192599526011,17.44772023384497,1370.0764203916842,0.4814368424385004,0,True
21.300000000000047,79.22000000000011,0.0581654770345033,0.026,0.250938063421443,0.1738892592921816,0.0813024860630886,0.8122323835200295,0.4470005453557433,2.138793873330868,Laterite,10.548680617189031,13.447676865834072,517.0159070485347,21.72466575368849,1381.108705004444,0.4864557840281502,0,True
21.300000000000047,79.23000000000012,0.0360568228982938,0.1236035865919416,0.3694046416606821,0.2787741224440159,0.0964783851820743,0.498573940418965,3.428022113811591,2.8894982189944685,Laterite,3.0426248534764957,16.52129369096571,274.76291858004726,13.024863222429676,1371.5588567783693,0.44234930646098664,1,False
21.300000000000047,79.24000000000012,0.0535537967178665,0.0649342775482331,0.4015687778553519,0.2201109120190063,0.1010942488566277,0.7216126375500916,1.2125055814262975,2.1772842104345638,Laterite,14.576152775589769,13.46184261822434,226.66393192932244,5.883079151240123,1270.3509316120405,0.43368558447847927,0,True
21.300000000000047,79.25000000000013,0.0972624585911236,0.0791704988902923,0.3188053162258796,0.2651268386882961,0.1587131475592919,0.6021341201485392,0.813988253594473,1.6704781084516167,Laterite,7.7032970316152385,16.48700894498699,599.4243226342514,25.0,1190.8942459008335,0.5446887603077389,1,False
21.300000000000047,79.26000000000013,0.1210175891780362,0.0604737448747524,0.2574688812861989,0.185643959571407,0.1562218901526921,0.6195933484230662,0.4997103746283928,1.1883351255776258,Laterite,8.546187058857685,7.939843244149483,209.92688457805966,10.299410533534031,1162.848044917483,0.39646783813929387,0,False
21.300000000000047,79.27000000000014,0.1106573058481636,0.0811479943692964,0.2881662795190982,0.2909176261723362,0.1612395286087473,0.560547749519985,0.7333270376861466,1.804257482653841,Laterite,9.218698947788598,3.126339414177217,534.0976240635463,21.28620077941196,1249.2980919226045,0.4088178438487857,1,False
21.300000000000047,79.28000000000014,0.0495745173464096,0.1553015244838505,0.2951599616577786,0.2362657330841617,0.1711640747066212,0.3104781239808535,3.1326885763786256,1.3803465087582865,Laterite,24.090776934979903,14.759018947951843,346.1467366202611,16.897142293088898,1270.096318492607,0.4922825125269663,0,False
21.300000000000047,79.29000000000015,0.0305314770013275,0.1232651383447215,0.2138569960135324,0.1677388510557521,0.0936747715427143,0.2687211796828159,4.03731329262684,1.7906512939847483,Laterite,16.174838300257633,7.209490102831078,536.646183903126,21.851305509339568,1345.031270052873,0.4988684883052344,1,False
21.300000000000047,79.30000000000015,0.0682265874073339,0.1254889404754757,0.3528928648571401,0.2141583179760712,0.0800911966596307,0.4753607302769714,1.839296747209972,2.673930801893273,Laterite,9.33923097468011,13.42541650458265,421.84819648445796,16.6609578208233,1323.3902729771974,0.4864916905239877,1,False
21.300000000000047,79.31000000000016,0.0108268190331121,0.0341709177682907,0.3419042323860637,0.1979310898743973,0.1606359841003897,0.8182761195724865,3.1561363820869808,1.232171551471822,Laterite,18.31001349932755,5.412878839635313,560.6524917945441,24.311190342294317,1291.370253949656,0.5547161435517255,0,True
21.300000000000047,79.32000000000016,0.0734550314255411,0.0445938505378817,0.4508441239776848,0.2486424845446397,0.1091283963176745,0.8199821052373542,0.6070904825951368,2.278439825991701,Laterite,21.484520226695807,1.6245926961334534,570.4771945658506,21.643174107249806,1235.507761453018,0.4907717443228,0,True
21.300000000000047,79.33000000000017,0.0592119224110375,0.02,0.4232349780288655,0.1315156275437783,0.0619362477315978,0.909754414534562,0.3377698131026205,2.1234032113369867,Laterite,8.178720022006013,19.851635909755267,203.6392725123104,10.528219216812829,1231.9610220878305,0.43548573669776264,1,True
21.300000000000047,79.34000000000017,0.0495389049439502,0.0579047671566861,0.2300325082410054,0.2117453808518952,0.1888472142270703,0.5977959636757736,1.1688745866569676,1.121252339392027,Laterite,12.406473045760546,3.1240301586119856,230.1648703971153,7.478223309359452,1292.7063843536469,0.4635410982530285,0,False
21.300000000000047,79.35000000000018,0.0155589079819936,0.1283681274554225,0.3815298374509154,0.2411715076854468,0.209855095325111,0.4964948428306554,5.0,1.149228743752431,Laterite,3.656582800108427,19.768419879269622,300.1434918283422,10.405869246534554,1314.8525489420613,0.4679403801579887,1,False
21.300000000000047,79.36000000000018,0.0786880031970889,0.1105978606299309,0.2053046616905722,0.2155116315035058,0.2177780444849291,0.2997975462018483,1.40552379010515,0.9895930139066916,Laterite,5.4344804860404095,19.545598651328945,467.72616654540064,17.669210695908358,1299.5940631123542,0.5310847547461457,0,False
21.300000000000047,79.37000000000019,0.04717897481014,0.080879469481911,0.3708932100941048,0.307185887107223,0.149090386073732,0.6419461681927604,1.714311716945082,2.060400371820524,Laterite,20.433535618949485,15.876362078160792,555.3088786046023,24.656870016890675,1228.2701020197424,0.4451939067847465,1,False
21.300000000000047,79.3800000000002,0.0279424949286886,0.0886679886512738,0.2505385801240095,0.2667815941849669,0.170856604798641,0.4772035872107503,3.173230900112467,1.5614356515115837,Laterite,5.443150430868808,13.18845924163995,383.9767805175851,14.76548179852663,1312.5333814396793,0.40254234291717217,1,False
21.300000000000047,79.3900000000002,0.01,0.0618245782969796,0.2007746776624623,0.2117763442281408,0.2078734111680913,0.5291336367458328,5.0,1.0187755275493886,Laterite,15.754901510011805,11.556141005021694,442.7892465097062,15.753560369170087,1301.2955483551457,0.48556984669646236,0,False
21.300000000000047,79.4000000000002,0.061974552848478,0.0973903552960671,0.3320045342697617,0.22716823682483,0.107129210498824,0.546383258441385,1.571457165282525,2.120506961220189,Laterite,21.27138785167298,17.322030907556695,275.39994111822443,10.263637546721089,1226.466679690566,0.38307370482756575,1,False
21.300000000000047,79.41000000000021,0.1158475479000894,0.1196551311792202,0.05,0.2323965886037327,0.1945538842027002,-0.4105689621882468,1.0328671883424574,1.1945101452827032,Laterite,3.206307692842315,5.788790432389758,521.9867335526742,21.68536249000045,1240.7839514850623,0.5745055118946434,0,False
21.300000000000047,79.42000000000021,0.1123977764364331,0.0242045285035766,0.1307024425594993,0.2396309722916703,0.1526098117071559,0.6874959419599559,0.2153470402124093,1.5702199580357117,Laterite,17.019366588867108,9.35362424969754,586.931244541388,22.093523555229062,1314.4247987281533,0.4446259038306959,0,False
21.300000000000047,79.43000000000022,0.0487271123024088,0.1006459075134894,0.2889508116225943,0.0833039403034698,0.184345582617125,0.4833328793895665,2.0655011666259537,0.4518900809860916,Laterite,7.696883511040912,12.387799387330038,307.43957316583896,10.506619997174603,1268.2746232427805,0.4675097454481561,1,False
21.300000000000047,79.44000000000023,0.0442536381891435,0.1257773948381821,0.3158441766635073,0.189693159296138,0.1477846510437921,0.4303838264421368,2.8421933133809323,1.283578218901566,Laterite,28.887806257127394,8.223809517389821,397.9303806402185,20.80302519487494,1359.457365081898,0.5227066486407685,0,False
21.300000000000047,79.45000000000023,0.0762632276822475,0.0716959884414605,0.2715681229842046,0.1065892652264523,0.2031128354873953,0.5822692435116394,0.9401121684250268,0.5247785789519397,Laterite,14.506369401597741,8.54972908180536,234.44644420254951,8.047471034145124,1305.0564638033038,0.4749632658922774,0,False
21.300000000000047,79.46000000000024,0.032128436824348,0.1161480244848185,0.1514563701282641,0.299679666322156,0.149296188127072,0.1319423235978695,3.615115941006066,2.007282770450631,Laterite,24.179776493254742,6.605693350041689,423.65466258518734,17.006192870170125,1255.6684405906117,0.4563741451481697,0,False
21.300000000000047,79.47000000000024,0.0710137569945807,0.2,0.2285108157861738,0.2056405335997869,0.0637410470266242,0.0665346468028178,2.816355706030693,3.2261869371438707,Laterite,16.506796264687853,11.28463633369072,401.11337673867223,15.97858336251277,1279.4897199805284,0.500900009300742,1,False
21.300000000000047,79.48000000000025,0.0848224083515374,0.0835862882805193,0.3503209327237643,0.196066133522418,0.2103563316157311,0.614727369054637,0.9854269621249404,0.9320667075872744,Laterite,1.302375985644575,17.01149056030232,257.77459366203107,9.89789445371041,1283.169169631961,0.5574992365517993,0,False
21.300000000000047,79.49000000000025,0.0985279967165258,0.1033122820002078,0.3702781770628616,0.272075813242318,0.0902034629513893,0.5637062358359936,1.048557621572182,3.0162457630625026,Laterite,18.994541267820672,4.030567560126257,376.82648524723004,16.943797031906122,1243.5804843379894,0.5047181357176109,0,False
21.31000000000005,79.0,0.064515377705601,0.0667577166535437,0.2669776882404088,0.2533627358214902,0.2089329105121951,0.5999362626524242,1.0347566568500828,1.2126511571542804,Gondwana_sediment,28.54210026619971,18.68866077506883,333.6418608346253,15.798030102386818,1250.3705900911962,0.5428146652128757,0,False
21.31000000000005,79.01,0.0612897874946905,0.1033500465040813,0.3851833781037022,0.1444955839934543,0.1415878559279832,0.5768967226105349,1.6862523196773875,1.02053656328334,Gondwana_sediment,18.048354604389935,13.781753074964593,408.73235012207573,16.418605725356638,1331.0694946905526,0.4468201051042821,0,False
21.31000000000005,79.02000000000001,0.0409405223973026,0.1486301244990788,0.3101397023459272,0.2618839495476995,0.2047205492598845,0.3520492594780193,3.630391490701448,1.2792264888236775,Gondwana_sediment,24.575665782803707,16.465464253600604,434.26173417151966,15.62128235062862,1338.2636648521823,0.5177170059823364,0,False
21.31000000000005,79.03000000000002,0.0423535893788036,0.1035336936108046,0.196554434604183,0.1994383118741516,0.2024784307433374,0.309978077159184,2.444508125164205,0.9849854675556132,Gondwana_sediment,26.526193900452235,11.123813852600232,203.3982314428838,11.023806765817966,1326.1890734777255,0.5050832051570611,0,False
21.31000000000005,79.04000000000002,0.0602456332429535,0.0547721872116447,0.244149794658843,0.1004826977975746,0.1670671487157676,0.6335352328350855,0.9091478364888173,0.6014509645363096,Laterite,6.842393158467974,15.59033402848127,504.4023931798221,20.82608420009922,1371.7659047162676,0.5319667788524371,0,False
21.31000000000005,79.05000000000003,0.0779409652044846,0.103634470853017,0.1328133842792197,0.1739806636733939,0.1708067658813555,0.1234052785022875,1.3296534171492225,1.0185818030907796,Laterite,6.361345197246799,0.3240079467893442,485.2057167446963,23.67754849407668,1268.9113381994975,0.5446533503565901,0,False
21.31000000000005,79.06000000000003,0.0942075387869967,0.1536878375487043,0.263186100960864,0.2091521774588455,0.1663314308596271,0.2626651687015446,1.631375146452505,1.2574423021083252,Laterite,18.32942966552975,16.367608495590705,346.5145544826089,9.946934641645047,1379.713538303634,0.5063531193742601,0,False
21.31000000000005,79.07000000000004,0.0425846314795888,0.1129654305805798,0.38611006192214,0.2136534347955689,0.0443287621859448,0.5473012307558688,2.652727671705985,4.81974735539393,Laterite,12.330854094201142,0.8027771817073304,221.1743742275273,9.606405368713611,1250.95394407237,0.44883256069943434,1,False
21.31000000000005,79.08000000000004,0.1113406570687847,0.173315333831734,0.3443290084711033,0.1411725604111034,0.1507565109449087,0.3303690596627526,1.5566221561724742,0.9364276171730294,Laterite,25.19583908600161,17.79826752725725,501.97301591402015,24.752754997503253,1245.365721831653,0.493711185557803,0,False
21.31000000000005,79.09000000000005,0.058306291968722,0.0851795211994934,0.4169009325919193,0.3017165908133209,0.0888567911964038,0.6606937370722039,1.4608975837307177,3.3955377682598344,Laterite,27.000693701940335,19.839254944772865,582.070064191253,23.54639107042589,1208.002055892615,0.36409063458143825,1,False
21.31000000000005,79.10000000000005,0.0656789811695459,0.1244760095769469,0.2473114756201082,0.2136527858775967,0.1530393571872816,0.330391610532605,1.895218335773184,1.3960643174718326,Laterite,10.602641379081543,5.881349243535556,296.0606384088057,11.884873087030964,1273.7102343087367,0.4657987354096673,0,False
21.31000000000005,79.11000000000006,0.0437836496255642,0.1054707135286594,0.4131099794514337,0.2231287153662367,0.0871528726808376,0.5932331651137277,2.408906388337873,2.5601992022378437,Laterite,7.106116769234462,4.206371125715873,329.40984549481516,14.316433612131311,1270.8138831586048,0.4698453217202041,1,False
21.31000000000005,79.12000000000006,0.01,0.056083570812509,0.2600695773552114,0.2482449146837857,0.0848724029386945,0.6452126371677495,5.0,2.924919123246779,Laterite,23.415765457315853,15.307267277160815,273.52515579272597,10.279289853593667,1322.2968640128101,0.4498433931894575,0,False
21.31000000000005,79.13000000000007,0.0924813618908303,0.1066808401919532,0.4274585082569982,0.16473466222674,0.2241867250876933,0.6005505285024835,1.1535388092849543,0.7348100655327434,Laterite,8.244181066444083,5.060526818405064,430.77444933793583,17.324791524975193,1308.1945470811002,0.5434259057232415,0,False
21.31000000000005,79.14000000000007,0.0879453169127717,0.0703197735011014,0.279014325255797,0.3018539017431427,0.1972323694062075,0.5974067588523199,0.7995851955470161,1.5304480826289637,Laterite,24.67842955541035,17.31124766344407,261.936557858982,10.238393055741442,1236.3513314491206,0.41051973342625603,0,False
21.31000000000005,79.15000000000008,0.0572801732864522,0.0682647890046063,0.3528231373804374,0.1936047747787239,0.1433728707527903,0.6757694307484212,1.1917699435726936,1.3503584996739706,Laterite,12.712147609462885,2.056851843149534,342.47757738455175,13.01505758883691,1276.3636880787867,0.47184273061135523,0,False
21.31000000000005,79.16000000000008,0.0676097215167448,0.1009731322916929,0.4305112364309958,0.1562390121546931,0.1526384325124491,0.6200334825825176,1.4934706115796972,1.0235889446754602,Laterite,20.026496978744113,2.519103927587165,478.80520557370517,22.4079299993055,1277.4268989456932,0.49369294837078337,0,False
21.31000000000005,79.17000000000009,0.0809581765311215,0.1051097709352028,0.2645572371418901,0.2588413245348743,0.1308241987128474,0.4313272828780606,1.298321865796531,1.9785431662009552,Laterite,2.8660594150400454,19.583031102012313,424.0463932037394,18.590755781415343,1207.2008876519828,0.5203729109432994,1,False
21.31000000000005,79.18000000000009,0.0184836242934022,0.0454707013969126,0.3066388987544286,0.3228171701161228,0.1715338187989739,0.7417241596681549,2.460053311467607,1.8819447511178444,Laterite,18.71577974029719,13.476777965400093,354.5850257311741,15.275632536338856,1246.952663649409,0.4670794271244857,0,True
21.31000000000005,79.1900000000001,0.0493684196796096,0.1350194308473127,0.4145863425206419,0.2688380561440043,0.1090572816725574,0.508668076591138,2.734935236940258,2.465108718780238,Laterite,13.553030362116873,16.937744488579057,368.09984072301677,16.954635377239267,1257.459318469373,0.5183549241324255,1,False
21.31000000000005,79.2000000000001,0.0889479403886532,0.1155602511320165,0.2732996836070057,0.2824084295598261,0.1923670131433954,0.4056458851701685,1.2991897338731315,1.4680709795213398,Laterite,17.59825389526422,6.486587547030361,424.84435304929184,17.17313637731356,1367.681250991125,0.5479102389855283,0,False
21.31000000000005,79.21000000000011,0.0273713173049208,0.0643108625755621,0.1554107717493964,0.1810558575406348,0.1298456579492919,0.4146151079398948,2.3495713276848065,1.394392852719823,Laterite,5.040426232345903,13.529674990412088,202.34589115486452,6.882671161413554,1305.5725357979452,0.4957625787326865,1,False
21.31000000000005,79.22000000000011,0.0736867379649971,0.0308166081420303,0.5,0.1053666189582036,0.1213276502084359,0.8838898116089869,0.4182110506078836,0.8684468766216396,Laterite,22.106212348325464,11.884836546171943,231.40394738144394,8.436582531664383,1329.1084376974525,0.44393999372287185,0,True
21.31000000000005,79.23000000000012,0.024062545861296,0.08634381683674,0.2423235535662998,0.3212096265469844,0.1432256509242394,0.4745823611599348,3.5883076119884283,2.2426822587290807,Laterite,25.883912326296855,12.06300240245894,552.5032271052046,23.02453387825941,1221.068225142617,0.38617154138326387,1,False
21.31000000000005,79.24000000000012,0.0786328994730039,0.0741222514455508,0.3060756050937682,0.3604160422583285,0.1124026585037166,0.6100859055296144,0.9426366298082984,3.206472575786665,Laterite,6.50219400272327,13.650649190754432,231.1515956365163,7.512893068109042,1355.7107241507772,0.5137167916275007,1,False
21.31000000000005,79.25000000000013,0.0634507555310735,0.1251973037667534,0.4067006669451271,0.3891557689966475,0.1582141174748212,0.529243160579634,1.9731412576817435,2.459677903348993,Laterite,2.871436665604852,11.50718346258197,482.72143848420205,19.112871237001738,1361.055103151282,0.48326081998660003,1,False
21.31000000000005,79.26000000000013,0.0159460455228327,0.1001979336199066,0.2311506096268947,0.230993981125695,0.114731870534327,0.3952112620876326,5.0,2.0133375307887915,Laterite,0.7091575813900919,8.581247386053318,568.015265643621,22.635069451408008,1196.0827516428462,0.49449408645013193,1,False
21.31000000000005,79.27000000000014,0.0992221806337131,0.026,0.1921132086778023,0.1618507155467709,0.1648461801409387,0.7615916963883935,0.2620381834761054,0.98182872851655,Laterite,19.25914501329798,5.518453887610937,308.27344172069246,17.093839198020213,1260.7341638042851,0.5100681373315358,0,True
21.31000000000005,79.28000000000014,0.0421222526960564,0.0757061224679505,0.3191737296774991,0.140802211152625,0.2020403269455706,0.6165612295109296,1.79729519298261,0.6969015206596195,Laterite,18.212821082663424,15.37162661826404,348.1965748238057,8.960560737790736,1320.788278650853,0.4860650547722174,0,False
21.31000000000005,79.29000000000015,0.0397324268895664,0.0788352355572642,0.1153923602087772,0.0972387202670111,0.105093915659588,0.1882179743228991,1.9841535373101191,0.9252554685416196,Laterite,16.4009223814221,4.525448600063724,427.56856233788653,17.45611732126734,1328.2194226769866,0.44019663730680647,0,False
21.31000000000005,79.30000000000015,0.069937075916926,0.116226440990959,0.2668093923132247,0.2072834967112912,0.1343512271352381,0.3931301935486773,1.6618716081700369,1.5428478100044047,Laterite,6.958412883479262,13.847086123088284,552.6835878554339,25.0,1262.0752634757164,0.4988150012837573,1,False
21.31000000000005,79.31000000000016,0.0982591204828591,0.0627720130155545,0.3210038664315577,0.326897457065766,0.1637665356517676,0.6728715043809902,0.6388415919377245,1.9961187770453137,Laterite,11.72717987716544,4.666656452986533,576.762234904168,24.275448715938577,1280.725026847395,0.42937441276101557,0,False
21.31000000000005,79.32000000000016,0.0332053454306457,0.1576669869348991,0.2704048103175012,0.204283615768937,0.1187271322509261,0.2633619502146115,4.748241116460774,1.7206144183212355,Laterite,17.834290055585193,12.506603399089078,495.8252992445072,22.166222415363322,1266.1309469478203,0.43687590895888934,1,False
21.31000000000005,79.33000000000017,0.0654103954954367,0.026,0.1439549056814434,0.2820751236292478,0.1635560280413296,0.6940364865556141,0.3974903341176835,1.7246391150163245,Laterite,14.903005765775081,14.941565342580578,234.64790434187762,9.976648644444436,1301.5209023473835,0.4390995514695111,0,False
21.31000000000005,79.34000000000017,0.0763044950099147,0.1853887098857316,0.4586177956204198,0.371870145001546,0.1679299430325833,0.4242644808029068,2.429590938498235,2.214436199194975,Laterite,29.63356560644662,4.374277778130784,467.6616622139403,18.151235829814553,1355.8589265731732,0.5015220463679423,1,False
21.31000000000005,79.35000000000018,0.0841131682178917,0.081007241164872,0.3104538153949365,0.1850133281717257,0.1941430888147114,0.5861287357364401,0.9630744244316012,0.9529740626152472,Laterite,4.093192576701994,1.1988660172261656,364.12148874906484,10.687896828859873,1257.4478921430173,0.5300525762571595,0,False
21.31000000000005,79.36000000000018,0.0684932466583141,0.1241833948937383,0.4441152117761936,0.3554872019703651,0.1095004976957505,0.562964281578778,1.8130750223001244,3.246443706890261,Laterite,20.854336621427812,2.6194748598834816,388.2803997964246,16.589261365590296,1346.0410248884982,0.5045133408220103,0,False
21.31000000000005,79.37000000000019,0.0520691648274976,0.0928120593623453,0.2758963749819754,0.3521466085248151,0.0924812379884722,0.4965558108144606,1.7824764328673035,3.807762696558341,Laterite,12.129563043128764,12.119939345420509,219.65935613807082,7.601259963214835,1256.9163963827332,0.44918271402214016,0,False
21.31000000000005,79.3800000000002,0.0381322933805357,0.1350222214410147,0.214798801830944,0.2032222062923594,0.1240611305218087,0.2280497027335725,3.5408890763398646,1.638081204594753,Laterite,12.845988447768443,16.98892812451471,276.4248557385433,9.917031510108696,1253.6186393752332,0.3938262432634503,1,False
21.31000000000005,79.3900000000002,0.0654243164913884,0.0737655214178833,0.3306180920255368,0.1716726015186481,0.0908723830226408,0.6351705707285643,1.127493954252368,1.8891614329840984,Laterite,21.527932969745287,0.8999364247084873,516.2054430134591,20.510585613602576,1336.9297309172382,0.5289548783304564,0,False
21.31000000000005,79.4000000000002,0.0305558296404289,0.0451351829928832,0.2830212873671993,0.2606066632473148,0.1673049102023706,0.7249166961138829,1.477138188565179,1.5576749228478692,Laterite,20.77308453973109,14.683025180832924,381.5835332191439,19.389036697377982,1342.0968189004584,0.4642660767912405,0,True
21.31000000000005,79.41000000000021,0.01,0.1457201714908381,0.1877238542008859,0.1871732540236726,0.080812434991175,0.1259692166033411,5.0,2.316144214841417,Laterite,29.73767981106565,6.8263729190010425,320.66489665245956,18.170712445027092,1338.5704968382101,0.5078398172722336,1,False
21.31000000000005,79.42000000000021,0.075576794124727,0.0841807741647099,0.4533784258787717,0.130241134805279,0.2553708209126299,0.6868037076019127,1.113844203478636,0.51000789475019,Laterite,3.851828683623757,9.57056739839045,353.60762958598326,15.168067107806106,1230.2101295891705,0.44361786780010687,0,False
21.31000000000005,79.43000000000022,0.0894780452325828,0.126623040628453,0.245072977710623,0.3607040468959213,0.2033363930786829,0.3186742155043688,1.415129713191713,1.7739276341886845,Laterite,3.1232894815249903,18.577190996911312,541.759805330272,21.64379077427121,1272.702451096475,0.51917228014115,1,False
21.31000000000005,79.44000000000023,0.01,0.1377500765617871,0.1241733615204663,0.2957513171093879,0.138988788480011,-0.0518346702209743,5.0,2.12787894715072,Laterite,21.730164513862235,6.639430094716909,499.5996069619828,18.462197455180196,1337.1494296002436,0.4935692164986637,1,False
21.31000000000005,79.45000000000023,0.0318280788586987,0.0609723274110832,0.4419166053957569,0.2654229747161296,0.181549724649894,0.7575117546984144,1.9156772700672,1.461985002080178,Laterite,17.351607510192274,9.30673867878972,308.9261588724331,13.809003609443518,1298.0770920282723,0.48383259178444954,0,True
21.31000000000005,79.46000000000024,0.0805746278301527,0.1453655266772351,0.2595701984187618,0.1459193606868234,0.0561599067844555,0.2820316031297296,1.804110430435339,2.5982835225678085,Laterite,8.224819996794176,0.2736482952136221,247.00073608494932,13.857508537003177,1242.3153576902043,0.4901556165065996,1,False
21.31000000000005,79.47000000000024,0.1236048640913476,0.0642242097414794,0.2501176107384621,0.1236331624147747,0.263988666569973,0.5913734311712664,0.5195928992086959,0.4683275383535139,Laterite,2.382581069669598,1.6319744000967673,300.79928865762867,12.038622920017545,1318.9158969563496,0.5999404704717903,0,False
21.31000000000005,79.48000000000025,0.0623838112302589,0.0823532257742201,0.1352612412970276,0.2169060501893323,0.1081292693899705,0.2431272893321585,1.3201057136160448,2.0059883065190904,Laterite,2.569747487892916,5.1718318226956805,568.3025804218935,18.921282102739113,1260.259637050504,0.5170197104118667,1,False
21.31000000000005,79.49000000000025,0.0397999117631225,0.0903511586153664,0.4867941486597245,0.1741090275846392,0.1314351293050269,0.6869032546542163,2.2701346406518854,1.3246765029470131,Laterite,26.825726239923547,0.5570448164214881,432.6355351399021,19.3665799744603,1385.726242419688,0.5152170355899525,0,False
21.32000000000005,79.0,0.0619531067668544,0.0361511255421219,0.1402519412790342,0.1997234947500864,0.0533633356405775,0.5901304186703307,0.5835240130864723,3.7427100832119904,Gondwana_sediment,5.756019741562287,12.627506520965019,413.3920834979132,19.195469568646484,1389.242073120993,0.5211256769511368,0,False
21.32000000000005,79.01,0.108566292574445,0.0648265182871819,0.2759449480705684,0.294837420854199,0.170294365237044,0.6195308309639871,0.5971145987417615,1.731339849505069,Gondwana_sediment,9.701146863465622,8.527967136032451,438.55743987698463,15.101535380769329,1342.2048713178583,0.47708385372797507,0,False
21.32000000000005,79.02000000000001,0.0478210746262634,0.1498429156965248,0.3622620322540479,0.2743225522195777,0.0904827921461437,0.4147960635142032,3.1334075311827068,3.0317648849001886,Laterite,6.799692066809641,10.96290405456044,346.41130629860606,14.78677279643449,1380.0503352385688,0.47001909053847857,1,False
21.32000000000005,79.03000000000002,0.0431042398004918,0.1703879418064082,0.314071693300314,0.3830039851617977,0.1507027880783005,0.2965855998149256,3.952927651659254,2.541452549030846,Laterite,10.649889174958119,3.492943717926591,522.842808127805,22.68756903759741,1315.2395675062492,0.46557729846152734,1,False
21.32000000000005,79.04000000000002,0.0524776943345383,0.0929344169069096,0.2668345688007857,0.1530563743635903,0.1182262783537721,0.48336615648918,1.77093178174658,1.2946053649437774,Laterite,2.082715282382801,5.918640588732322,409.3144997200999,16.90855621765295,1350.2718747188308,0.46774450483396435,1,False
21.32000000000005,79.05000000000003,0.0382401417522379,0.1049849383405146,0.1035334141712636,0.1980765901919284,0.0913728032534817,-0.0069611338813589,2.7454118435591166,2.167784974547142,Laterite,15.57179372724811,13.276489497054502,246.69916110751822,8.697589874642551,1385.8860147651837,0.5523756747267381,1,False
21.32000000000005,79.06000000000003,0.0704001094798431,0.0833102997745405,0.1936275164232773,0.274928718682206,0.1048619249118679,0.3983465245862345,1.183383098005772,2.621816437673544,Laterite,2.028376907766447,19.306054472607997,251.62604993162518,12.51629319427816,1324.2749340897956,0.44304335739022394,1,False
21.32000000000005,79.07000000000004,0.115340353754086,0.149163335433118,0.2942800338042584,0.2528654838709003,0.1561894017042748,0.3272496747171656,1.2932449957784993,1.618966978231807,Laterite,24.010695234670848,1.008335472044184,414.74365860104734,16.474226283106272,1299.2406414243658,0.5538757686031394,0,False
21.32000000000005,79.08000000000004,0.0761723781934799,0.1127176659547017,0.197682593001307,0.3941599521373575,0.0806454513565574,0.2737269849741787,1.479770862876549,4.887565820741744,Laterite,7.011362457312991,17.807686417105323,574.6280872283357,20.97246464244746,1226.7689020912242,0.4976406574651505,1,False
21.32000000000005,79.09000000000005,0.0587893949362104,0.1038136836853925,0.2976359459998839,0.2503375694132824,0.1070994164488197,0.482805931140505,1.7658573220807947,2.337431682451508,Laterite,16.200357438135317,11.537624026224169,323.3408486704795,9.373586389930619,1307.8433237140052,0.49146633286113534,1,False
21.32000000000005,79.10000000000005,0.0574856619325326,0.1822615674953853,0.3463743408815218,0.4199611647448634,0.1775236690632223,0.3104457543547771,3.1705569884928644,2.3656629379304586,Laterite,26.402372626843746,11.278391335112474,547.8164675436874,25.0,1353.1711592281956,0.5074551152838268,1,False
21.32000000000005,79.11000000000006,0.0192242757390992,0.0630851406061621,0.3753502885800182,0.2581012461206171,0.274303993743714,0.7122260819164569,3.281535342821948,0.9409314188391712,Laterite,19.526321071415826,10.005570704155208,505.6382346315517,22.30158772925689,1359.2816713784616,0.48186656128619537,0,True
21.32000000000005,79.12000000000006,0.0924932933144136,0.156351567379874,0.1573820642187401,0.2943517213312033,0.1678794409776485,0.0032846234344937,1.6904097757590404,1.7533518067591023,Laterite,15.988733596540058,1.3878817180836678,299.1249771627628,12.639487809373454,1337.2182532860006,0.5149610655496384,1,False
21.32000000000005,79.13000000000007,0.0635448840896147,0.042382006693342,0.5,0.236464744470102,0.0979569178911338,0.843718979566037,0.6669617426145006,2.4139667653846018,Laterite,9.730012593461268,1.7975370347232134,214.536299326497,8.058463198235767,1284.935045251968,0.5362552651299174,1,True
21.32000000000005,79.14000000000007,0.0603456025922799,0.15882568524451,0.3585479344554225,0.220400104831876,0.1252842914963825,0.386030987216056,2.6319346921499664,1.7591998328243723,Laterite,9.990057391745937,12.018240113181722,240.7389060569531,8.972790923966791,1213.1589215527006,0.419776772469472,1,False
21.32000000000005,79.15000000000008,0.15,0.078552976641919,0.2825285846331035,0.2828661082687599,0.1450394503076269,0.5649017557541066,0.5236865105970026,1.95027013322084,Laterite,20.084608655945704,6.819171428711166,491.3975735389761,18.323425600574115,1287.2392450998432,0.40604511246650465,0,False
21.32000000000005,79.16000000000008,0.0744825872509692,0.0835720500869866,0.3925536583076744,0.3317084719415104,0.1258087524682125,0.6489496423068121,1.1220347340135626,2.636608862023813,Laterite,29.824180836635026,18.34536133155361,279.86789521625866,10.798251011557674,1296.7827564473826,0.5214544464106057,0,False
21.32000000000005,79.17000000000009,0.042846268497143,0.026,0.5,0.3234559037420989,0.1882529083368445,0.9011406842393268,0.6068206369255145,1.7181987063462163,Laterite,19.855175695481357,8.131810747189444,348.5083682021575,10.28100757818288,1296.3535516405793,0.5023508805774073,0,True
21.32000000000005,79.18000000000009,0.0524892721138322,0.07472821130489,0.1415279898943243,0.2123779759645728,0.1537936741507089,0.3088918522942582,1.4236854151922749,1.3809279022644445,Laterite,16.733502521100746,2.8656291740528217,400.6796664025699,15.222858793170051,1342.9278178489762,0.44758799162130714,0,False
21.32000000000005,79.1900000000001,0.099613371275901,0.0511477387589222,0.2637737357508763,0.31431345206698,0.1881326192454911,0.6751714764939637,0.5134625809010233,1.6707015144979585,Laterite,21.919515307177384,14.29437667004072,490.1872673800651,19.80259444146719,1411.283820550822,0.49256186416085224,0,False
21.32000000000005,79.2000000000001,0.0684381123161313,0.0682541461850586,0.05,0.0641614940604042,0.126837810485116,-0.1543636883653613,0.9973119330066548,0.5058546324981531,Laterite,13.956168368511545,5.867068428820197,245.29248930365014,11.440280482032927,1318.1764600921347,0.45136095883204347,0,False
21.32000000000005,79.21000000000011,0.0217716606504773,0.0868875613684422,0.3073651532648151,0.1177435848945146,0.2086550109860603,0.5592291026976012,3.990855927999768,0.5642979015057106,Laterite,1.8042702780235564,10.509406147117863,362.5465621109846,15.026253827877632,1301.163410542257,0.4517096655016339,1,False
21.32000000000005,79.22000000000011,0.0923768680372543,0.1305116645789136,0.3255394241925272,0.2647143956567828,0.13387572078592,0.427644543281841,1.4128175939565115,1.977314436889977,Laterite,16.868904476337296,13.956655710103401,394.02916365707813,18.00772804679604,1299.0389093498754,0.47095545330414385,0,False
21.32000000000005,79.23000000000012,0.0446356774338283,0.1003241340560223,0.2859837884557377,0.2176875849377142,0.0934605065430976,0.4806001728996472,2.2476220727239755,2.329193289835339,Laterite,28.728758535161408,18.00528222404141,416.3308255886159,20.045387943085853,1318.2192383454658,0.4810048491655122,1,False
21.32000000000005,79.24000000000012,0.1207589332865245,0.1041470661360417,0.225346642900183,0.2587859555786869,0.2507060190521082,0.3678357838207859,0.8624377776067996,1.0322287293057626,Laterite,5.259088270729789,15.843823896033522,527.3442565580867,24.08901754423515,1270.5853119826602,0.4439298092400745,0,False
21.32000000000005,79.25000000000013,0.0968414419714375,0.0621909917800269,0.0867485483811819,0.2647302318842773,0.0504111126519412,0.1648827205863944,0.6421939868899336,5.0,Laterite,20.700146724619973,13.527221357454483,268.6712780172868,12.135656278810728,1318.0099279373828,0.45634553200152206,0,False
21.32000000000005,79.26000000000013,0.0509003431302354,0.0562498364158878,0.3299533683411918,0.255766198622266,0.1045430637347506,0.708703419554978,1.1050973892544338,2.4465152372667327,Laterite,6.028010659771694,13.59266364790287,523.1325807306489,21.820916222138607,1334.54061681667,0.48901351411028215,1,True
21.32000000000005,79.27000000000014,0.1026304908520513,0.1632490007340493,0.4390434483915479,0.1584918025304715,0.1099486074084771,0.4579078618901891,1.5906481516328208,1.4415080474598243,Laterite,16.074830534192436,18.91849288064173,477.1513710786609,17.919731111450417,1322.4843031788043,0.5043161904350297,0,False
21.32000000000005,79.28000000000014,0.0661156653158199,0.0617119586094669,0.2352981544266727,0.255134026025573,0.266535313652825,0.5844454048527281,0.9333938972154804,0.9572241007515232,Laterite,2.9002934894015886,5.916481949930721,422.3483256795837,19.07773500607462,1334.877096700319,0.4847640844443774,0,False
21.32000000000005,79.29000000000015,0.0895432102536644,0.2043448291069751,0.3393059929023308,0.3414108203694305,0.2312829442073223,0.2482497189496027,2.2820806658582424,1.4761608184811648,Laterite,13.511128087745554,0.02224188392374815,479.81114816102877,23.351625937819257,1333.6873804675067,0.5580661188423801,0,False
21.32000000000005,79.30000000000015,0.078381984518832,0.0810375520447619,0.1393855686580117,0.3000385422751807,0.2154564071821065,0.264709148481104,1.033879818670628,1.3925719177259233,Laterite,22.684899866857382,5.439091187963974,364.8070955806626,15.88450772849511,1223.405165887758,0.4841813229289485,0,False
21.32000000000005,79.31000000000016,0.0383293003502714,0.0906715174457367,0.3428213063692686,0.3552488006254032,0.1240470668811799,0.58167004160828,2.365592807084338,2.863822654342166,Laterite,10.427145727169462,4.35782759253488,255.35903438724984,14.474478062987654,1343.8435079198503,0.424399022627009,1,False
21.32000000000005,79.32000000000016,0.0442935050304737,0.1332146064091936,0.258661770225552,0.2310868910451611,0.2617089001920852,0.3201192295938557,3.00754266380112,0.882992098424059,Laterite,19.94735173461654,13.236691702279963,466.3060961061469,16.378277254967287,1278.4492577169574,0.5056048599145517,0,False
21.32000000000005,79.33000000000017,0.0943788245274324,0.1834244059408054,0.2226582049397267,0.2794485312951557,0.1586376001920449,0.0966153140716538,1.943491102637559,1.761552940669193,Laterite,23.863498823691877,12.674231995310581,409.8689226742489,14.769545008534623,1257.2080418498822,0.501730214822985,1,False
21.32000000000005,79.34000000000017,0.0533167400368012,0.0856074975888327,0.2237636358784056,0.1067779275078244,0.1889031685151523,0.4465708765279683,1.6056401304576975,0.565252178090037,Laterite,27.815334584383578,11.869227654094477,455.74992021711023,20.69998302454278,1256.7774086073302,0.44955477982153924,0,False
21.32000000000005,79.35000000000018,0.0511305461027375,0.0743302778591346,0.2613388417967181,0.1759012019203038,0.1488447690553065,0.5571217396274141,1.453735259631452,1.1817761747258064,Laterite,7.039262455663606,0.324868864189074,335.199512411396,14.495226770781334,1333.6770805237065,0.4253690258312322,1,False
21.32000000000005,79.36000000000018,0.0344663226195168,0.0874431820591075,0.3398433315692731,0.1992842548195305,0.1372066714338335,0.5907046943929813,2.5370615476072302,1.4524385191458382,Laterite,11.979477474279244,14.57556108901295,562.7466309359344,25.0,1300.8712536388373,0.48823005808512077,0,False
21.32000000000005,79.37000000000019,0.0757079719678011,0.1030183011292807,0.1712836798804682,0.2860223686593381,0.126911066303677,0.2488694338808816,1.3607325399895995,2.253722837294283,Laterite,4.572480399912523,6.47060824970983,434.9479474302308,18.091887861472806,1227.9015608008094,0.46007765272619133,1,False
21.32000000000005,79.3800000000002,0.1247557475772916,0.1249721474747861,0.2636884668432352,0.1694299213137191,0.1288380003290377,0.3569086092661132,1.0017345877967423,1.3150617112149208,Laterite,29.774505064751256,13.301119780132622,234.16099371634954,8.0207572264579,1335.9018907596942,0.4448808972082256,0,False
21.32000000000005,79.3900000000002,0.030734012572369,0.0893091943597618,0.3001528222001062,0.2676438013824113,0.1695645824338997,0.5413714786581667,2.905874846601272,1.5784180716447864,Laterite,27.81002903772886,11.131568570043067,379.9215962817715,15.402880027330394,1240.0195934601386,0.3924463867345552,0,False
21.32000000000005,79.4000000000002,0.0633665837001798,0.1137154519209218,0.1952960775468354,0.2114864798125562,0.1573199899387651,0.2640051189676575,1.7945649757530255,1.3443077371187475,Laterite,16.19871390841679,6.8546185085581435,502.5424218974537,17.873899637213103,1318.9910679259906,0.4902439731495745,0,False
21.32000000000005,79.41000000000021,0.1048866166624599,0.2006087060780832,0.4857665201675236,0.2386778783303512,0.1372064314898114,0.4154547004962216,1.9126244345587784,1.7395531358464016,Laterite,25.26099883129264,2.691525342082155,517.653824692909,19.31172801601047,1323.9249462837327,0.4848179952538586,1,False
21.32000000000005,79.42000000000021,0.0600107582626255,0.1038523844905869,0.2216504519938882,0.2284225778393205,0.2140761996349382,0.361895671138737,1.730562774478546,1.067015287650591,Laterite,15.628739318161266,1.888377953209619,397.8388211055035,18.521505541898662,1356.2788540848323,0.4877413020156925,0,False
21.32000000000005,79.43000000000022,0.0758511538874889,0.1311519485122425,0.2409563086366737,0.2199828647307521,0.03,0.2950871365667631,1.7290699167724592,5.0,Laterite,18.707570640082793,16.63036666224447,557.8990283325204,24.99136767612757,1401.0842393234227,0.5212360530089555,1,False
21.32000000000005,79.44000000000023,0.0302881941555905,0.0274835669963926,0.2109692050177735,0.1803673926335056,0.1637343623960551,0.7694841892361469,0.9074019654149504,1.1015854575905,Laterite,2.6737329634804983,18.36795084163116,307.06737487771903,13.520482522850445,1243.766183705053,0.41127350019837894,0,True
21.32000000000005,79.45000000000023,0.0748892129162263,0.02,0.4895480087138355,0.090764986594684,0.1739469353329442,0.921499055225208,0.2670611586700288,0.5217969857806065,Laterite,22.658112614904237,12.995760935285992,364.23947889530666,11.734489912050172,1309.3763071969277,0.4692750845555421,0,True
21.32000000000005,79.46000000000024,0.0563056720498603,0.1034150291692019,0.3658905228599723,0.1924432054870396,0.1952281434127536,0.5592848678221587,1.8366716037765736,0.9857349561615226,Laterite,3.8314045090570445,2.0686822972096675,559.4387642275881,22.59314135845706,1298.183235247869,0.5134849647486682,1,False
21.32000000000005,79.47000000000024,0.0913718998703926,0.0839070307487601,0.2178407993756604,0.1759022297695809,0.134456427947327,0.4438599227947684,0.91830235308611,1.3082470828963677,Laterite,24.782028907575853,8.040544337764814,558.5026865886316,20.820945497206214,1333.687484298128,0.4826343025942336,0,False
21.32000000000005,79.48000000000025,0.0973015815469391,0.0669286930034053,0.4230231558860219,0.173081330745556,0.1479160033691928,0.7267948138518012,0.6878479452292715,1.1701325528417517,Laterite,23.46084263011158,14.578784002103145,474.28510752987233,22.11494598798688,1322.7834385467609,0.41244516586540775,0,True
21.32000000000005,79.49000000000025,0.139246909260555,0.0970812081674486,0.3333698694289134,0.2380811143812943,0.1866374191657309,0.5489326743610605,0.6971875254773103,1.2756344109233462,Laterite,21.262340932289295,15.596417680201363,543.592218848888,21.482231518245133,1294.372687863249,0.4617551440625397,0,False
21.33000000000005,79.0,0.0847489951964068,0.093623850832123,0.2955253421111533,0.2695042366953346,0.2205983202140083,0.5188279839413088,1.104719300856331,1.2216966852318352,Gondwana_sediment,1.0848114157428634,2.364372445821772,235.50930678249307,7.641392361040779,1305.9548905695397,0.43622516078823437,0,False
21.33000000000005,79.01,0.0770138894974645,0.1409712100253552,0.2362522791247582,0.2393536153249617,0.1308332007410609,0.2525851963482264,1.8304647481406573,1.829456237302746,Laterite,9.093850678359859,0.0006143769076483174,545.9979904831105,22.809508600372453,1272.1774572408801,0.49042336128841657,1,False
21.33000000000005,79.02000000000001,0.0729515290473195,0.0991244347303583,0.1966584013043066,0.2924790633314619,0.1590287891563772,0.329748567728057,1.358771171611561,1.8391579581225612,Laterite,7.893377097325286,14.2427409176121,328.2479626200907,12.396689528834555,1377.393079120408,0.5324642748391742,1,False
21.33000000000005,79.03000000000002,0.0564050112156787,0.0853099891763501,0.3062766099054646,0.3153472017697488,0.2294286982174369,0.5642854510108479,1.5124540743179806,1.374488911293195,Laterite,10.804092224145572,7.131923519724113,271.3326049712865,14.273013027544351,1350.960209080059,0.4236713471507206,0,False
21.33000000000005,79.04000000000002,0.07703451530385,0.1349266495583705,0.2188912770004459,0.2015460667136034,0.0391186462060564,0.2373102692533769,1.7515090326852,5.0,Laterite,2.6292824029151562,5.089626632365205,295.74793453681855,10.853208810632392,1373.8884098898393,0.5531588022377991,0,False
21.33000000000005,79.05000000000003,0.0578979576958283,0.0864547570021508,0.4559755629575158,0.1895000599999916,0.1106393700092696,0.6812318417501406,1.493226363994137,1.7127724047311328,Laterite,28.108734690931882,0.2579493957905088,367.1874032055548,12.501018615115521,1312.4801931763068,0.43657075737718715,1,False
21.33000000000005,79.06000000000003,0.0716938292880876,0.1160214673468911,0.1482708894756954,0.2434975565736773,0.2182517989301469,0.1220217735552997,1.6182908394926494,1.115672620595641,Laterite,16.61406722137129,10.805988135229994,300.4768018417869,8.214039711892756,1295.158226565361,0.563643449486128,0,False
21.33000000000005,79.07000000000004,0.1060479260682379,0.0756835717522867,0.4297156772855008,0.2614636976931309,0.1994068916804139,0.7004998644877171,0.7136732842113273,1.311206926494064,Laterite,9.165729319740706,17.023014708519636,328.2270344065996,13.61455342878149,1274.084246668621,0.475342779275702,0,True
21.33000000000005,79.08000000000004,0.0362037230416098,0.0686069245801011,0.2658681151202267,0.3188491014922026,0.1707222605463333,0.589763561005583,1.895024009319348,1.8676480752133868,Laterite,11.909445512228503,19.15263292545176,253.99139442865683,9.45911454014485,1345.9458791871155,0.4424100297682102,1,False
21.33000000000005,79.09000000000005,0.1004763568338703,0.0977867292074264,0.3078085734021178,0.3040821131458043,0.1219901563445425,0.5178113326058233,0.9732312375914048,2.492677458644312,Laterite,13.41607621514507,11.314899012265784,318.4707062235994,10.411803546293186,1276.0103387736708,0.42140457350549243,0,False
21.33000000000005,79.10000000000005,0.1056734520201949,0.1231790894642696,0.3621157766629512,0.2189962674533947,0.1001490750507274,0.4923536262730802,1.165657854388664,2.186702843973332,Laterite,18.01783000081852,10.289226554797883,428.9135258168005,20.24984983154492,1420.43315344841,0.550067197132521,0,False
21.33000000000005,79.11000000000006,0.0624979441902665,0.1132530814146716,0.2166750704995645,0.2129595603910889,0.1144992190378796,0.3134682155902544,1.812108905353384,1.8599215085881375,Laterite,15.470382830894934,1.701127709784822,376.74148323642555,17.032052096376216,1262.6178709454105,0.45391670710960996,1,False
21.33000000000005,79.12000000000006,0.01,0.1080744208278911,0.3670248384698722,0.3201254956130892,0.2212804110409329,0.5450448775067068,5.0,1.4466960449074824,Laterite,27.58175919643252,10.977456030851995,338.6875044943645,14.055543596057394,1341.6830059607075,0.4982984317543583,0,False
21.33000000000005,79.13000000000007,0.0475653403871658,0.0202456086491822,0.05,0.294259844464125,0.1122778655422308,0.4235765321225731,0.4256378371693776,2.6208179393236133,Laterite,14.908904487174908,7.599581579307893,498.5808515428456,23.5028546359603,1406.342735360772,0.6,0,False
21.33000000000005,79.14000000000007,0.104589836396832,0.0762090446564625,0.2104010466778156,0.2849278628093322,0.148591148211981,0.4682040375822715,0.7286467520079822,1.9175291802113243,Laterite,29.76474044469938,12.142705617671538,557.4039885573272,24.550238256685862,1357.954487963273,0.47427072977477364,0,False
21.33000000000005,79.15000000000008,0.0648739581310322,0.1250927386857506,0.1908937192659034,0.2144285517018024,0.1056546177569107,0.2082398751702086,1.928242735555991,2.0295237070679253,Laterite,25.542748732352873,7.774526957530934,502.7156891609588,19.300775245336418,1336.7836856246715,0.504292024994037,1,False
21.33000000000005,79.16000000000008,0.0354609330311512,0.0812649568302736,0.1588493987628343,0.1308184143300003,0.1852987015049492,0.3231145497677862,2.2916756456948675,0.7059866755510296,Laterite,6.255315430720074,4.8059824690073345,332.8002808470717,11.788238040646457,1279.5758176519878,0.5508331559881481,1,False
21.33000000000005,79.17000000000009,0.050176752363152,0.0831246638994158,0.2636045161921158,0.1483744536628049,0.1160436859826757,0.5205210942817204,1.6566369846366522,1.2786085884680969,Laterite,27.91785643931749,1.89930550456753,497.77686713502146,22.376665886200286,1258.9115405716973,0.48561750148770644,0,False
21.33000000000005,79.18000000000009,0.090418600795135,0.1322550602362352,0.3245749968181808,0.2370843460023552,0.137920305492277,0.4209879222481597,1.4626974862132724,1.7189952196250862,Laterite,3.4909919365642827,6.298368891777915,260.79207298962046,11.659070287502221,1366.5025054459618,0.4321083027743354,1,False
21.33000000000005,79.1900000000001,0.0814820070460398,0.0641410709096407,0.3571659998499424,0.2416557905597002,0.0584508933478563,0.6955139118421385,0.7871807918855142,4.134338695357664,Laterite,24.52349125473575,1.9328966857550456,252.12719523651637,10.844795337462838,1403.30736203883,0.551509711351168,0,False
21.33000000000005,79.2000000000001,0.0577920370249075,0.0307278712702815,0.3118876757200531,0.1404924438595889,0.0617715881897505,0.8206276884908567,0.5316973202358061,2.274386133647468,Laterite,11.418698804297403,3.5379390164796787,338.2508148144636,12.400788344864832,1306.057500476174,0.431621419789393,0,True
21.33000000000005,79.21000000000011,0.0538352676455576,0.0858347552189776,0.222130653510658,0.2202198727622447,0.1426436596660727,0.4425688547608224,1.5943963653094395,1.543846204755209,Laterite,26.339229613352085,19.74672317159092,523.0809476176228,23.010934618079123,1271.046924619265,0.5469829731688727,0,False
21.33000000000005,79.22000000000011,0.0529672555286835,0.0727130419500478,0.3265016437825299,0.2609857049880204,0.0758221422401092,0.6357196036092612,1.3727923239933026,3.442077695686017,Laterite,26.041700703223512,8.882071138132373,298.53929889692074,10.928139687770466,1205.0915284726316,0.4107659429273379,0,False
21.33000000000005,79.23000000000012,0.0369276944650431,0.0532501472098671,0.3029285694850988,0.1359141339744953,0.2471543319667223,0.7009919753822881,1.4420111473808424,0.5499160497733199,Laterite,24.177762003528635,10.637435330100331,225.30136355947184,9.183583505790637,1278.9617578169557,0.6,0,True
21.33000000000005,79.24000000000012,0.1129412706840813,0.0847048617640495,0.3850056167936158,0.2935498041263043,0.0386438443943846,0.6393316067543632,0.7499903372433842,5.0,Laterite,23.70091308921184,17.472370574744307,252.68381408254203,13.42238054621321,1322.3171578751305,0.5692377336195578,0,False
21.33000000000005,79.25000000000013,0.0546903859236578,0.1112002258898684,0.3699936702931662,0.1894728196008073,0.1015312350667918,0.5378153097999344,2.033268257455079,1.866153004930436,Laterite,9.140374172941224,19.911378009813756,543.4979874118321,21.324081003872713,1407.9561620419192,0.48815293228432066,0,False
21.33000000000005,79.26000000000013,0.1007547556247629,0.0909884575372843,0.2962476413920779,0.3036329178803605,0.1421950433633745,0.5300621103489366,0.9030686133153094,2.1353270162230933,Laterite,2.4275784915375653,11.654288986893631,453.51331389891504,15.750409564975737,1361.656684611731,0.5116219469794796,1,False
21.33000000000005,79.27000000000014,0.1097594815576714,0.1034592429074464,0.2043746993838898,0.1779583287956818,0.1229233531102076,0.3278243318215827,0.942599594540043,1.4477178188538384,Laterite,12.089405362954844,16.249476420883433,301.2804653479907,10.448258339092723,1343.25427023542,0.5414025654199557,0,False
21.33000000000005,79.28000000000014,0.0939493269444367,0.1635363079406137,0.2297049844168078,0.1431362161981021,0.0857927271668008,0.1682648230115828,1.7406863155418175,1.6683956875851815,Laterite,5.20573544959526,6.538820486733505,422.1183301312725,19.576861408844934,1307.994016935026,0.5296807800619701,1,False
21.33000000000005,79.29000000000015,0.0509313906184563,0.0771048455376941,0.2409210640362131,0.1826304107110741,0.0929236080252333,0.5151033721324481,1.5138963309272668,1.965382257487708,Laterite,20.84853266707385,6.114879148945822,411.0318489701401,17.635789315182922,1298.8417141372847,0.5091824558002916,1,False
21.33000000000005,79.30000000000015,0.075871902710096,0.1017739453857834,0.2652733666083913,0.2077396313845819,0.0911072961250347,0.4454450852391972,1.3413917618557565,2.2801645970424347,Laterite,10.382991796133567,8.054074419891204,462.1743913762645,18.999511549966844,1398.2823798754807,0.5869638443016107,0,False
21.33000000000005,79.31000000000016,0.0629141318082702,0.0700914654960311,0.3245050427589926,0.1869064065259905,0.1261239152589933,0.6447436099309379,1.114081421296977,1.4819267701449692,Laterite,29.268306025797447,13.450145253472982,293.2750217686465,11.201604963070466,1338.036927038002,0.49561540030753226,0,False
21.33000000000005,79.32000000000016,0.0364089441780937,0.0564256112045175,0.3701174390128237,0.1986799004898761,0.2378764544758676,0.7354282939903123,1.5497733406806633,0.8352230608284509,Laterite,19.22916232035996,13.643833785101975,545.7611948777591,23.710769601679676,1222.8699654040315,0.4402403535977102,0,True
21.33000000000005,79.33000000000017,0.0731307784516456,0.0667036938632855,0.2943881306984805,0.2368775604773272,0.1439968648279068,0.6305444246722187,0.9121151884931564,1.6450188731256186,Laterite,24.67441690903083,6.304788692989016,323.74742483200515,11.791266332686433,1294.3230176052205,0.4680279322057271,0,False
21.33000000000005,79.34000000000017,0.0279088062652034,0.0707696571391287,0.302012478790066,0.2012174441142458,0.1990650244693724,0.620316263311575,2.535746467013508,1.0108126455138444,Laterite,3.9757401822554526,2.6641984827325738,477.65266159049474,20.51352537022247,1285.0891984115012,0.5248271110029193,1,False
21.33000000000005,79.35000000000018,0.0987903816538443,0.1041190319018811,0.3156306305000196,0.2082721324233531,0.1650888172914032,0.5038993893108386,1.0539389569453657,1.261576257642988,Laterite,25.860434468178678,12.64792512931017,206.44985854888597,7.139568301911001,1300.6867995412092,0.5060166018430857,0,False
21.33000000000005,79.36000000000018,0.0491014810810455,0.2385799409084343,0.2506094686867857,0.111544982466974,0.1952531198991071,0.0245907363077343,4.858915355908493,0.5712839951929277,Laterite,27.68271571540183,2.5665172437752903,349.0628519576589,12.74896672768568,1356.1455330143367,0.5231187581648891,0,False
21.33000000000005,79.37000000000019,0.0689547896761824,0.0607382625489623,0.2105607742357245,0.2397188611207263,0.03,0.5522412221110936,0.8808418203595456,5.0,Laterite,14.611857564568076,11.569850164586601,340.68392718352334,12.920188762996784,1322.62775591037,0.5357471209292478,0,False
21.33000000000005,79.3800000000002,0.0712986361463815,0.0725349877753774,0.1284562102689496,0.2057557691615763,0.1239770989425844,0.2782272209423643,1.017340465317226,1.6596272275325794,Laterite,18.187588132529324,13.86844256112618,417.39377143320576,16.640592250082314,1324.1567296498995,0.3940061532260195,0,False
21.33000000000005,79.3900000000002,0.0549128507888748,0.0864950794755458,0.2353850641923338,0.3244205086337939,0.2043767711575314,0.4625634342457555,1.5751336540618297,1.5873648782962595,Laterite,22.944294027089864,14.012229927889033,229.0945047108786,9.447944691085869,1393.6736580663444,0.5381310629686367,1,False
21.33000000000005,79.4000000000002,0.0801608140442553,0.1046719539483855,0.3531145453268002,0.1456304382922157,0.110253208862529,0.5427040590264323,1.3057745865706976,1.3208725592895003,Laterite,5.245158817812376,15.069442213191934,516.0525494904433,21.973101152324034,1293.176945510748,0.4958697990102163,0,False
21.33000000000005,79.41000000000021,0.0481928903013213,0.099202032478187,0.2364088561960652,0.0845193270050266,0.2267836582434762,0.4088270920499543,2.058437077587426,0.3726870252574262,Laterite,15.076982293903272,17.45718843131329,287.1123207070274,4.586282779935919,1421.20997629445,0.6,0,False
21.33000000000005,79.42000000000021,0.0884589189237143,0.1398438317579202,0.2838192962574284,0.2540647945750954,0.2126745076883835,0.3398347766065419,1.5808901273192186,1.1946179973196234,Laterite,11.959890833169393,9.999179839295769,470.81512595280407,18.00199579920664,1294.4346204315282,0.40898358354863973,0,False
21.33000000000005,79.43000000000022,0.0218206095925945,0.02,0.3551431287412545,0.2347568912819023,0.1148434641936222,0.8933740297375233,0.9165646735704008,2.044146723767365,Laterite,4.391219764867474,14.604983790591424,521.2848492976373,20.93706209935614,1332.459909830711,0.5775317978053545,1,True
21.33000000000005,79.44000000000023,0.0658713873863892,0.02,0.3614689496422902,0.139609688562812,0.1129618240476774,0.8951421862067072,0.3036219633924141,1.235901505806928,Laterite,11.026032668745943,12.383454707316734,424.7507824966052,20.708073347908545,1313.9398202299442,0.49649788903246234,0,True
21.33000000000005,79.45000000000023,0.1201278699717453,0.0681048731195892,0.2023467147834199,0.1028175731497056,0.0872597078822718,0.4963618171187702,0.5669364909151741,1.1782938028006542,Laterite,2.045169281564807,3.7327987959536513,496.3532826887942,18.521381561935495,1334.1709566751306,0.5247635852861762,0,False
21.33000000000005,79.46000000000024,0.0318300602618295,0.1316520075017435,0.4109059356453883,0.3172177711478922,0.1062802884068052,0.5146988107341124,4.136090412810527,2.984728171184635,Laterite,0.7743572084846095,0.5137928973881634,464.7441248860022,19.689931773116584,1350.229599753739,0.5901320392881209,1,False
21.33000000000005,79.47000000000024,0.0413876508842511,0.0249540787357712,0.4248350089355733,0.3082877273424665,0.0759505467915492,0.8890409773637865,0.6029353718399418,4.059058689632273,Laterite,4.054988674644683,5.690827713538676,342.21191886080305,17.248890572005134,1349.6917620045263,0.534172474151976,1,True
21.33000000000005,79.48000000000025,0.0770172354897641,0.02,0.2000150142781692,0.04,0.1588405590216452,0.8181942254575106,0.2596821327959748,0.2518248501591253,Laterite,28.893453347675216,8.860674126752388,523.5434156134261,19.188371923998204,1290.3441334690535,0.5038974645240231,0,True
21.33000000000005,79.49000000000025,0.0668674534581845,0.1100671762487632,0.2315163130359102,0.1766243879520364,0.0644176753326731,0.3555474446552578,1.646050064595156,2.7418621793740017,Laterite,16.48588607685051,12.342118888573125,317.8805479542112,14.03297328315427,1271.854266127704,0.48905990908800484,1,False
21.340000000000053,79.0,0.0777989029782063,0.1056662889481079,0.3895090683146223,0.3396934438348719,0.1761066508095104,0.5732166900999301,1.358197670754924,1.928907523256563,Laterite,28.9746648345966,16.999186610064108,428.4851671006069,16.249004961322914,1469.1585895453707,0.5267605643297951,0,False
21.340000000000053,79.01,0.0818356139044294,0.0677711628464287,0.2566146478744735,0.2274907451466576,0.1771439348450117,0.5821570448785993,0.8281377694894615,1.2842141347784468,Laterite,12.97493634990396,3.924914334123313,498.1590956566158,19.747361501113858,1319.8007830200575,0.49350083740700185,0,False
21.340000000000053,79.02000000000001,0.0860816440568525,0.0561384159711619,0.050222205254819,0.1882571436181329,0.062499779740803,-0.0556240706624923,0.6521531567040018,3.012124908242142,Laterite,9.354483992557787,2.510995797969542,351.58236392500305,13.043043495635166,1378.9606219336843,0.48133459491899416,1,False
21.340000000000053,79.03000000000002,0.100210995258686,0.0565902512146121,0.1331318495267359,0.2025068470659426,0.222870930316416,0.4034406006084154,0.5647109981500348,0.9086283558271832,Laterite,15.184255885207323,19.26959894948655,321.10704304697003,11.915745510125312,1263.6179344739253,0.47162838045644784,0,False
21.340000000000053,79.04000000000002,0.0790945597078547,0.0996214126989566,0.2490630374827569,0.1435372118362271,0.1708804647207601,0.4285870065701569,1.2595229424244605,0.8399860802508127,Laterite,13.185350658987304,2.1608911875281422,383.7384040691291,21.43292446536003,1330.0193640048512,0.3819607266490644,0,False
21.340000000000053,79.05000000000003,0.0594422703614429,0.0699673889526786,0.1585957349715453,0.102365697904035,0.1825049010722423,0.387763102194357,1.1770645436240987,0.5608928705285868,Laterite,3.1699405278523174,9.569821402143784,527.1853977396614,23.654969983295892,1337.640030800963,0.5230669899287385,0,False
21.340000000000053,79.06000000000003,0.0867372110360811,0.1146025567590196,0.2344576229363618,0.2950783117514304,0.1069067399228601,0.3433650502546612,1.32126171983119,2.760146943853428,Laterite,19.224789440706186,11.711274575866037,571.9687052582659,25.0,1367.6407534964767,0.5067784198719975,0,False
21.340000000000053,79.07000000000004,0.1234364580468556,0.02,0.2799396213683642,0.0920944165626605,0.1757789559236546,0.8666398260283895,0.16202668401426,0.5239217403832308,Laterite,6.481145475287988,10.827488418148764,418.0333651439561,18.40204385467116,1207.877292950488,0.4361437980230948,0,True
21.340000000000053,79.08000000000004,0.0623409876085218,0.0602059253948866,0.4238254604034798,0.2381090016476106,0.2007996724861019,0.7512313159893796,0.9657518690012132,1.1858037345429966,Laterite,18.587638646934888,1.720643140658864,464.58648212946076,16.14525651192362,1352.3070306540017,0.5181030406922578,0,True
21.340000000000053,79.09000000000005,0.0369641208598797,0.0492578415635565,0.2494546083772284,0.282560564493033,0.1393695800497646,0.6701989380969485,1.3325852281735615,2.027419212925785,Laterite,19.5060327719446,1.1405382800723873,561.3094488955657,24.177809644628518,1286.5129272316904,0.4107641515636118,0,False
21.340000000000053,79.10000000000005,0.0992924200786081,0.0838663728650987,0.3866541799572837,0.1186141590769163,0.2442161229624165,0.6435166438778989,0.8446402324995115,0.4856933997212011,Laterite,4.560745593859443,2.1096685492207135,239.41874056517696,12.121640085897067,1360.2172855598312,0.6,0,False
21.340000000000053,79.11000000000006,0.0623485650813909,0.0724180896603928,0.4231760162036853,0.1552012118183422,0.1461432317456452,0.7077524173960138,1.161503708220174,1.0619801537047158,Laterite,1.8404888133200448,11.71175367745225,292.831431146466,10.494510683024526,1292.1835401581768,0.4794304544849363,0,True
21.340000000000053,79.12000000000006,0.01,0.1256737511958289,0.4246309669352163,0.3045225431874083,0.2007992900226219,0.5432575913584488,5.0,1.516551891201636,Laterite,23.422847582053194,10.886897752686423,483.560002500633,22.07898677184863,1301.225865203806,0.48066747780281777,0,False
21.340000000000053,79.13000000000007,0.0911426503145114,0.026,0.310575459338566,0.3079229044990677,0.1582304403629309,0.84550269889926,0.2852671047172046,1.9460408730341976,Laterite,13.794012713079605,4.674815840734885,529.4977847649199,23.471080118246483,1330.3186194804216,0.4505996717985119,0,True
21.340000000000053,79.14000000000007,0.049540154421381,0.0952196590532281,0.0866710852161121,0.1757900005184746,0.1726760766428414,-0.0469983993234837,1.9220702876922255,1.018033324791544,Laterite,1.7449138651642737,12.755482836911831,542.8116113322312,25.0,1291.3835265199252,0.485466141567435,0,False
21.340000000000053,79.15000000000008,0.0627640015308738,0.1155534569284662,0.3299824865403966,0.3028574302352786,0.0596533866182593,0.4812833458380399,1.8410785470317284,5.0,Laterite,29.845989515093013,16.401350041112988,366.04287074197305,14.416220255888307,1320.2232776633173,0.5644317236374079,1,False
21.340000000000053,79.16000000000008,0.075319409917069,0.1673058974624761,0.3896399887813646,0.3028575006417977,0.161592686910766,0.3992023224705649,2.221285289204481,1.8742030115609123,Laterite,1.733416829890999,0.8315791969318753,235.73596091674673,7.627109740312992,1284.3312115729193,0.5334200148114464,0,False
21.340000000000053,79.17000000000009,0.0709549903933705,0.0735893611562587,0.2775932894564693,0.2369336885110958,0.1061112449371345,0.5809054857527354,1.0371273485426569,2.2328801101917044,Laterite,20.851056865756597,9.962598870960848,375.112590919848,14.906435069581908,1252.3414774151486,0.5123499415877084,0,False
21.340000000000053,79.18000000000009,0.0864035545141696,0.1056583441740983,0.4610583870075363,0.1547887840488397,0.1003600847111133,0.6271211404500053,1.2228471924090385,1.5423341295512667,Laterite,29.510367757902408,13.786208242053807,292.2938360828215,15.050051823111476,1394.897852621553,0.5504066423164459,0,False
21.340000000000053,79.1900000000001,0.0519354088829031,0.020345488297503,0.3734833561467577,0.1885585907569703,0.2297051592232965,0.8966785260686181,0.3917459917221536,0.8208722490711896,Laterite,7.175403126477768,5.046238541393741,316.4785819986497,9.529795821593146,1279.1975653588886,0.4617719606314527,0,True
21.340000000000053,79.2000000000001,0.0802731739452808,0.02,0.3452273377152908,0.2372470720768731,0.1316314875968801,0.8904791729467153,0.2491492361908888,1.8023580545044344,Laterite,4.267481060615886,6.1554181058629815,508.90702273500233,17.067707849763032,1335.0659556196858,0.42814157500554706,1,True
21.340000000000053,79.21000000000011,0.0569735996724807,0.1259309750312654,0.3979380711205966,0.2036983619596715,0.0919749084512226,0.519227272608425,2.2103390962508964,2.2147166566219307,Laterite,3.641548182672867,12.272758059787677,230.21083441035475,9.770908658294674,1381.6445540747743,0.5080647691847086,1,False
21.340000000000053,79.22000000000011,0.0868043144266233,0.0917375882540745,0.3235369851261011,0.2823270024764351,0.1240034185945536,0.5581834566211221,1.0568321258494375,2.2767678943744745,Laterite,9.098254427027866,17.958705868874738,531.0324869922808,21.241175039130056,1313.252794874283,0.48067622485117223,1,False
21.340000000000053,79.23000000000012,0.0829810245203897,0.1805966598695144,0.05,0.1310589772708102,0.0767574885539015,-0.5663423741123556,2.1763609294496344,1.7074422257579756,Laterite,3.0313743303194007,16.198488406057987,371.0676343296676,15.476607216754186,1302.741705012808,0.540967861363365,1,False
21.340000000000053,79.24000000000012,0.0363368389386602,0.0366638844412071,0.2420861048529776,0.1114015529653585,0.2132942234098106,0.7369407290677225,1.0090003811888808,0.5222905296365633,Laterite,20.76484025082396,11.66260438199167,438.42557244023806,20.15835572748165,1355.3119044334562,0.5237114862855371,0,True
21.340000000000053,79.25000000000013,0.096859463485249,0.1122160855811471,0.4126168027248,0.2283609778037653,0.1066359627916712,0.5723740332966696,1.158545395849548,2.1415005933387725,Laterite,1.8687539439018808,14.604434355144985,235.8608924942716,8.722398495023612,1399.8966911364425,0.6,1,False
21.340000000000053,79.26000000000013,0.0480810966465765,0.2157905277082764,0.2130408659901855,0.2171902692402139,0.1677049966971804,-0.0064119879231209,4.4880533579684005,1.295073333461138,Laterite,15.28266384449369,7.2964494041559735,334.9436313429119,10.209972977426755,1285.5342367457615,0.5419497657815693,0,False
21.340000000000053,79.27000000000014,0.0882817339484322,0.1402026916345737,0.2723527494763217,0.2054479163653835,0.2088653357105131,0.3203207245403745,1.588127976254489,0.983638168431022,Laterite,29.900905615589302,12.819310561975154,235.88036760593832,13.917311764647318,1336.4926083992132,0.47835994767450013,0,False
21.340000000000053,79.28000000000014,0.074938619402038,0.1325262382907303,0.1911163686097089,0.1092432355893441,0.1158723659392603,0.1810334271559585,1.7684638330857712,0.9427893752711496,Laterite,24.419108085180564,9.323631822551139,584.6174891524438,22.36460547314094,1257.3752702517186,0.3817592665134011,0,False
21.340000000000053,79.29000000000015,0.1189455103038514,0.0910422432329707,0.4748922595201934,0.2158682091358671,0.167301121613636,0.6782587284430251,0.7654113461185562,1.2902974404759937,Laterite,18.456583146930328,3.7987227291512182,522.9046597305002,19.66961991141331,1324.3399498159756,0.5659062428780649,0,False
21.340000000000053,79.30000000000015,0.0569760205288421,0.0276847417149601,0.4655492457418185,0.2105071424399407,0.0890156972547751,0.8877419542716602,0.4859016373801588,2.3648316948072354,Laterite,9.18760862359835,14.034765477545143,383.8531017425841,18.20131926671953,1345.7102342269889,0.572610598996658,1,True
21.340000000000053,79.31000000000016,0.0530804961164517,0.1445629174284104,0.2099131104859445,0.259643528736616,0.2626284784556807,0.1843571578693261,2.7234658251669592,0.9886343254338584,Laterite,18.716875088749156,11.12929274697644,289.4410193294684,11.291064229978149,1301.2687679123317,0.41966520842201305,0,False
21.340000000000053,79.32000000000016,0.0628574118233656,0.0854434027301319,0.3139298000389263,0.2621081151821545,0.1869790067308275,0.5721124894393773,1.35932104290744,1.4018050455220423,Laterite,15.811243917349548,7.172431639071828,573.3820420999409,23.76413871676125,1321.1504083088234,0.5708934041071838,0,False
21.340000000000053,79.33000000000017,0.0542246065149692,0.110159330255317,0.2320505952236136,0.2040177145231591,0.130349678061956,0.3561885727367145,2.031537656649524,1.5651570253182556,Laterite,12.782501516711145,18.226783801572616,337.8386382907887,15.0421901769035,1273.5886615847126,0.49670160662389307,0,False
21.340000000000053,79.34000000000017,0.087198257058259,0.0272786277371461,0.3624944639031567,0.2953900445753173,0.101158313455548,0.860028163230307,0.3128345522736449,2.9200768003423936,Laterite,3.921311302205984,0.41868235653466535,264.3937726749499,13.183573401009571,1347.8539305691597,0.5134794988697176,0,True
21.340000000000053,79.35000000000018,0.0145906817468997,0.0424416134196849,0.3528683077242522,0.120827288758595,0.1339201723580148,0.7852742307294881,2.908816316127328,0.9022336705582984,Laterite,26.598126457214,6.315463024989921,425.2657553815819,17.052485087869034,1396.7847124442426,0.6,0,True
21.340000000000053,79.36000000000018,0.0313495274256067,0.1468434959688854,0.3839705571613463,0.2499472453193237,0.12244081388242,0.4467234048334642,4.684073654664862,2.041371967318111,Laterite,13.493539464639676,1.1376279555529312,577.5096481379264,25.0,1289.142806511562,0.5506628111033665,0,False
21.340000000000053,79.37000000000019,0.0308059123526215,0.0753679084416822,0.3368918447708089,0.0951196984643188,0.2369072276999713,0.6343668869633574,2.446540369729208,0.4015061057766948,Laterite,5.838675354622952,15.330546324432543,201.53211620012902,4.125571810869099,1312.8664116724658,0.5248914519769349,1,False
21.340000000000053,79.3800000000002,0.0912292277592045,0.1472110190416976,0.5,0.1531146683999365,0.0778032638892507,0.545091122561781,1.613638770119711,1.9679723002506788,Laterite,11.032780526318689,14.042149082275852,295.2499373015995,13.821655194806134,1369.127312322794,0.537083595411647,1,False
21.340000000000053,79.3900000000002,0.1139184011774549,0.085770773637655,0.2027076234989472,0.1266140007163609,0.1456400711645059,0.4053573889118071,0.7529141269175234,0.869362391936828,Laterite,12.42389257586781,6.62704437472634,575.3790561641631,22.29507222413815,1404.6045359662219,0.5575464155138512,0,False
21.340000000000053,79.4000000000002,0.0593465234438729,0.02,0.1353396645563701,0.265935977481627,0.1378030966683101,0.7424997653465728,0.3370037334236544,1.929825843672788,Laterite,24.82613686700623,13.51325804414146,268.43438674286483,13.929308747502017,1269.3405093896386,0.4559998193269882,0,True
21.340000000000053,79.41000000000021,0.0572953483042967,0.1242227039892644,0.2679909799298759,0.206321283648315,0.1326694849827521,0.3665559917934823,2.168111503794409,1.5551525169455729,Laterite,22.00843141684206,7.918744523918997,245.29738065592795,10.50481315165809,1335.5607631292876,0.4980802136868668,0,False
21.340000000000053,79.42000000000021,0.0643415648933924,0.0647643072897711,0.1514011734439957,0.2096547728784841,0.1329291672530783,0.400789551690027,1.006570283088734,1.5771916506601735,Laterite,23.079146809240193,15.125075828448686,428.0748863199218,16.490642932644608,1358.1565411160614,0.4641928451887959,0,False
21.340000000000053,79.43000000000022,0.0969763490782426,0.1161275525406771,0.1598537729994237,0.1328286908589307,0.1323764594939712,0.1584390550966794,1.1974832371471786,1.0034162513965597,Laterite,0.3309379328594164,9.083673254734121,544.737529317932,24.0230792409571,1338.8971804686425,0.485434453888795,0,False
21.340000000000053,79.44000000000023,0.0341794059742796,0.0890084347015986,0.2098685345802267,0.1890214552846899,0.1816533033166003,0.4043807728932949,2.6041539314101287,1.0405616178154034,Laterite,12.484619945392845,8.24559455663331,390.84392707757047,18.071540322646605,1220.1603966562307,0.43922845481263983,0,False
21.340000000000053,79.45000000000023,0.0690310694820403,0.0260952708822804,0.2186811094568611,0.1562574287683542,0.168269222324617,0.786782769763454,0.3780221143939735,0.9286156227313408,Laterite,14.440324549059708,18.694598309766018,597.8257026738099,25.0,1369.0545004655237,0.48163016919348806,0,True
21.340000000000053,79.46000000000024,0.0910159288934696,0.0942117906148178,0.2163381898050183,0.2362418510397869,0.1585855805686344,0.3932584345546262,1.0351132121233146,1.4896805248228449,Laterite,0.5757683046917006,5.017581997814005,471.66867981519715,17.593469179700428,1419.9668175546171,0.5393248817154046,0,False
21.340000000000053,79.47000000000024,0.076672825098192,0.2279016033919391,0.364521895044566,0.1676683446321345,0.03,0.2306125465821784,2.9723908412509243,5.0,Laterite,7.794396262351027,2.4089467999313086,229.6299628841791,8.59988087292996,1349.8330875585602,0.4899883652994312,1,False
21.340000000000053,79.48000000000025,0.0672074484979589,0.1069994583405733,0.2629810938914916,0.3018856055643468,0.1522697437081531,0.421594147497033,1.5920773749447596,1.9825711793716347,Laterite,22.80869469366405,11.690862265189164,597.1328526727901,24.872389853790054,1292.444697335372,0.5097784975183631,1,False
21.340000000000053,79.49000000000025,0.0914313827770108,0.0847992898797763,0.2965485425127777,0.0912093685263047,0.0543180319914907,0.5552653892090388,0.9274637133493252,1.679172919458423,Mn_bearing_schist,4.113291171869972,19.386436245683576,363.15769471207614,15.049051307703053,1318.3436376818709,0.4132628334660133,1,False
21.35000000000005,79.0,0.01,0.1388137360782752,0.3604232774500968,0.1665436117280396,0.1781160081567906,0.4438964566372994,5.0,0.935028880098935,Laterite,16.05930394357775,7.556784274543733,314.961013538193,14.62286651496807,1448.4956533828615,0.5375181303132082,0,False
21.35000000000005,79.01,0.0874162595859267,0.1040467386081236,0.1952677475218611,0.3401040356976255,0.219344868378525,0.3047664350052398,1.190244686537124,1.5505447565595702,Laterite,6.456056160517125,1.2407352725756304,423.1516734311542,13.601517261284876,1405.49812704311,0.533639379650041,0,False
21.35000000000005,79.02000000000001,0.0473377295061767,0.1349677799736642,0.2463454101295319,0.2303283451711874,0.0991280443705716,0.2920896339738897,2.851167157709509,2.323543719654084,Laterite,0.3636232393167982,6.7861053461913485,321.72303672834573,14.073780639454744,1392.0013309192984,0.5064690371028928,1,False
21.35000000000005,79.03000000000002,0.0119210130943056,0.0515949931136349,0.3102759986092962,0.1300584934916895,0.1321709638828637,0.7148431660480752,4.328071135621291,0.9840171363852044,Laterite,7.236043727986244,10.118633086391169,234.58300284806091,9.19432907646259,1377.8206291768006,0.5080631009508386,1,True
21.35000000000005,79.04000000000002,0.0820560779857487,0.1357640973410578,0.0804432199379829,0.2845620112531621,0.1151122147473491,-0.2558695888450889,1.6545282264061425,2.472040101309154,Laterite,29.276212647301612,3.238460132644274,200.5713372316707,6.6801378185517075,1326.9431443905332,0.4183413786099571,1,False
21.35000000000005,79.05000000000003,0.1078097563548879,0.1363177366566766,0.05,0.1882225430449801,0.2066715887878389,-0.4632824451351301,1.264428574363004,0.91073254944166,Laterite,24.046113356489688,13.16204436112984,379.8333411681049,14.341415659798503,1349.9714409672933,0.5240631455962096,0,False
21.35000000000005,79.06000000000003,0.0623565445611684,0.0796607680907971,0.3110117328797783,0.1952268985280598,0.1494713942636024,0.5921864583634653,1.2775045269691578,1.306115456802076,Laterite,28.787299329631,19.95498778020401,534.7453688906369,21.85198170807394,1356.103863216156,0.540919247834412,0,False
21.35000000000005,79.07000000000004,0.0949462364160872,0.1515198328498766,0.3265014280566963,0.1441890432440876,0.2309564690283153,0.366054001109406,1.5958487498786087,0.6243126412015707,Laterite,14.635621317790873,9.034789519628877,428.9260742520306,10.669749551582239,1387.478715803304,0.5449813831364274,0,False
21.35000000000005,79.08000000000004,0.1146083477396584,0.0906917590341935,0.484622013485248,0.4,0.1650477101473679,0.6847224474697763,0.7913189636157647,2.423541649868959,Laterite,3.292085960325105,7.094571134604253,599.6829195773763,23.584209174140913,1435.445944713427,0.5902285822396443,1,False
21.35000000000005,79.09000000000005,0.1055674336075204,0.0586692195384568,0.2949094875866884,0.2026913669871079,0.1563025090317894,0.6681405390675939,0.5557511201892313,1.2967889518408489,Laterite,16.43878466921079,8.014083336689332,314.73865825888,11.362481111494079,1415.9169068397382,0.541045320354027,0,False
21.35000000000005,79.10000000000005,0.1151989358811407,0.1740768679998506,0.3619739717258174,0.1022523417320351,0.1474103391301402,0.3505210509269489,1.5110978805251194,0.6936578686817656,Laterite,13.631320036798826,2.3029235679040228,312.1820259040221,14.073150831312837,1289.0307822102798,0.5073206023614018,0,False
21.35000000000005,79.11000000000006,0.0881438247321556,0.0823482305704675,0.261352735641411,0.3242596831303846,0.1847196049628651,0.5208146691927322,0.9342484368845564,1.7554156366890787,Laterite,25.330712482188478,17.665472028524476,263.8997840935777,9.384770972211363,1371.1997484451342,0.522004442589768,0,False
21.35000000000005,79.12000000000006,0.0680230091670466,0.1240205954994425,0.3115227221585174,0.262174963357737,0.056755690087731,0.4305016723118997,1.8232153625041647,4.619359970613337,Laterite,2.942477423527338,8.296513110427039,265.6254353061341,10.637498870747942,1396.8381672584767,0.5581918487015535,1,False
21.35000000000005,79.13000000000007,0.0175810256430837,0.0817896547096566,0.4494256841749626,0.1654473498286117,0.1477271977760236,0.6920659146778712,4.652154880202726,1.119951858610757,Laterite,14.647234110653345,7.745488228496827,314.07463840401914,16.170996522156734,1390.9430165073136,0.44274214938363643,0,False
21.35000000000005,79.14000000000007,0.0581381253561002,0.0908869542588019,0.0712007181874461,0.1534816637919668,0.1397776778135998,-0.1214542461009101,1.563293510855112,1.0980413044695003,Laterite,4.501459940819528,13.193805458609486,517.1360181094109,23.536037127522967,1328.5383118307109,0.453522818537616,1,False
21.35000000000005,79.15000000000008,0.0401026021405128,0.1128424081733696,0.3258616257571782,0.2656430957310727,0.1793709413578862,0.4855647567831018,2.813842540606323,1.4809706275274357,Laterite,9.7402778067018,8.84066841862247,562.3027162545791,25.0,1505.7054607885,0.6,1,False
21.35000000000005,79.16000000000008,0.130408281524933,0.1045558823035981,0.4989586730077472,0.2009157170757346,0.133534919706296,0.6535099893909448,0.8017579942070786,1.5045930859671783,Laterite,22.120712321633988,12.964669376156921,590.0348678830726,23.58504130097299,1296.1457718835259,0.3630328733515119,0,False
21.35000000000005,79.17000000000009,0.0598834256270284,0.02,0.3145034219209454,0.0830815527088391,0.0908032782918642,0.8804197581647001,0.3339822289253733,0.9149620385984112,Laterite,14.280543881062997,1.2289258026157501,292.9158616385811,13.290892126853516,1305.8405776667794,0.48268132013377507,0,True
21.35000000000005,79.18000000000009,0.068736144203533,0.047710250396222,0.4522572963232963,0.3427067975223229,0.1429275337459826,0.8091466106161296,0.6941071670464607,2.3977661147614886,Laterite,11.27664855437308,16.27446687444455,552.5190182456367,22.553830159327678,1371.6797540631608,0.5729936557540887,0,True
21.35000000000005,79.1900000000001,0.0814645612812124,0.1684233192091193,0.2251787850470678,0.2243048011738548,0.0882379735565804,0.1441950264234057,2.067442779455774,2.542043882907403,Laterite,11.834288357101059,18.81007905758805,331.30203571093483,13.412065066601743,1465.8401527482745,0.5450270240035147,1,False
21.35000000000005,79.2000000000001,0.0661080733911719,0.1129888973771163,0.2857952505836411,0.3860280258645188,0.0459368893706232,0.4333330551047796,1.7091542894863638,5.0,Laterite,13.7834030521796,12.975307723187719,245.13621780675376,11.033379762774507,1318.1902574648734,0.47407079297679267,1,False
21.35000000000005,79.21000000000011,0.1155315312129208,0.0710707478891405,0.2932524702388717,0.3061904470575957,0.178376124074272,0.6098478253194349,0.6151632119948548,1.7165438955184948,Laterite,23.550496315111708,19.091318577176214,548.0099702080663,21.639761581827564,1346.7085817177322,0.5114868019849146,0,False
21.35000000000005,79.22000000000011,0.0458805191479646,0.0374970393896983,0.0690408920641363,0.1463293318861985,0.1707930786347308,0.296080956466651,0.8172758287028712,0.8567638277278877,Laterite,26.76254066820703,3.028646287399266,454.44225385744744,21.921100119613385,1413.8646836508665,0.5125432473689526,0,False
21.35000000000005,79.23000000000012,0.0702782236571154,0.0484705471489632,0.1748822172149938,0.2884232905054157,0.1650145471996759,0.5659731607505124,0.6896951083521917,1.7478658410741348,Laterite,28.66004059511785,9.548323789607075,265.89235843242466,10.75858798882182,1359.1068922556951,0.5112075592337326,0,False
21.35000000000005,79.24000000000012,0.0420458824290566,0.02,0.1829124920616157,0.1701990215095375,0.2066264210972877,0.8028706873890209,0.4756708337892206,0.8237040574159238,Laterite,23.607101587658853,12.036134678908946,371.93250300520106,16.73390875773604,1343.269807273567,0.46955712590158116,0,True
21.35000000000005,79.25000000000013,0.0245993246633768,0.0872487712519357,0.3757066078032675,0.0848309589237191,0.1080484054848007,0.6230791336255925,3.5467953730921318,0.7851199512346375,Laterite,9.462206872440381,11.634732948423734,314.9030779508271,16.032162539799057,1388.2816450944179,0.5760393379081928,1,False
21.35000000000005,79.26000000000013,0.0457269272728394,0.067182496776755,0.3816153105684207,0.1854781283784449,0.0695642928614341,0.700611296613957,1.469210826893646,2.6662835268270797,Laterite,20.644041182596265,8.029235581780865,494.7178274840788,22.676550360986965,1373.6258995115616,0.5862729583701186,0,True
21.35000000000005,79.27000000000014,0.0628488960885455,0.0522764843605842,0.327703644270669,0.2427346251243343,0.1374385111595946,0.7248462198003118,0.8317804692027646,1.766132526463822,Laterite,13.128093721661758,6.761688187325228,381.3664922497072,13.072432305023417,1411.5219392819215,0.5226512111251395,0,True
21.35000000000005,79.28000000000014,0.05096093326448,0.0880350629932786,0.3786102896855867,0.1822084346402509,0.1233849850147012,0.6226896399202035,1.727500993037922,1.4767472271513928,Laterite,7.6401186613815355,2.536480451008376,595.7119780425539,25.0,1424.57344445335,0.46489057063544403,1,False
21.35000000000005,79.29000000000015,0.0429473706037821,0.1051388252341062,0.2806850587278392,0.1928066161352373,0.0984652141614932,0.4549905818312389,2.448085261360302,1.9581190939492852,Laterite,25.22614738277768,7.834849011245564,221.89799290383806,10.94718849324788,1375.35015300035,0.4895641488594615,1,False
21.35000000000005,79.30000000000015,0.0214104760898427,0.1741279172883943,0.4181931669539714,0.2940496231449972,0.1364075423256067,0.4120488973249271,5.0,2.1556698252617843,Laterite,1.15279046886975,3.2532163021097027,342.00610645449865,16.033980479925606,1374.5866362689974,0.5062705555957258,1,False
21.35000000000005,79.31000000000016,0.0609868328211368,0.0297446632174679,0.2997788442632247,0.2211545786203005,0.1096397426897672,0.8194686413370119,0.4877227065706348,2.017102311561981,Laterite,27.052859764062706,14.687313529844367,392.76006684399096,14.138413116937027,1370.7055491143885,0.5392915247630561,0,True
21.35000000000005,79.32000000000016,0.0182183887790675,0.1364152417320173,0.3055864047426936,0.1543691182100473,0.0482397358321548,0.3827387619970813,5.0,3.200040697303041,Laterite,13.844323938742026,4.1766187098918,401.2534218993279,15.404822105104017,1384.4565278325463,0.468770536778671,1,False
21.35000000000005,79.33000000000017,0.0860416789106856,0.1287840624405991,0.2741407366737773,0.2622421226567067,0.1178011654603082,0.3607538541102332,1.4967637070936906,2.226142003004647,Laterite,19.116044304248412,1.171306105690677,326.3743289542547,15.588046844577189,1362.7585318936551,0.47257633352801315,1,False
21.35000000000005,79.34000000000017,0.0655931925880325,0.0585162904249282,0.3700450477636617,0.2266372896867908,0.0828612416648033,0.7269175483322587,0.8921091965021007,2.7351423278218205,Laterite,19.78061766617348,11.047322756344686,491.6960996390272,18.963816743594176,1359.9695758839673,0.5355223978494281,0,True
21.35000000000005,79.35000000000018,0.0192734550160495,0.0976294381834373,0.2603801183387281,0.04,0.1510824035805422,0.4545987031487369,5.0,0.2647561795785193,Laterite,26.85353222119609,11.904594654388031,549.8988293955899,22.31305911148762,1419.831356041444,0.5793822001175194,0,False
21.35000000000005,79.36000000000018,0.0536037276885014,0.0923190710344388,0.4010431377198267,0.2906216447567937,0.1065182620879632,0.625755400686926,1.722250948640968,2.728373884320039,Laterite,19.10009046501622,17.43826122561011,575.4877207911452,25.0,1435.805809017834,0.5073474761231536,1,False
21.35000000000005,79.37000000000019,0.0401953078322798,0.0965675432167455,0.1910850859284196,0.2393280095401203,0.1947215737070485,0.3285822311435131,2.4024581023098626,1.229078036197842,Laterite,18.418007542801853,11.539632248353637,522.0373507198105,21.65595777922253,1284.6223527684108,0.41507252959060426,0,False
21.35000000000005,79.3800000000002,0.0722152353125726,0.1493252405361778,0.1953083745272014,0.2130084790706532,0.2191533033633891,0.1334261429176734,2.067780291555768,0.9719610688243062,Laterite,1.9995612168206989,6.9096170744689145,540.2320789226397,21.056121679442306,1360.5010575871104,0.6,1,False
21.35000000000005,79.3900000000002,0.1027335133806915,0.1130042493052482,0.3748426755126717,0.2737190406748632,0.172749068650591,0.5367225103478466,1.0999745406983197,1.5844892401130624,Laterite,15.552240658356123,16.06023763052641,420.2181202479982,15.75385362994078,1325.5652783278201,0.5362521912273682,0,False
21.35000000000005,79.4000000000002,0.01,0.1089443349293333,0.2981455785417204,0.1639324490971376,0.0610486909008296,0.4647652454777996,5.0,2.6852737775312785,Laterite,4.50507002451125,10.805577863748422,530.3552905707259,22.763575766283953,1344.4514266757783,0.49081909691506526,1,False
21.35000000000005,79.41000000000021,0.0657307823744195,0.0712076272018098,0.2625108583847093,0.2342549852174557,0.2136797999439475,0.5732473308733682,1.083322372276973,1.0962897998279502,Laterite,22.123013061644567,1.5856056926238349,321.4015636591809,10.72543580217812,1380.125810486848,0.56099874270911,0,False
21.35000000000005,79.42000000000021,0.0573560161329977,0.028877733403022,0.3978057732475686,0.1007128440182777,0.2170260225186837,0.8646409669174207,0.5034822029080931,0.4640588386731434,Laterite,15.366657624380235,11.317011206264933,359.39150484368577,14.479974107360738,1393.4719185772053,0.5163291379807309,0,True
21.35000000000005,79.43000000000022,0.0821802022935109,0.1036376530518928,0.2489738585914146,0.2863155922054926,0.1389995255653924,0.4121709039531386,1.2611024314059882,2.0598314334879664,Laterite,20.4068333762506,18.160370908433247,326.7652055274177,14.281677966955781,1354.3936778195146,0.5512554736373273,0,False
21.35000000000005,79.44000000000023,0.0683158988471275,0.1361443261945519,0.2905798745699866,0.3465141786877849,0.2040263080167719,0.3619095145355008,1.9928644472631407,1.6983798897613822,Laterite,1.250187018071528,7.926252509964411,386.9549341791702,18.72142189856076,1264.3329832639417,0.4820945286127892,1,False
21.35000000000005,79.45000000000023,0.0392409200478322,0.0266132857364093,0.4514227950071399,0.1398600553272641,0.1101162430976613,0.8886557443971713,0.6782023876134691,1.2701128486213606,Laterite,2.543760481374097,5.926516037996001,314.23184649545453,14.428089764717264,1311.7477209712729,0.49646899027260594,0,True
21.35000000000005,79.46000000000024,0.0521083819299982,0.0589113528548055,0.4663142345810894,0.187216620913017,0.0442077032575156,0.7756721899967244,1.1305542517303822,4.234932075049516,Laterite,21.48970164188047,2.869389140360401,584.6445769017787,22.932060468276422,1404.82498351009,0.5211302754047443,0,True
21.35000000000005,79.47000000000024,0.037679224295892,0.0923907094493577,0.4705398210270576,0.159198918997583,0.0993257780689153,0.6717509373501066,2.452033207441252,1.6027955877360087,Laterite,2.162530079960201,3.0289104387071464,325.13785120226726,15.904249101888578,1222.9786788983354,0.38624793791372125,1,False
21.35000000000005,79.48000000000025,0.0937202141579545,0.0477738086061044,0.2859874223066342,0.2176998758061032,0.2236250433022327,0.7137246377529028,0.5097492465671524,0.9735040069484884,Mn_bearing_schist,2.1377018329577577,8.655429686836378,239.2178152443759,9.368378893420708,1419.3713575841819,0.6,0,True
21.35000000000005,79.49000000000025,0.0619593494601548,0.0552790621153863,0.4381702904984729,0.1338874609002311,0.0624260038194211,0.7759483851326825,0.8921827376789557,2.144738610420293,Mn_bearing_schist,0.3632542570466235,11.913596483230592,410.7268664201654,14.64221339007474,1386.061499532309,0.4726963663112287,1,True
21.360000000000056,79.0,0.1241557205725897,0.0787360567308722,0.1767047172231355,0.2522873165083675,0.145656064096574,0.383527887648625,0.6341717989661273,1.7320756118185807,Laterite,28.695041948984404,1.612308103392035,222.83963137807055,8.940901922221995,1441.808804076591,0.4726771227131919,0,False
21.360000000000056,79.01,0.0651801755855608,0.0408753038323932,0.1818097125277977,0.2817787961828403,0.1472071946670098,0.6328868054784417,0.6271125139272711,1.9141645666763896,Laterite,22.12525078377021,18.791371780503315,244.21726652343222,13.052057840767747,1366.071540656042,0.5016338336081975,0,False
21.360000000000056,79.02000000000001,0.0456277969926855,0.0563551261513444,0.05,0.2596043049417634,0.1196712878016085,-0.0597538301663581,1.235105127623585,2.1693115323970207,Laterite,10.597542255061924,15.10267234890392,287.75575567849853,12.320303253400622,1272.9297287989448,0.4292750576240789,0,False
21.360000000000056,79.03000000000002,0.0213485682216145,0.1232771166714914,0.4415868201898577,0.0981109202053333,0.1229639200081433,0.563515711820255,5.0,0.7978838029809683,Laterite,8.896067438629657,11.732478365673254,385.74009995285667,16.097547893361934,1397.518132075415,0.521483660000267,0,False
21.360000000000056,79.04000000000002,0.0125458097123209,0.0426652087107604,0.1888020150923973,0.2912617365611006,0.148572456711809,0.6313498901372675,3.400753665886107,1.9604019669004364,Laterite,10.491096892375486,16.568773418779816,373.3003729236111,18.828605494556168,1439.732656202007,0.5742879385038411,1,False
21.360000000000056,79.05000000000003,0.0189959217098345,0.0308651146202053,0.2634467420252996,0.2869157189977557,0.1166718829032625,0.7902557171055817,1.6248284726159428,2.4591676384423544,Laterite,23.239605935435456,1.6037351362422658,519.8767448011165,18.798821339271,1422.2360902757612,0.5831036788798715,0,True
21.360000000000056,79.06000000000003,0.0744137995303436,0.0902187010642359,0.1859675658071777,0.334933555277087,0.0734970751416022,0.3466822076017711,1.2123920766363805,4.557100458434319,Laterite,19.841118332112433,9.536777554662487,495.7898615536453,18.08671266996301,1342.8654258256884,0.5443110707657172,0,False
21.360000000000056,79.07000000000004,0.0815417506968971,0.1236982201003925,0.3474165248330206,0.2467989574059055,0.1551715971471715,0.4748700971283784,1.5169924473230654,1.5904905394044608,Laterite,5.555867036024038,12.601862537233268,370.5273175962805,12.20694529124469,1380.3380537732223,0.5023451674256744,0,False
21.360000000000056,79.08000000000004,0.018724278939035,0.1122720659841599,0.241236633928273,0.2829759023932283,0.1979083291222472,0.3648129959448732,5.0,1.4298332137171037,Laterite,5.22328006002253,16.573058122365786,333.48168303025193,14.640366499220608,1349.3581865610938,0.5084889113434895,1,False
21.360000000000056,79.09000000000005,0.0928911494222824,0.0754767568753737,0.1492183109567126,0.2923672578688452,0.1875386259326695,0.3281850142951382,0.8125290435475623,1.5589708853786437,Laterite,2.9518694914019195,15.669391200985354,326.5875136245994,13.940799321921892,1335.0366767906214,0.5210327063413576,0,False
21.360000000000056,79.10000000000005,0.0514281684494957,0.0956543519006226,0.324766256418614,0.3544459441322391,0.1033932266305078,0.5449587863436147,1.859960301883248,3.42813504656446,Laterite,19.809081591040144,5.541384994267993,509.5980349176036,24.318724189459704,1423.7694285590826,0.44602416451255233,1,False
21.360000000000056,79.11000000000006,0.0702037903595653,0.0238717026856122,0.1381269975189855,0.1527871675644576,0.0811386042311145,0.7052852561072712,0.3400343846015181,1.8830391380773093,Laterite,22.93117986665208,18.817603391184086,220.8289624885079,9.688156924628036,1316.1233844368319,0.522075504169805,0,True
21.360000000000056,79.12000000000006,0.1140466188476615,0.1133082261509995,0.1986594274684597,0.294668777705631,0.1293106058922593,0.2735899068376278,0.9935255178673832,2.278767278557725,Laterite,7.951392849750121,2.486916828617407,205.12865980424232,7.738713172884824,1331.3091784710093,0.42637597754743684,1,False
21.360000000000056,79.13000000000007,0.0924651794759647,0.1086774012561439,0.0726110885374012,0.2128648031394751,0.2217295754897813,-0.1989443055095291,1.175333263337904,0.9600198916778392,Laterite,0.6283488309273844,17.502672372423042,518.2177567706592,21.595996277867016,1320.7987183264709,0.597316849317751,0,False
21.360000000000056,79.14000000000007,0.0573840805628237,0.0767876610361691,0.1418041887802491,0.2095228863579946,0.1754399039479753,0.2974334485432093,1.3381352484734683,1.1942715512469677,Laterite,2.4651500242928206,19.418804992092372,390.8585503956197,16.521187770072736,1301.4876238351378,0.4678321047060919,0,False
21.360000000000056,79.15000000000008,0.03858423323754,0.173182074613411,0.302952916972058,0.1328914220079046,0.1781782338397096,0.2725505258482926,4.488415594483663,0.7458342080821794,Laterite,29.035801045350915,3.5430704644525113,252.3524554214304,7.171163095903266,1383.3207145922202,0.5095015091123529,0,False
21.360000000000056,79.16000000000008,0.01,0.0477001560418763,0.0895463961897182,0.1980647413339187,0.1872928475892726,0.3048982975305591,4.770015556487475,1.0575136412177215,Laterite,8.863343324322608,14.441321284075705,294.2263738378005,17.680095531911473,1434.075152424189,0.49929282719717805,1,False
21.360000000000056,79.17000000000009,0.0435054004227259,0.1377363597301405,0.1387854275378396,0.1478914529422071,0.163658328125927,0.0037937980138362,3.1659600434707227,0.9036598048224344,Laterite,23.07669443514401,0.8057103755599693,573.001581238953,24.914807921160197,1366.7561621878267,0.4810350592276505,0,False
21.360000000000056,79.18000000000009,0.0586260928351676,0.0986197466238077,0.2875631083867309,0.1849301899345798,0.1484704273806766,0.4892588038607803,1.682181801418484,1.2455691889123746,Laterite,18.739907065627914,8.108456502783099,543.8011902499592,23.07839954312681,1300.7126099718816,0.6,0,False
21.360000000000056,79.1900000000001,0.0352246141854628,0.0787978964048706,0.2343393103907068,0.1402269531355254,0.1753753448323959,0.4967196824927448,2.2370123279785745,0.7995819092448851,Laterite,11.458189189586877,10.325665983953481,483.91402008958903,21.393412138956705,1417.9972269871914,0.5787674445513616,0,False
21.360000000000056,79.2000000000001,0.0607822909872291,0.1186705709608445,0.4888036635959434,0.2224516954657024,0.1147716947890964,0.6092984220873457,1.9523872634307156,1.9382104244487872,Laterite,6.170617865866653,11.612904518192682,392.8900921349306,17.789242466795322,1460.2850877018386,0.47014678563079754,1,False
21.360000000000056,79.21000000000011,0.0669055564887613,0.0876094093675597,0.4738896546024506,0.1880722750083574,0.0711768494316813,0.6879445932375189,1.3094489282266315,2.642323680323124,Laterite,3.641592544782193,18.71874496497119,408.1294504765543,16.724286798851566,1343.6878837927602,0.5790936014565464,1,False
21.360000000000056,79.22000000000011,0.0577343205457558,0.1405313158567059,0.2046077537248981,0.2229728442907115,0.1778698467312134,0.185653968202741,2.434103567598429,1.2535730381681711,Laterite,18.450389041165998,13.445013745883895,590.0978141135835,23.324926648917913,1352.072286664204,0.5666892212561481,0,False
21.360000000000056,79.23000000000012,0.0448599225752943,0.0630146853715036,0.3480137618403621,0.1234410115675225,0.2034269052874584,0.6933804176639308,1.4046989297689465,0.6068076950411736,Laterite,23.239013419133638,9.62555902438474,586.3081775537148,25.0,1401.7830315042597,0.5116080136996829,0,False
21.360000000000056,79.24000000000012,0.0692996401589999,0.0608592304341331,0.3681282556879596,0.1144137296578225,0.0854484030321955,0.7162657073282294,0.8782041321813274,1.3389803140126015,Laterite,19.31712760623392,16.193500725317787,286.1076183143337,12.692572444160142,1457.0936873893427,0.5617449798724954,0,True
21.360000000000056,79.25000000000013,0.0773782194870802,0.1326321156828962,0.2343521141975745,0.2406339989511318,0.182276074120792,0.2771781188529311,1.7140755679139668,1.3201622866841565,Laterite,15.90906399747475,19.01065641908818,524.4418265221273,20.23196257357649,1350.0082927138287,0.505505905796632,0,False
21.360000000000056,79.26000000000013,0.0312880276767125,0.0671786025926425,0.1454458463501949,0.1591793318050879,0.2250382856694064,0.3681008656807094,2.1471024978647915,0.7073433360943602,Laterite,1.258536702949088,0.44132297364581685,278.89706646680673,14.458782325518143,1309.3775109501798,0.589645561828664,0,False
21.360000000000056,79.27000000000014,0.106207971392386,0.1648937200212386,0.29467015506921,0.3479005023793078,0.1407076899121407,0.2823904185118781,1.5525550267482495,2.4725052507740672,Laterite,29.054663327831513,19.650425445120774,285.41499115358056,12.478995370711823,1407.5709303137103,0.48802458941803684,1,False
21.360000000000056,79.28000000000014,0.0608023560314699,0.1586174393203451,0.2795154325186051,0.2301688805410478,0.0997398907629094,0.2759391064706645,2.60873836825294,2.3076913213932686,Laterite,23.961425749637236,1.7226427812736067,470.4372136658307,21.06118929394487,1415.953403657205,0.5382830568602381,1,False
21.360000000000056,79.29000000000015,0.0642054886883432,0.0743881989223313,0.2541235503029548,0.2565733505144429,0.1466109336763344,0.5471200094053651,1.158595632961474,1.7500287591501469,Laterite,8.784661101028941,16.287735585375227,362.00043943501936,17.867193418485645,1376.3065725218514,0.49470769814605403,1,False
21.360000000000056,79.30000000000015,0.0847664326976944,0.1175344930630087,0.3428316868164657,0.3125484624294569,0.1127533015899615,0.4893869349036496,1.386568824283539,2.771967274970568,Laterite,29.39910988076552,5.60669505102825,572.617762842608,23.902851094105003,1348.0933370172174,0.43388298115056373,0,False
21.360000000000056,79.31000000000016,0.0703964839379027,0.0439523087464021,0.2244270392994577,0.191820243173534,0.1092634945021763,0.6724613193969399,0.6243537492971589,1.7555748502456667,Laterite,18.056447689089662,2.643593155077435,235.60389395840355,10.450732928901711,1425.7189365496924,0.6,0,False
21.360000000000056,79.32000000000016,0.0918740990173949,0.1201093319227087,0.1852002452421037,0.1729859306208546,0.1615792033635735,0.2131964345911688,1.3073252753122009,1.0705952679105308,Laterite,17.472679746217395,8.797112794276698,404.6102563237972,18.478815157170448,1402.4018002274884,0.4668223461301875,0,False
21.360000000000056,79.33000000000017,0.0717737249560522,0.127032047271307,0.3122082970350017,0.3287030171902929,0.0595535262485015,0.4215829718783796,1.7698962562149367,5.0,Laterite,22.442195382885963,12.879131588952271,567.4086121772484,22.192303339785248,1337.5782241549155,0.5125982934324821,1,False
21.360000000000056,79.34000000000017,0.0446668787607843,0.1084815312864048,0.3407970092569066,0.2482659494750716,0.0673635538753848,0.517085631639238,2.4286794612293163,3.685463946361708,Laterite,24.353093642704128,7.6190369004695,561.645464191802,23.50999766701709,1378.4547365653737,0.42988549589299835,1,False
21.360000000000056,79.35000000000018,0.0737651057561804,0.0635571171185803,0.1854355056100141,0.1991868783125024,0.1403445440186932,0.4894859418197882,0.8616149381320944,1.4192705499406133,Laterite,19.69435821994508,1.0913081656539791,262.61168536629646,11.193250730231314,1308.4146233988577,0.4707019568124169,0,False
21.360000000000056,79.36000000000018,0.0284882137803774,0.0227566633773091,0.396809061099128,0.3094020576869093,0.1380845730543744,0.8915227717884603,0.7988097629730223,2.240670703605732,Laterite,3.8428723909860008,11.989222793174331,346.6550800385826,12.531844564907486,1410.294522821986,0.5499588871299176,1,True
21.360000000000056,79.37000000000019,0.0659367911732929,0.1091500825899761,0.1278518862224126,0.196842898311198,0.1561977288519926,0.0789099082942634,1.6553744955160756,1.2602161352275336,Laterite,10.148025179834953,18.048065522213495,447.6485600186785,23.28729691145936,1362.8883215309472,0.46984642159898704,0,False
21.360000000000056,79.3800000000002,0.0615631002806634,0.02,0.2479886541284565,0.2136941546288977,0.2326012694241652,0.8507399493640482,0.3248699281929257,0.9187144810776572,Laterite,27.842509209781493,7.664307318945034,263.75795390856086,8.175327859205229,1354.214458380853,0.5371705144296026,0,True
21.360000000000056,79.3900000000002,0.0561964942818209,0.0759659803102943,0.2808991463802604,0.2125855855583909,0.1438857018037868,0.5742594349664264,1.351792156182408,1.4774615041357082,Laterite,6.7384683553155575,4.326655552616541,587.2088688182955,21.870828393387995,1374.3562757424684,0.5019315488090215,0,False
21.360000000000056,79.4000000000002,0.0584638746568291,0.1261272746567944,0.2439776287348288,0.1453784273570997,0.1683886075167353,0.3184241899153917,2.157354010171238,0.8633507302821313,Laterite,11.1650107151254,8.851546918656307,565.8997314910641,25.0,1378.0153849666024,0.5747598949824064,0,False
21.360000000000056,79.41000000000021,0.01,0.0959759094349169,0.251993952644903,0.2159309772640399,0.0895233532192639,0.4483665402303167,5.0,2.412007250152628,Laterite,12.96230648832588,0.9672542209756174,266.78007161378764,12.542368818834236,1420.746503078368,0.6,0,False
21.360000000000056,79.42000000000021,0.0456182527677681,0.1660537057915879,0.4965074482308341,0.3079732124178868,0.1765168831758223,0.4987520629351412,3.640071579964306,1.7447238286926527,Laterite,13.182149690833565,16.409751689605496,248.46218450439417,8.300661386054866,1405.5545265663511,0.49774570942588103,0,False
21.360000000000056,79.43000000000022,0.0647453470342303,0.1289443661032663,0.2252115910961333,0.2410477820763246,0.1116204567444614,0.2718215605547013,1.9915618930258925,2.1595305098259434,Laterite,18.388187474835764,16.526816219003734,234.16339312330612,10.971386077007807,1368.17953606045,0.5169039689923165,1,False
21.360000000000056,79.44000000000023,0.0666356917599188,0.0800852838070638,0.5,0.2541293278175008,0.1413310416290499,0.72388444913595,1.2018376574436815,1.7981140215799154,Laterite,28.292275132341228,11.760009268592569,563.7774656146524,25.0,1414.1834074860399,0.5394914891308765,0,True
21.360000000000056,79.45000000000023,0.030889745772218,0.0886725351940527,0.3558126779731292,0.1979762903183951,0.1321375687465371,0.6010101906775859,2.870613942920262,1.4982589133929225,Laterite,7.2207813549751485,7.062057778767789,277.4495239181843,11.499870714730374,1396.0368626846707,0.5544812882784864,1,False
21.360000000000056,79.46000000000024,0.0995712352259377,0.1111567234676829,0.3222055137312237,0.2785928303861236,0.1890487117456966,0.4870031860158878,1.1163537652598277,1.4736563273359609,Mn_bearing_schist,3.645041289027542,15.995667288915667,366.5139714177419,20.46906127588841,1354.6700181857882,0.5087203566318839,0,False
21.360000000000056,79.47000000000024,0.0354947545535616,0.0239329294661499,0.3615240353387916,0.2611836639942346,0.071721172281245,0.8758204848001537,0.6742666543195392,3.641653577633565,Mn_bearing_schist,5.924114695798119,11.093740495767344,379.5405462608012,12.366065805797312,1369.7640920882657,0.5231720825002417,1,True
21.360000000000056,79.48000000000025,0.0904437160157987,0.0494240433406207,0.5,0.2510467181622742,0.03,0.8200878029249832,0.5464618821869416,5.0,Mn_bearing_schist,26.607747006278085,16.518646171000324,439.60441768542705,19.704497644611,1368.588855557934,0.5010504970944692,0,True
21.360000000000056,79.49000000000025,0.074055830856147,0.0644295637208004,0.2163406996068811,0.1848694596724528,0.1261883651455985,0.5410513707239825,0.8700133789458527,1.4650277726686136,Mn_bearing_schist,19.37432437965618,12.629175851660413,228.69413749896998,11.861979068232424,1401.2630671588001,0.531235643533151,0,False
21.370000000000054,79.0,0.0476531807046854,0.02,0.1601582081063645,0.2453347115877068,0.1689865628452555,0.7779729244743516,0.4196991609431771,1.451800115416188,Laterite,8.577203677174804,15.688109464255946,290.7034469602064,13.895331426552426,1373.6488692640048,0.5800153356507584,0,True
21.370000000000054,79.01,0.1201793267782848,0.1264636603490844,0.1976133803428118,0.3070749382564538,0.1529934687903742,0.2195456975905173,1.0522913019571511,2.007111417785324,Laterite,24.47840816905852,11.971259864355199,572.5961547675704,23.449461662024138,1372.4795406790051,0.5469839898152196,0,False
21.370000000000054,79.02000000000001,0.030990895047305,0.0852371262138775,0.2772143146964605,0.15149635087311,0.2068102118706946,0.5296631955647471,2.7503925204073925,0.73253805713703,Laterite,25.84109989090308,8.282821364313325,563.3640429074278,22.892618823787195,1490.4378654717848,0.5939769815240877,0,False
21.370000000000054,79.03000000000002,0.0942546252082994,0.028104243947536,0.1023228875187475,0.2334761378828569,0.1668886337089824,0.5690429796310689,0.2981736318574214,1.3989936435700547,Laterite,25.39543016070834,19.15891719852275,512.5162589622769,22.24313446560272,1438.986774087442,0.5757735564895696,0,False
21.370000000000054,79.04000000000002,0.0965774695412886,0.1110085146110922,0.2780339239318661,0.0701087279588328,0.1166475834070059,0.4293243942830118,1.149424550295259,0.6010302644171116,Laterite,27.567796009186633,10.822276497576894,207.76049824728616,10.288196400274394,1353.96996677883,0.5000482986480095,0,False
21.370000000000054,79.05000000000003,0.0463213937276998,0.1232949097876372,0.446054713341373,0.254877359687481,0.03,0.5668921000127045,2.661727111370032,5.0,Laterite,7.567230605200848,12.101790370810768,330.8027073984408,14.988393014166428,1420.5470496971968,0.5486464958154252,1,False
21.370000000000054,79.06000000000003,0.108093959001929,0.1035613791545943,0.292740739062484,0.2670240138193857,0.1326143882902378,0.4773614653165409,0.9580681475172852,2.013537271940864,Laterite,22.65125786238835,4.409752788294985,451.1834941371631,20.879428037301906,1397.9175032828457,0.46996037981427996,0,False
21.370000000000054,79.07000000000004,0.0586986045620305,0.1057384548891318,0.249231454102479,0.3273938745660599,0.1956979501128885,0.4042398962226243,1.8013793598321983,1.67295505246686,Laterite,13.8161849182242,12.51301578854553,310.0760847093903,10.882096948757791,1411.5775587630915,0.592781967352007,1,False
21.370000000000054,79.08000000000004,0.0747408088783947,0.1177776860700727,0.2175839551316444,0.1925467203481279,0.1245176108666428,0.2976078858457703,1.5758149755124893,1.546341267338557,Laterite,25.259956586701847,11.432152989658878,563.8346780215109,23.03756962598235,1398.867066228342,0.38542712821846725,0,False
21.370000000000054,79.09000000000005,0.0737696551631356,0.1574934587447859,0.370151170455164,0.2898399341420158,0.1453560131838867,0.4030320786028291,2.134935539321804,1.99400030032432,Laterite,21.854720314848397,3.696767958940499,453.55578473297675,17.018125832959857,1451.4821322743487,0.5399483799861095,1,False
21.370000000000054,79.10000000000005,0.0618107377558824,0.1378729856254217,0.1986167226762033,0.3831321230254548,0.1648280127153338,0.1805218273667958,2.2305668951385997,2.3244357344446023,Laterite,23.293423394991738,1.1917419470628743,228.76268692657823,8.759553069768476,1409.2810172326592,0.5855251803197609,0,False
21.370000000000054,79.11000000000006,0.0900442481947923,0.0605955099826078,0.4667395920599333,0.3182638753803853,0.0928153812875074,0.7701821487459842,0.6729525886453802,3.428999273855509,Laterite,19.684855130432144,12.087186394295422,563.6022355342811,25.0,1388.8955650893724,0.4526424402270476,0,True
21.370000000000054,79.12000000000006,0.0894046616165651,0.1044640306204454,0.4763359747714447,0.2169579110541377,0.174561794831939,0.6402753798806428,1.16844053335409,1.242871678414677,Laterite,5.322863084091206,15.27384538700641,583.106663270489,24.512078811054163,1444.1095288492377,0.5615300691993067,0,False
21.370000000000054,79.13000000000007,0.0130240408028533,0.1410392260330172,0.3095750798661882,0.228452374151066,0.2250760895000833,0.3740135445976456,5.0,1.015000636260305,Laterite,16.35080756690815,10.468027418440165,231.08496735669019,14.842258632828297,1403.6642520544804,0.49233577219147884,0,False
21.370000000000054,79.14000000000007,0.1044902072863432,0.0691748376555288,0.2836484911923454,0.296163780131407,0.1343993324053277,0.607878323058685,0.6620222065380826,2.203610498732699,Laterite,29.540092185735247,4.5354525063929145,412.94409394452595,17.59281664873468,1398.0739289665398,0.5058375601030091,0,False
21.370000000000054,79.15000000000008,0.0153652403589283,0.1767775735652951,0.3887659808241663,0.1130438589316442,0.0864067789083828,0.374840108380762,5.0,1.3082753486352878,Laterite,28.121641994913567,13.330439533860698,321.34571288566815,13.50878846472898,1407.7011301243926,0.575184971828619,0,False
21.370000000000054,79.16000000000008,0.0960963861302482,0.0716547626405824,0.3960798502227434,0.1951846980126046,0.1393499486488991,0.6936093215910845,0.7456551224402618,1.4006800846716965,Laterite,1.29521207391035,1.602114532192045,357.1356305925609,15.09301711357047,1387.3195488317685,0.5301476771061707,0,False
21.370000000000054,79.17000000000009,0.098801154104826,0.0937962805336032,0.2069008268940697,0.3109899318875692,0.0312807945695542,0.3761411185176019,0.9493439756700908,5.0,Laterite,4.944444471883114,8.836674096039092,271.86048718213675,10.051902913535827,1392.4613496498603,0.4204552127244794,1,False
21.370000000000054,79.18000000000009,0.0321510070935424,0.0654205761597442,0.2357444866863415,0.2854640379179297,0.1591651631988284,0.5655500304731181,2.034790878118552,1.7935082778257097,Laterite,3.951863203636857,3.2673351679684037,431.228840804965,17.85219514211835,1362.665270561993,0.4621781994741675,1,False
21.370000000000054,79.1900000000001,0.0524355713613608,0.1010708334368079,0.1570652565316826,0.2427484644354892,0.1647537188824265,0.2169182274358374,1.9275242096157168,1.4734020326508204,Laterite,21.779397299558866,3.689181021197667,583.1917412995563,25.0,1354.4416390188928,0.5566824013765228,0,False
21.370000000000054,79.2000000000001,0.0314688599454202,0.0222711322945864,0.3311064938334184,0.1111917316268523,0.2257418146922755,0.8739527876605478,0.7077197033016658,0.4925615209090498,Laterite,24.53355989570835,4.045878983164073,401.22904010864363,16.945818007449027,1342.071480675965,0.5257239411631367,0,True
21.370000000000054,79.21000000000011,0.0580723690913361,0.0699383280473285,0.3577627883457022,0.2128062836871142,0.1320802603716661,0.6729570001088919,1.2043305451667814,1.6111891582222124,Laterite,6.405340989320157,7.734141140879558,233.16583255779247,8.12832356347441,1322.400835660233,0.5833070919988016,1,False
21.370000000000054,79.22000000000011,0.0551589714744259,0.0479151519860546,0.1570074362138863,0.1747059222625001,0.1620242669073208,0.5323585122209934,0.8686737736109297,1.078270097988509,Laterite,15.17558078855487,1.0230041124079525,448.00053339096337,16.816519650332868,1348.014131930859,0.5896376791747371,0,False
21.370000000000054,79.23000000000012,0.0876698159680783,0.0968335339156888,0.2473801095183981,0.2388727231972002,0.0983555948807021,0.43736376645919,1.1045253458783877,2.428664309783987,Laterite,25.221090840336,7.955868818581964,336.0891977805028,13.103312790855929,1383.2866482767406,0.5016202365964381,0,False
21.370000000000054,79.24000000000012,0.1034692623835863,0.1310178950203533,0.1590746082418796,0.1587457320643535,0.1234186439737431,0.0967164366412197,1.26624943365318,1.2862378553559728,Laterite,21.98404634298752,10.234148942294016,542.3700758365192,22.746480028676725,1397.1558791223688,0.6,0,False
21.370000000000054,79.25000000000013,0.1059105143236966,0.116900247484579,0.2048200189756312,0.1432993623517724,0.064800728166887,0.2732801773139084,1.1037643252011575,2.211385059772513,Laterite,16.26711616475545,9.665885699326504,373.8712593265881,17.96514220956036,1378.435171842705,0.5181371729336098,0,False
21.370000000000054,79.26000000000013,0.0470549592026488,0.02,0.3507017060226454,0.0702594305621399,0.1311405189358351,0.8920965308782092,0.425034901663896,0.5357568437176996,Laterite,17.710430713763188,7.655682008060811,277.13584357689825,8.86634953297122,1274.214825493719,0.4296971328396933,0,True
21.370000000000054,79.27000000000014,0.057523343787662,0.2240976219522456,0.223151793332188,0.3600315935380365,0.1254345423240686,-0.0021147677057211,3.895768340413038,2.8702746992996806,Laterite,15.250816407488399,16.78293216141505,276.442249076458,10.878774489074903,1470.729317888204,0.5198415009125475,1,False
21.370000000000054,79.28000000000014,0.0131768542333693,0.1023311976248314,0.2673174043967865,0.1862160641989805,0.1554799883044415,0.4463325596932,5.0,1.1976850918883974,Laterite,8.926453539564617,2.906533848410082,507.50567228846415,21.43468971755616,1446.3240061446058,0.4295352470397562,1,False
21.370000000000054,79.29000000000015,0.0393838980051121,0.0592800343802766,0.1355688272052852,0.2249002048591717,0.1091601559833646,0.3915280395536514,1.5051845356207127,2.060277421071269,Laterite,16.950659785770483,10.113934875627479,306.235039322944,9.092381769863795,1414.2879925609434,0.6,0,False
21.370000000000054,79.30000000000015,0.0923855489929214,0.0964451167596341,0.3178990209724837,0.2134433318468015,0.1443272675487511,0.5344685347100946,1.0439415872565705,1.4788843114958563,Laterite,20.66655906150272,1.240828339131086,506.8933576636892,19.453360003387573,1487.3745336277502,0.6,0,False
21.370000000000054,79.31000000000016,0.1117874847064445,0.0970275929001041,0.2956726680155528,0.1385796246927591,0.1233109972196131,0.5058440109046138,0.8679647195578595,1.1238221059357,Laterite,26.19968747582423,1.423113577558195,282.35492430663976,10.405011433304283,1343.1317941259013,0.4528990508565469,0,False
21.370000000000054,79.32000000000016,0.0261695338435999,0.0631260513219338,0.228104074996702,0.1248654561986203,0.1232250305850206,0.5664868044510495,2.41219623773132,1.0133124374526867,Laterite,19.088740619377443,11.477316993541926,328.67454748052376,12.102832063987494,1486.381256031387,0.5459987565926748,0,False
21.370000000000054,79.33000000000017,0.0453060722254106,0.0975366666936792,0.2829985702317713,0.1423279411801873,0.1436381162981477,0.487371169586821,2.152838718684828,0.990878638269463,Laterite,22.83364611129474,11.32036849775642,386.19478897587976,16.47522863070495,1343.7392961625594,0.5086826132665886,0,False
21.370000000000054,79.34000000000017,0.0621678272912296,0.0651411084951838,0.3208294880503635,0.1617782092819361,0.1414661471158466,0.6624555906003087,1.0478266850994007,1.143582492814324,Laterite,4.80214904863719,17.56067025688914,577.2783398773803,23.732144942553916,1403.9368962646547,0.4784586834921398,0,False
21.370000000000054,79.35000000000018,0.0712448347645856,0.0730855202923951,0.2222131851090851,0.2377624372909598,0.177318701952578,0.5050061583014369,1.0258360543793548,1.3408762557965217,Laterite,13.846724232593697,11.157473513201463,572.6925699015299,22.751618207361673,1328.3081337433766,0.4103604485902081,0,False
21.370000000000054,79.36000000000018,0.0384318944023479,0.0616288345697926,0.1569737455998421,0.1560997635535504,0.1330478482935042,0.4361563843960422,1.603585651132225,1.1732603378287454,Laterite,0.2799485948127989,19.195820408097003,282.74875016891514,12.637123176810066,1392.7347047773053,0.5117576341026439,1,False
21.370000000000054,79.37000000000019,0.0753218313339199,0.0315931484104098,0.486057443268702,0.3337543442116166,0.1214057325438457,0.8779363958540938,0.4194421167006082,2.749082246311334,Laterite,7.400365935648691,0.9738969679985954,343.2876164972291,17.749800122677048,1411.3083249000063,0.5131866503645399,1,True
21.370000000000054,79.3800000000002,0.0482648195878697,0.0945534588086111,0.2430727295289937,0.2831005725125136,0.1296796277456345,0.4398926262434458,1.959055465659909,2.183076688417901,Laterite,21.793851453390147,1.9601536956148213,259.7597553815089,14.10183617437971,1384.265483443359,0.49967899424182083,0,False
21.370000000000054,79.3900000000002,0.0619264318736487,0.1119519774606492,0.2976239896813325,0.2674851684765924,0.102806794157946,0.453327409493698,1.8078221833979968,2.601823842551322,Laterite,29.754298540480903,0.8813172314076279,403.9940317253988,12.987541111100278,1427.6938722045938,0.5465210052067709,1,False
21.370000000000054,79.4000000000002,0.078628527440108,0.1089553438430505,0.4092839735020532,0.2022238768268722,0.120364445321662,0.5795172607505144,1.385697370302056,1.680096444746946,Laterite,2.975342987616477,3.7055370066708004,384.2330202778667,17.163853545914723,1396.9507224744498,0.5953325038542182,1,False
21.370000000000054,79.41000000000021,0.0623126680943251,0.1572701131370263,0.5,0.3795595818005117,0.239737935653657,0.521444501979626,2.523886678172273,1.5832270375036868,Laterite,12.044829475838647,10.825402218833561,560.304064980293,22.98995612738453,1365.8792635812115,0.4970500878583679,0,False
21.370000000000054,79.42000000000021,0.0489084232841999,0.1009736084005901,0.1855513550111362,0.1947396058215137,0.092366061965202,0.2951845646324796,2.0645443343653183,2.1083458736613148,Laterite,24.002129060974784,12.911443628548561,572.0021511164291,24.14373364891526,1363.65933410997,0.5198944002273068,1,False
21.370000000000054,79.43000000000022,0.0585917058822219,0.0665109800713192,0.3558827213726743,0.207511701009195,0.1238871833060298,0.6850758906764053,1.1351603261304617,1.6750053984930209,Laterite,6.121069038866965,0.911703158973376,353.42695640291686,13.929557116369773,1432.5456886308716,0.5735481594238236,1,False
21.370000000000054,79.44000000000023,0.0591091112238367,0.1212265545772428,0.2410447714706131,0.2212982177824409,0.1182655668365107,0.3307416520303574,2.050894555208041,1.871197369740272,Laterite,16.65254847906859,18.919417796911986,396.69517720759575,16.76414297675756,1359.3128985097385,0.5374494832667893,0,False
21.370000000000054,79.45000000000023,0.0505396691035329,0.0431070879282131,0.2588209695423531,0.3098731354056311,0.1251014193877752,0.7144545735492756,0.852935696009655,2.476975374655215,Mn_bearing_schist,21.992138880890245,16.84330753300762,558.4944996584533,23.57341894457959,1437.7701485243338,0.508442629474233,0,True
21.370000000000054,79.46000000000024,0.0537561181199836,0.0512531446994958,0.2415787978993456,0.2533835655302007,0.1207180345560753,0.6499484019596429,0.9534383507706978,2.0989702677987463,Mn_bearing_schist,18.47956350780537,5.932249643141862,522.6831230980246,20.620559947719844,1453.1355896416835,0.5497447022713331,0,False
21.370000000000054,79.47000000000024,0.1093594151151381,0.0485319971430651,0.2019345032199666,0.1752412305088694,0.1510620050610449,0.612467159453698,0.4437843513298809,1.1600615940589911,Mn_bearing_schist,5.640742038462484,1.5437506045293592,201.4625245378597,6.601536760093793,1308.5643068827803,0.5180886060894953,0,False
21.370000000000054,79.48000000000025,0.0781075834382337,0.1691589150752375,0.3112708638215594,0.2050685275682096,0.0514112449304051,0.2958017070529456,2.1657169177744957,3.988787422808569,Mn_bearing_schist,10.661537060572183,3.3977414643811454,328.023825673433,12.77026803782074,1448.6463193651387,0.4868248028863881,1,False
21.370000000000054,79.49000000000025,0.0522955904591217,0.1244515405655978,0.1688497312952024,0.2526932070006372,0.188598573626595,0.1513740135962945,2.379771205086625,1.3398468610211127,Mn_bearing_schist,23.513753534561918,2.5388882750994535,368.7096967744503,15.831422561182293,1495.0211349223218,0.6,0,False
21.38000000000006,79.0,0.0878686321353215,0.114932209481799,0.3674807566511906,0.2724665608723851,0.1770691399821091,0.5235111094576568,1.3080004383589168,1.5387580283387547,Laterite,16.6267954239605,2.465675585978937,291.88651347329267,13.359930744755722,1420.6001880601914,0.6,0,False
21.38000000000006,79.01,0.0568254153073191,0.1381371946084711,0.2792002936033415,0.1945654212623975,0.0831164206968424,0.3380072553881752,2.430905143733958,2.3408782452021684,Laterite,0.1568884062873821,10.371233773314678,279.8286463583755,13.366224886279273,1437.9542092648362,0.5030938157020889,1,False
21.38000000000006,79.02000000000001,0.1019137391275986,0.0599086887035195,0.3168434972901485,0.1106968351225067,0.031626136352379,0.6819729734036628,0.5878372156449744,3.500169402266008,Laterite,22.829722800842816,4.916948849868006,215.11380263827186,7.974695063794169,1459.8502662185529,0.5571273507493658,0,False
21.38000000000006,79.03000000000002,0.0776892657659421,0.1088438047944382,0.2288811388053826,0.2069878732794212,0.0960463926929289,0.3554292812841116,1.4010147165279594,2.155082218711497,Laterite,1.059340648207172,7.162794330582889,457.3478900279042,19.623851219101482,1394.2258842411438,0.5549486194239805,1,False
21.38000000000006,79.04000000000002,0.0632609356798724,0.116626929724074,0.2396796065788305,0.3178161671013699,0.1325866769286428,0.3453562151765043,1.843585275594058,2.397044516265476,Laterite,22.372013481936964,19.790106667686448,305.00411619326627,14.633510025292692,1417.1140111769885,0.5041370463749331,1,False
21.38000000000006,79.05000000000003,0.0797915077743075,0.1284152841553953,0.3060563905167386,0.3472791792493827,0.2735545949345376,0.4088669450189362,1.6093853541116552,1.2695059251537597,Laterite,6.0744168049571226,13.686284978506896,220.93887137252523,11.536976097476808,1342.2900235189395,0.527439451104007,1,False
21.38000000000006,79.06000000000003,0.0191137154379441,0.0897510306979108,0.1617949367594237,0.1367429426361515,0.1715228482487124,0.2864045357637945,4.695634949664225,0.7972287304729687,Laterite,28.742204403581407,18.979613340940027,292.39172421122544,12.065322800538015,1414.9317514266177,0.5387621880995899,0,False
21.38000000000006,79.07000000000004,0.0323169759327049,0.0787822844635953,0.2433009565586732,0.1904400123018576,0.0538005175409257,0.5107955059127822,2.437798771267068,3.5397431224154423,Laterite,11.038222539062534,2.851131100662312,520.7655811344506,21.256702430722882,1432.905599782322,0.46394369103643074,1,False
21.38000000000006,79.08000000000004,0.0301822498080273,0.1503272429651696,0.1940386486121618,0.2312901008318654,0.1095172247549513,0.1269330288028337,4.980650661340793,2.1119061511848445,Laterite,9.807948490142373,7.642789496651385,540.5956726586187,22.907068161781897,1433.8081511464186,0.5606361224788349,1,False
21.38000000000006,79.09000000000005,0.0701682928429101,0.1288667666876477,0.1918431189409062,0.3146063737602025,0.1411593781863492,0.1963654849933784,1.8365384318597493,2.2287316477266343,Laterite,4.46664150997334,11.094636065647085,393.226498077321,14.085022474093563,1461.271236179974,0.4929695927539384,1,False
21.38000000000006,79.10000000000005,0.1177354499845516,0.0669061922061263,0.070816175937444,0.2169540949678929,0.1563241777149032,0.0283903318043634,0.5682756736231751,1.3878473439008203,Laterite,9.168126464706447,1.5351612377747603,366.42826816347446,14.880625484740417,1369.2598910933186,0.5604326017430968,0,False
21.38000000000006,79.11000000000006,0.1325790043857778,0.0910169731459032,0.4166326589480086,0.1555871408439385,0.0777225569844771,0.6414181458083412,0.6865112126835055,2.001827354635668,Laterite,26.299522854846018,0.0837488725591573,591.1414774007127,25.0,1381.3696621664203,0.4844530695557132,0,False
21.38000000000006,79.12000000000006,0.0846615330432215,0.050942374654332,0.2149461246846322,0.2579086698045243,0.1365304886011451,0.6168140042775629,0.6017180738760437,1.8890188723272412,Laterite,29.89003012881742,13.40868667593835,280.225863835228,12.959971918688568,1502.7753672996628,0.5554764910543163,0,False
21.38000000000006,79.13000000000007,0.0804253342483324,0.02,0.4008376055163646,0.1901753035971305,0.107218043119471,0.9049514597408292,0.2486778595582511,1.773724812416594,Laterite,11.04928591520545,12.836390336028707,286.14371314184336,11.382119505515695,1400.4835813119096,0.5937952886642948,0,True
21.38000000000006,79.14000000000007,0.0112482679754164,0.1009383852565471,0.3922792321394392,0.1324928908649398,0.0877320718698821,0.5906943234550271,5.0,1.510199039986469,Laterite,13.458318928636277,8.215776199992234,316.7468708145599,13.633222686114328,1418.0016893657114,0.5565697158385841,0,False
21.38000000000006,79.15000000000008,0.0488797860079779,0.1170962142501831,0.157700029348361,0.1554058684906659,0.1557197823349456,0.1477597166237865,2.395595880708472,0.9979841100509448,Laterite,21.66212814608211,9.792881520640652,269.10292731243493,9.56332129077008,1404.649497913834,0.4727698657389604,0,False
21.38000000000006,79.16000000000008,0.0414064874427513,0.1339554740725069,0.1783588764327263,0.4067795241714956,0.1812538586721389,0.1421753508097537,3.2351325123677905,2.244253043367609,Laterite,26.585873413952235,8.308860011841793,351.74623928167466,16.06307759985316,1366.9159586848439,0.4618476559668622,1,False
21.38000000000006,79.17000000000009,0.046294572052465,0.02,0.5,0.2441946455154585,0.1844320638480787,0.9230769228994082,0.4320160889300946,1.3240357467571593,Laterite,17.791330025603525,0.48010089689777713,564.3336907959015,23.358260910889616,1489.1764605446854,0.5284760332730707,0,True
21.38000000000006,79.18000000000009,0.0597556854424547,0.0781660227969386,0.4640925941927262,0.224543203881674,0.1709193175566914,0.711702053656757,1.3080934824419994,1.313738007851702,Laterite,11.74577094533488,6.707432124349248,446.1391362514297,18.03722777375063,1381.6149294040647,0.5378378026943575,0,True
21.38000000000006,79.1900000000001,0.0505172826690845,0.02,0.2867481486672019,0.1992074384931526,0.1171515233429844,0.8695998647073925,0.395904112488005,1.7004255056922368,Laterite,12.378655225458711,3.5416451079457967,364.7786194449055,14.475661471350955,1351.6357238147486,0.5247783871771691,0,True
21.38000000000006,79.2000000000001,0.01,0.1466280443061648,0.3165373106417477,0.2368504189483116,0.1775674880731727,0.3668436433852149,5.0,1.3338614032616332,Laterite,20.868544394904205,1.9684837820273748,573.7643178284859,23.7810588423872,1385.4629861349574,0.4773935045674655,0,False
21.38000000000006,79.21000000000011,0.0868773076835242,0.0482178167152739,0.2286153597052943,0.2357165162201702,0.1571127219052117,0.6516471228534892,0.5550104848485894,1.5003019056111255,Laterite,0.09654790812836045,19.134408677786997,219.38569299032892,8.245315251399788,1307.9146999138184,0.4321075381869639,0,False
21.38000000000006,79.22000000000011,0.0321377092278039,0.1416961443783931,0.3358352714200477,0.2362518179745082,0.1481770941475979,0.4065473402967548,4.409030616746679,1.5943882499122373,Laterite,18.58768012379522,11.987194500843312,284.11047116074457,13.154222370369483,1375.4356267509359,0.5298675302858926,1,False
21.38000000000006,79.23000000000012,0.0713774059233326,0.1291347857473629,0.221781809927767,0.223539156319438,0.1107153439149072,0.2640143706391502,1.8091829465636515,2.019044047673641,Laterite,10.664790313240722,14.573125684732053,426.35544204070356,16.974242988996952,1359.5935701074786,0.5007545855007963,1,False
21.38000000000006,79.24000000000012,0.1263024800924972,0.0550963858985546,0.0911646235701761,0.2760158836813836,0.1162761936329206,0.2466018645568858,0.4362256846784194,2.373795312868387,Laterite,23.825919938312527,6.30727486532235,446.2210492772717,21.778471911941082,1438.8714315464613,0.6,0,False
21.38000000000006,79.25000000000013,0.0363784622524052,0.0456286019492871,0.1631444213489099,0.2165173042200461,0.1446343468062246,0.562887951167342,1.254275167192994,1.49699783524053,Laterite,2.789719194693965,7.862942589880304,215.82300262504526,11.923046116339647,1374.3292880221015,0.517203665836442,0,False
21.38000000000006,79.26000000000013,0.01,0.1047748086554504,0.2983092747850743,0.1461442815113101,0.2627537233492719,0.4801342301330699,5.0,0.5562025138704654,Laterite,17.646068008451714,4.73847987793447,361.2155031628529,13.26755898540986,1452.3901967790375,0.6,0,False
21.38000000000006,79.27000000000014,0.0551398733435945,0.0738491500664761,0.1839932764497572,0.2057164771643206,0.1556421240045663,0.4271761161603439,1.339305759234655,1.3217275101315915,Laterite,14.429186696583713,1.9393134193084949,459.6615859323491,19.291974619373107,1477.9241996535611,0.4957023949648684,0,False
21.38000000000006,79.28000000000014,0.0966287890499549,0.094499385686325,0.291272253508663,0.0754686914557146,0.1098405748874823,0.5100760340546228,0.9779630534299112,0.6870748033166721,Laterite,19.26976577715682,3.580632748831676,479.2282185613606,18.666529197384303,1447.058766814475,0.4639863905773427,0,False
21.38000000000006,79.29000000000015,0.1222304236266155,0.0709068963677199,0.1914338960567305,0.3555771981229618,0.0986005277515244,0.4594291209125528,0.5801084067769617,3.6062403099748135,Laterite,1.9456078344890504,15.950280905929716,455.25596100650773,18.315703248893932,1397.2305855570912,0.4679572129576325,1,False
21.38000000000006,79.30000000000015,0.0264735121664251,0.026,0.221564607749818,0.3285513857240187,0.1154516693671863,0.7899538203314379,0.9821137346015962,2.8457915527795765,Laterite,17.399513622843937,13.550916103675517,328.22528974436983,17.680908674638335,1415.0557248353748,0.5901023858859388,0,True
21.38000000000006,79.31000000000016,0.0781409766970932,0.02,0.386016530641337,0.1549950653409474,0.2487246723774497,0.9014818435422692,0.2559476579353941,0.6231591896256286,Laterite,16.844537638785713,10.938577519709538,237.4080494391638,9.27685922573356,1331.750752992892,0.5872116118570112,0,True
21.38000000000006,79.32000000000016,0.0491606862965959,0.0987473699397802,0.3263480547640288,0.1930708605421969,0.1197171677026982,0.5354108078892905,2.0086654027397346,1.612724925637987,Laterite,16.819802832485127,9.50179745733536,370.8449785677336,16.172326181143756,1401.311031374033,0.48638266406763064,1,False
21.38000000000006,79.33000000000017,0.0598215493708734,0.0871489971908026,0.301533557868684,0.2015023761666521,0.1848435267305105,0.5515672309757093,1.456816113284305,1.0901240612629983,Laterite,18.104629997893646,18.44868567312249,251.5017749472222,11.561883210817482,1364.9780765967535,0.48883847723580465,0,False
21.38000000000006,79.34000000000017,0.1422103004105084,0.0671964073234308,0.3912963973070843,0.3201783047961818,0.1205235877264283,0.7068813002946626,0.4725143472885459,2.656561346790353,Laterite,20.294038116790865,1.454698955573368,579.0494634082668,22.125802230377968,1442.71631905756,0.4825695741359599,0,True
21.38000000000006,79.35000000000018,0.0176708901481427,0.1169745535637474,0.3523608593347544,0.1125085985010284,0.1521992270639774,0.5015310996184263,5.0,0.7392192496471292,Laterite,24.149669990423092,5.612016264758319,390.0683464090513,14.542656818225394,1536.6376194623188,0.4856571149424501,0,False
21.38000000000006,79.36000000000018,0.0702521898448345,0.1766669983848819,0.4498563291251569,0.2635359889407694,0.178547263700432,0.4360401579656962,2.5147543232973883,1.4760012745719358,Laterite,8.09462160384643,6.998757071414281,326.903669742747,11.208941496464888,1432.9910817987854,0.573292240563376,0,False
21.38000000000006,79.37000000000019,0.0765507951529602,0.0778782111455235,0.2601140737685066,0.2037030510204537,0.1101848575094996,0.5391716636828513,1.0173403279244435,1.84873906850601,Laterite,24.75148230540186,15.648516244255756,506.52162844756003,19.333126384186116,1308.4429925523618,0.5018171373552438,0,False
21.38000000000006,79.3800000000002,0.0949735897481776,0.0749760517236013,0.2640365021472701,0.268878704149631,0.1065444172923573,0.5576797915274642,0.7894410629676752,2.5236301509769983,Laterite,14.94767046790361,19.850292403239425,399.1794370329055,10.932416324403365,1389.9384903543764,0.5217513330165848,0,False
21.38000000000006,79.3900000000002,0.0652194946041239,0.108425721324551,0.1777890733608869,0.2034193540592642,0.2213634847227621,0.2423471927380078,1.6624741086455403,0.9189381628236236,Laterite,2.3117483740299347,4.813410295143061,324.01360960498005,14.589731868461424,1414.1245462688178,0.4602938779926376,1,False
21.38000000000006,79.4000000000002,0.0714015161851201,0.0339625772120125,0.26590192826278,0.0873253786341121,0.1874696447447854,0.7734805111601206,0.4756562462398336,0.4658107647582775,Laterite,1.756527877319376,17.486146682741612,524.7870969563207,25.0,1412.3678712631083,0.6,0,True
21.38000000000006,79.41000000000021,0.0502905429773432,0.0969861221899033,0.406176989430267,0.1925217515750216,0.1775936159345319,0.6144943061969084,1.928516103728401,1.0840578387546715,Laterite,10.027149560881824,16.612455208635826,546.8608604004488,23.08151066142509,1371.4593437196575,0.4891294169923979,0,False
21.38000000000006,79.42000000000021,0.0699938082373501,0.1099554388728815,0.4405987372262363,0.1417486447439596,0.1772438146561411,0.6005645087210664,1.5709309363897983,0.7997381738763796,Laterite,23.546909313344027,4.493147952835333,469.2032665154708,16.717598386130067,1420.2645871319419,0.5592805414153019,0,False
21.38000000000006,79.43000000000022,0.0515042317350745,0.1149092083367005,0.4075305168086902,0.2150705682589514,0.1606787744155486,0.5601053946166613,2.231063433868106,1.338512625002249,Mn_bearing_schist,21.230428042227473,7.986651603984452,218.78576896306691,7.830520940994559,1345.8749581541256,0.43197503904556084,0,False
21.38000000000006,79.44000000000023,0.0803271566956783,0.02,0.1329808133450802,0.3095923925564149,0.2384087906587484,0.7385293018175778,0.2489817989060956,1.298577923956247,Mn_bearing_schist,23.658448940172192,8.193457385850383,426.5291520666128,16.85429431272554,1360.7545638658416,0.5007567019686888,0,True
21.38000000000006,79.45000000000023,0.0504716899186877,0.0739515259699287,0.4216145212660977,0.1045682794844789,0.1395354150938529,0.701547245145369,1.4652080392502678,0.74940314857848,Mn_bearing_schist,15.518071693248281,19.564413370531167,505.31796479891267,19.01974564552794,1440.2898820802807,0.5546774285920345,0,True
21.38000000000006,79.46000000000024,0.0727530118170623,0.0520294698870563,0.1303481376728176,0.1525844085219985,0.166023118360041,0.4294313802592587,0.7151521087040282,0.9190551890441874,Mn_bearing_schist,13.205969938664717,3.6178380275779665,254.60120483343286,12.328748811516682,1357.2168384561037,0.5253100753237042,0,False
21.38000000000006,79.47000000000024,0.0604421155894472,0.0909754781763634,0.4049117324122599,0.1696114932351468,0.0644343535702943,0.6330799574361734,1.505167003812328,2.632314651638098,Mn_bearing_schist,4.423575801188519,15.98315942209564,291.46830055384135,13.76503261182739,1434.9105802747079,0.5458238947648466,1,False
21.38000000000006,79.48000000000025,0.0949815075231616,0.1060297831907142,0.2792215473429201,0.1812858233210666,0.0955519656704328,0.4495552653052548,1.1163202800632157,1.897248495720252,Mn_bearing_schist,9.845782608279347,6.683854283462198,552.9980420272545,20.73068149683362,1339.526811267292,0.527048678827673,1,False
21.38000000000006,79.49000000000025,0.0595381882923419,0.146488416297834,0.3871533313934117,0.2595087964873583,0.0765790500082427,0.4509859209698167,2.4604110446309115,3.3887701155936067,Mn_bearing_schist,13.020580985216258,14.617406915523208,208.04868874122963,10.118857453112918,1496.2412941896819,0.5045644625194826,1,False
21.39000000000006,79.0,0.013689025953793,0.0755213807852763,0.140155165210547,0.2100518907707016,0.2090231791758067,0.2996792446618392,5.0,1.0049215187447589,Laterite,2.658012890388517,8.400220085913258,501.0908551303904,23.932410957587464,1385.2865038798948,0.5293510692269435,1,False
21.39000000000006,79.01,0.1046176450214192,0.0752371000676306,0.3914167632706187,0.2510061908004298,0.03,0.6775464385388659,0.719162622904678,5.0,Laterite,6.618358581336338,11.5671952623308,389.50931700576916,20.034671285699503,1412.8166714099254,0.5354941359527359,0,False
21.39000000000006,79.02000000000001,0.0394680309741208,0.1409468807551489,0.1287025253895156,0.1777958869387741,0.1248444988623629,-0.0454084269502282,3.571165749070462,1.42413873591959,Laterite,17.946758821912166,16.652235466522622,378.70886353584274,21.50996002683204,1440.530663054618,0.5517826328552348,0,False
21.39000000000006,79.03000000000002,0.0469070098405347,0.1066430775412111,0.2092545089146872,0.2373947041792539,0.03,0.3248249931004738,2.273499796222472,5.0,Laterite,22.069893427175696,16.083311299677682,202.83861299795487,6.6476235760283915,1395.7325023750427,0.5270169492566,1,False
21.39000000000006,79.04000000000002,0.0485301611786945,0.1453060604475178,0.1771905372231019,0.2754458341614382,0.1030356052259043,0.0988676376619091,2.9941392449340465,2.67330728334342,Laterite,29.95042534178849,17.328463670794005,527.759292386597,25.0,1431.1702980536627,0.4730282230744535,1,False
21.39000000000006,79.05000000000003,0.1075131427951237,0.1059691201203922,0.102471514717756,0.1694390315184018,0.1198725525134054,-0.0167798635024983,0.985638753243056,1.4134931460486249,Laterite,27.99339994030673,1.1923465068931804,343.9299602546266,13.622002233591866,1452.7678362261038,0.47889795097934024,0,False
21.39000000000006,79.06000000000003,0.01,0.0479553352514678,0.2882527567588532,0.2750950683864539,0.2134835546897009,0.7147282505875431,4.795533477191453,1.2886007479941275,Laterite,19.276955986055746,13.841011060794896,416.3062525202172,16.16116294424802,1472.0306616252717,0.44129808881524935,0,True
21.39000000000006,79.07000000000004,0.15,0.0407348658088863,0.460308911783703,0.2237660938109275,0.1638913969610714,0.8373999731261851,0.2715657718781986,1.3653315416400087,Laterite,12.63744159882216,2.7997475344352574,470.9202745342638,20.275822855350018,1463.5748717987453,0.5897173024167943,0,True
21.39000000000006,79.08000000000004,0.0976017042719805,0.0318195100376413,0.5,0.2929822168337552,0.1022229238335502,0.8803371840216764,0.3260138769336501,2.866110707459393,Laterite,19.08532094124698,8.316371360368219,481.0518305751663,18.879703605779238,1415.4094768099637,0.5721614292904963,0,True
21.39000000000006,79.09000000000005,0.0724971674238737,0.1201820733903373,0.2912155787086325,0.2054006069946092,0.1969981859865897,0.4157376796005046,1.6577485368757436,1.0426522755104264,Laterite,23.56954854240696,10.97176830109377,582.3920235304289,25.0,1416.6684112979174,0.5734281687978251,0,False
21.39000000000006,79.10000000000005,0.0640331799815103,0.1410638729234787,0.3940681275067605,0.2458871258613441,0.1444116127264862,0.4727884976652317,2.202980903711373,1.7026824993415384,Laterite,3.5500857277016196,8.054789694936614,412.53598129464365,14.54884484513555,1541.4554279013491,0.5933852835860784,1,False
21.39000000000006,79.11000000000006,0.0741266222457285,0.1673144856554534,0.3065094637928624,0.2160575637825,0.1452183429353608,0.2937694016313441,2.257144334394386,1.4878117961302564,Laterite,12.297146690888647,10.39223351606015,359.88782038977104,14.517820645446923,1471.494453412562,0.44515445914380525,0,False
21.39000000000006,79.12000000000006,0.0810736728513789,0.164949477280806,0.3340883194768304,0.2542381699885876,0.0830264246113985,0.3389299232664647,2.034562778224304,3.062135589630945,Laterite,25.194068569068516,19.930526175972382,581.4814505966831,25.0,1377.908817184087,0.46538028185476926,1,False
21.39000000000006,79.13000000000007,0.0846764675785004,0.1394935431013975,0.2508851348872857,0.236425129975795,0.093479314304841,0.285342407355002,1.647370833075212,2.529170560150697,Laterite,11.51498855799132,2.7043462742570945,456.84409401020844,18.921048000896374,1428.9994081883751,0.5443955489502963,1,False
21.39000000000006,79.14000000000007,0.0818681339801021,0.0695993466938506,0.3055076925422703,0.2555765228457399,0.1015451350027217,0.6289094074745691,0.850139648055892,2.5168760924607763,Laterite,17.156168136815594,13.509120906728512,319.26014251062225,13.585697511422358,1407.2428430611878,0.5344919662875351,0,False
21.39000000000006,79.15000000000008,0.067767420437656,0.0602723775293167,0.3406478704606535,0.1562765473983793,0.1449430636577073,0.6993298399546485,0.8894004973352262,1.0781926595647064,Laterite,17.633080825865946,7.920019327712304,250.58569816142847,11.39158796616081,1417.2332883039421,0.5203250724563772,0,False
21.39000000000006,79.16000000000008,0.0590398473907787,0.1264431732966999,0.2299540271123779,0.3177543526172477,0.1463342863490315,0.2904367757878654,2.1416581964655093,2.171427902017496,Laterite,5.5342875940091805,2.6601959781465756,537.0218005860725,24.71723161638834,1362.5252421146931,0.5293928259384223,1,False
21.39000000000006,79.17000000000009,0.0603018014903931,0.1089672300895737,0.2809505700107127,0.0869235871615102,0.2194646331761999,0.4410758878737966,1.8070310872259852,0.3960710473660485,Laterite,10.867063249568652,3.1747352674861906,344.87264111766063,11.059243955523659,1403.4038382807998,0.5268590247395623,0,False
21.39000000000006,79.18000000000009,0.0588727515894179,0.0963777749736333,0.2837569881002631,0.1688631523182733,0.1613327583968893,0.4929283803515526,1.637052324003341,1.046676161069478,Laterite,10.035338662257963,18.98546212491234,464.18788854577247,20.510210126415387,1514.5777886597932,0.5740051940249905,0,False
21.39000000000006,79.1900000000001,0.0986131029060102,0.1073948592253171,0.3731403317330649,0.2099011650464528,0.03,0.5530197942890334,1.089052630447818,5.0,Laterite,0.7859012559619438,17.592029934235242,388.3265677463593,15.643995377614777,1452.9538150438727,0.5129044139998514,0,False
21.39000000000006,79.2000000000001,0.0822867016684241,0.1046474192983256,0.1847967828372448,0.245064917836012,0.1548520993935819,0.2769078216798685,1.2717415700149255,1.582574073179867,Laterite,0.7257529167406573,18.140839208300438,279.5719119180153,11.982105453874315,1299.4419295925245,0.5363912729032763,0,False
21.39000000000006,79.21000000000011,0.01,0.1428926743941398,0.2871457791392481,0.326232076941892,0.0690391821916207,0.3354423389962367,5.0,4.725317799447445,Laterite,24.950911310273202,19.83065551654773,440.67464344818603,20.481343816532508,1484.8361746249948,0.5352749850503538,1,False
21.39000000000006,79.22000000000011,0.0839170232958909,0.1431594233926754,0.4844005469052835,0.0855195958242378,0.0930614537694204,0.5437585881970999,1.705964029697523,0.9189583040926383,Laterite,8.192124299184373,4.166307800170359,224.27322758027293,6.956344513021016,1478.4814761455557,0.48789809940355205,0,False
21.39000000000006,79.23000000000012,0.0699620858415613,0.112948814093611,0.4105060152586079,0.1797614110127155,0.1005715264136806,0.5684486691552398,1.614428909223148,1.7873986529205437,Laterite,15.542362987164463,7.1087867472812345,365.3369839484769,13.19708544830036,1406.0357347847767,0.4887134499033548,1,False
21.39000000000006,79.24000000000012,0.0634387373066211,0.1622817493732684,0.4299179048888852,0.0793459870248558,0.1078330838243819,0.4519356834206232,2.558086052896934,0.7358222925396185,Laterite,8.961767207663192,13.384380598497334,418.6459758654684,13.572722408300237,1459.8631771892583,0.5300253818778728,1,False
21.39000000000006,79.25000000000013,0.0522244464073314,0.111382502096988,0.2983431840178185,0.2169135381737122,0.0720625303979818,0.4563069590487251,2.132765582902862,3.010073843851309,Laterite,28.220377353460215,9.676050797212945,374.4187896474316,14.502465018448765,1381.0300394592375,0.5675864042156563,1,False
21.39000000000006,79.26000000000013,0.0974833815995783,0.0721932107186121,0.3288997563686179,0.2334178509149969,0.1508141001726112,0.6400175686206317,0.7405694125496717,1.5477190162794543,Laterite,7.778902765973212,8.36779066756667,499.4688701003963,23.472067609607482,1400.4872141867797,0.5230693053983028,0,False
21.39000000000006,79.27000000000014,0.0920657938636835,0.1207225869965223,0.3979236166703087,0.3254557019519823,0.0699198857454488,0.5344703724051707,1.3112642795883866,4.654694412278803,Laterite,12.889704382168052,7.156224986711861,531.169981818125,21.89090819880827,1498.9273180335902,0.5527903333143138,0,False
21.39000000000006,79.28000000000014,0.0403336699652895,0.0345001972456262,0.4546255529531096,0.2222444332625363,0.158113380362489,0.8589311755737452,0.8553696499668776,1.4056016803414164,Laterite,26.181907514538054,11.875612638869043,508.4972296132712,18.507134775910064,1410.4134980066121,0.4664718905143482,0,True
21.39000000000006,79.29000000000015,0.0756115686137337,0.1322556620918319,0.1043397087117283,0.2865817590609609,0.251948553853078,-0.1179902771279602,1.7491458561394655,1.1374614164855763,Laterite,25.25800700375426,11.51186857280164,215.52517912472084,8.008858307713274,1330.513416902348,0.5382166608298592,0,False
21.39000000000006,79.30000000000015,0.0341302979637591,0.0421390824093551,0.1688558692950328,0.2540685957077283,0.0734520470532933,0.6005678609939259,1.2346532201574898,3.45897228946514,Laterite,5.583042535388319,3.2291566812848016,277.6515081783889,8.593089433784959,1420.8348388610307,0.5002154568717172,1,False
21.39000000000006,79.31000000000016,0.0217714550563297,0.1011721314717857,0.4322444101402827,0.1824326262096322,0.1255144847830352,0.6206636892172077,4.647008238324922,1.4534786672601008,Laterite,24.079299293871312,9.43479675036878,414.6430037055097,15.026419617600585,1420.0705803543797,0.5275250746858255,0,False
21.39000000000006,79.32000000000016,0.0442384832622985,0.0724799941618349,0.274511064423138,0.1367672972694613,0.03,0.5822371072815552,1.6383923826738749,4.558909893785678,Laterite,13.74560660213678,11.069435524196997,573.9288161775205,24.69133849459078,1483.9184284687706,0.6,1,False
21.39000000000006,79.33000000000017,0.0887918041714802,0.1115155593229733,0.2359279210742111,0.2315501608804204,0.1243332353514895,0.3580794251001811,1.2559217625763677,1.862335199752468,Laterite,14.489066162560656,11.40573877462781,533.9827100208468,19.90153293158989,1424.7168211088856,0.5597069744682973,0,False
21.39000000000006,79.34000000000017,0.09139375136128,0.0878429909628797,0.1785839013004589,0.107552858799818,0.1713358576315703,0.3405846516943625,0.9611487608110216,0.6277311721187969,Laterite,4.004399172478314,4.202143858247036,537.0138033407206,24.6008437496033,1402.920884428083,0.4446826292747723,0,False
21.39000000000006,79.35000000000018,0.0780725626029161,0.0252297616734627,0.2493983298456088,0.3023644950868684,0.1750519615678594,0.816262338097166,0.3231578521313273,1.7272842429527848,Laterite,2.41804541271374,14.845427845045736,321.28327750386995,13.244562647667243,1476.2528072616578,0.4651192909054981,0,True
21.39000000000006,79.36000000000018,0.0843128736054372,0.1373683808129556,0.1655630716576377,0.2400667834288987,0.1427081865142007,0.0930728407546645,1.62926934850872,1.6822215257902369,Laterite,21.838179209212957,0.5039818964213927,371.779158831481,15.661987692534094,1430.039511625153,0.5330492943534699,1,False
21.39000000000006,79.37000000000019,0.077925348613446,0.0655431689266874,0.5,0.2947624188057922,0.1831231712379446,0.7682116147225729,0.8411020291703616,1.6096402036519069,Laterite,14.893834570658992,7.096637110863253,388.282378926375,15.621686520049833,1386.4988659218118,0.45930004397693913,0,True
21.39000000000006,79.3800000000002,0.0430755521433086,0.1237258688325305,0.3053563948019638,0.1771849896107249,0.2657827267971353,0.4233000086944209,2.872299074279429,0.6666535168754593,Laterite,13.105521078455386,15.604252970712672,262.94863333996415,12.501888732919285,1481.7498780271785,0.5880835416418418,0,False
21.39000000000006,79.3900000000002,0.0751576763402153,0.0883530275493719,0.3027049458237498,0.2293195550480622,0.2239152343718756,0.5481333531461946,1.1755689070517366,1.0241355644645314,Laterite,21.8852468595719,11.277858421108046,212.4272520977825,10.417455279628292,1433.6830882259376,0.5397443113329756,0,False
21.39000000000006,79.4000000000002,0.0860922857568275,0.1039368394155171,0.3682076675168052,0.2248544200134208,0.1119939535295137,0.5597244575868728,1.207272386615048,2.007737138714291,Laterite,22.96538696973329,5.223248650217204,578.7611597842067,24.78515702816629,1424.1462983340693,0.542324100326469,0,False
21.39000000000006,79.41000000000021,0.0845887398944042,0.0645284143392031,0.4065345169266795,0.2480962940870733,0.0653848006766585,0.726030599766795,0.7628487472856538,3.794403150887021,Laterite,4.767245030080607,13.899062386860955,296.2850342654027,13.474787972873743,1432.8954195706804,0.5019986232568875,1,True
21.39000000000006,79.42000000000021,0.0975074011442362,0.0641867107429009,0.4057888156554869,0.1793138340622308,0.1174524291713052,0.7268508372291972,0.6582752685832151,1.5266932763734586,Mn_bearing_schist,18.30675448432924,11.347818883121468,295.9795614894525,11.908302388886337,1370.4665814292678,0.6,0,True
21.39000000000006,79.43000000000022,0.0829691154160287,0.0692344545559519,0.4194621943907806,0.2367719212929286,0.0902308617191278,0.7166567246122808,0.8344605595147817,2.6240680463359567,Mn_bearing_schist,4.060622468330566,15.924872189127743,233.3516215075038,10.807390243297423,1397.6173111911808,0.6,0,True
21.39000000000006,79.44000000000023,0.0721434462262443,0.1216680992096974,0.2499154449209382,0.1441685715561674,0.1599673773932268,0.3451373121938893,1.6864747306289567,0.9012373261058908,Mn_bearing_schist,22.54125258087137,14.700503723796468,571.4031007775114,23.132706981448695,1424.1791300917366,0.5201379375965656,0,False
21.39000000000006,79.45000000000023,0.0935845071494895,0.1543150835122147,0.2841133195043382,0.1240395269728577,0.0781603230285202,0.2960534378463105,1.648938355798805,1.5869884105890617,Mn_bearing_schist,19.708654688014185,12.202158440724693,431.89484597590877,18.000081826654334,1414.2668152488636,0.5480020181390739,1,False
21.39000000000006,79.46000000000024,0.0605643622225248,0.0548331299302799,0.3917031655442524,0.2953978825328696,0.1333988783704779,0.7544068398304358,0.905369557732248,2.2143955475476,Mn_bearing_schist,28.698438632503738,9.76355350621628,466.81474285014156,18.90132678668997,1487.6214191409274,0.5627288993310633,0,True
21.39000000000006,79.47000000000024,0.034783760463165,0.1299339257863021,0.2629610938360633,0.2590017592224386,0.1787607027268104,0.3385819655941762,3.735476661597599,1.4488741380333936,Mn_bearing_schist,2.0687404906926354,2.663642513350468,564.630754905221,22.611844375745818,1434.8702926364476,0.5250920165666144,1,False
21.39000000000006,79.48000000000025,0.0562279910816836,0.02,0.3160893367973032,0.2124124126021482,0.1316452063591359,0.8809840250533667,0.3556947274779226,1.6135218160646296,Mn_bearing_schist,1.7116416345376295,5.226660357707676,338.2480675603158,12.715445886236243,1466.7451961319177,0.5084259251628293,0,True
21.39000000000006,79.49000000000025,0.038652920655803,0.0387324239563031,0.3573763764425076,0.324059966778056,0.0891843088626049,0.804435428056492,1.0020568484591998,3.633598449632375,Mn_bearing_schist,8.465612240796004,8.381989458341705,448.6029244552336,19.627168726685838,1424.46976772889,0.47992776352430994,0,True
21.400000000000063,79.0,0.046544651750768,0.0568488617525282,0.3525185082310413,0.2032564136892596,0.2039407028792838,0.7222599261346945,1.22138332745076,0.9966446654344732,Laterite,7.851170512077179,11.985985740127774,215.519781891555,11.60120273777505,1492.8144241874063,0.5030255457940012,0,True
21.400000000000063,79.01,0.0623444398785339,0.0409196524223702,0.097131903762984,0.3142892253992272,0.0510709527623077,0.4071830325796716,0.6563480630583817,5.0,Laterite,7.409363972159994,10.274157104306097,274.70901129245175,13.788412747191275,1459.8763878287577,0.5677156467132414,1,False
21.400000000000063,79.02000000000001,0.0427874023700005,0.0314964644084958,0.3472745649888991,0.2336901859448059,0.1284502472061259,0.8336912698931085,0.7361153655115878,1.8193050682718384,Laterite,27.1876374156311,5.76369051919059,532.498322035977,19.674299412941508,1440.671024269523,0.5142679101908894,0,True
21.400000000000063,79.03000000000002,0.0572011541108281,0.1111799564855108,0.2533275942148326,0.1493674474946509,0.1425769988309322,0.3899717232666659,1.9436663126714435,1.0476265359394203,Laterite,7.486385995485183,0.12928715579421102,506.7073425353343,23.69121204178601,1439.335845552149,0.4108362995750293,0,False
21.400000000000063,79.04000000000002,0.01,0.1116924797181497,0.3483457710864437,0.4201953761087491,0.1452754329199804,0.5144209006597867,5.0,2.892404912336125,Laterite,8.15849178385893,9.924784438016278,340.25707658285876,13.54106118771659,1392.278068685552,0.5443471867869981,0,False
21.400000000000063,79.05000000000003,0.0725988112211873,0.1094762159042031,0.3561931692354889,0.2898497592636839,0.1533248028039028,0.529811409449419,1.5079615480185342,1.8904296876569204,Laterite,22.78194787253891,5.712519771244862,350.724251109685,15.814976493194726,1465.3457860069157,0.5475916056293856,1,False
21.400000000000063,79.06000000000003,0.0661161642608658,0.1217389074448592,0.4401915061119222,0.2117285278293283,0.1746419909904733,0.5667118043935757,1.841288111941903,1.2123575006634129,Laterite,13.4921952735162,14.692166014210702,413.4217734214318,15.413476561798571,1437.9897632732811,0.6,0,False
21.400000000000063,79.07000000000004,0.0414473410679533,0.1045646797268999,0.4156453647621273,0.2708019881673741,0.142169628047731,0.597990539150364,2.522832026864687,1.9047808712419136,Laterite,23.301316708655435,0.4789253054096698,200.0964018740538,8.621309905833586,1414.9004019910399,0.5492437706011905,1,False
21.400000000000063,79.08000000000004,0.0856173700529711,0.1200705270460134,0.4158571662610371,0.191340759620144,0.1253570858928144,0.5519151983630864,1.4024084929434926,1.5263657263946913,Laterite,1.9609847269315572,11.696556226115817,296.49773441521114,12.981518633094279,1495.3230885407036,0.486812478387249,0,False
21.400000000000063,79.09000000000005,0.0938471041287957,0.0907987085503076,0.4264670319166317,0.2773404324541653,0.1232005327670136,0.6489281950094377,0.9675174241811854,2.251130137184836,Laterite,14.62713581020153,18.82948475012131,283.2927234432858,8.834653892964269,1377.48919870536,0.405074617478011,0,False
21.400000000000063,79.10000000000005,0.0173732040689296,0.0459202644677685,0.3121378984816029,0.05162450043012,0.1128242098980805,0.7435038814549426,2.643166109213901,0.4575658046353552,Laterite,1.008408005498479,3.48818534222999,300.1931786999054,13.724583445184438,1418.8752052284783,0.4961045827437825,0,True
21.400000000000063,79.11000000000006,0.0425982566430124,0.13553256723283,0.2871185087036927,0.1473139066413755,0.1825971662163415,0.3586550468352849,3.1816458605448013,0.8067699494643892,Laterite,1.8795961036606357,9.432989815011908,522.3623370133765,24.456967391233984,1491.3859374390768,0.5280143555049711,1,False
21.400000000000063,79.12000000000006,0.0422857295063798,0.069475514688753,0.3720817083178427,0.2869481821000843,0.1107135760261724,0.6853159178330049,1.6430014412775087,2.5918066432347,Laterite,27.193123600332328,1.8284398363427634,311.86954261857727,12.645268384410796,1455.7761470461128,0.5930740151923006,1,False
21.400000000000063,79.13000000000007,0.0370429069667327,0.055436148049501,0.3589080951433119,0.2006241123246724,0.1851985554504102,0.7324150196515468,1.4965388097006762,1.0832919929014422,Laterite,4.177361133527855,12.513638245227053,276.6085288200593,14.245691629158497,1437.6070536174623,0.5386590984920697,1,True
21.400000000000063,79.14000000000007,0.090004245257951,0.085563284967822,0.2556933763261841,0.2323279606422085,0.1436299541129915,0.4985399864822982,0.9506583231439014,1.6175453227373804,Laterite,15.972620468256514,11.010633611924511,401.70538431721263,16.35833735964571,1452.5501771576073,0.6,0,False
21.400000000000063,79.15000000000008,0.0591852158368144,0.0727838321965785,0.3279823408808374,0.1478700043822992,0.1164372596571913,0.6367765688929152,1.2297637348198889,1.2699543487252714,Laterite,12.332868078021196,8.147310484256646,546.2580145490928,24.45991966830543,1448.9707085525422,0.47712236292207155,0,False
21.400000000000063,79.16000000000008,0.0569445547606802,0.0983096201365466,0.2848903533215516,0.4158608276389722,0.1732403607872045,0.4869017381513906,1.7264094938852304,2.400484653283169,Laterite,10.42029978776528,10.427540429474824,296.53988153499995,7.918688465389464,1364.166872685804,0.5598257964761989,1,False
21.400000000000063,79.17000000000009,0.01,0.1059021568625363,0.2039067091540059,0.3002370750602335,0.1057673037638417,0.3163387591838729,5.0,2.8386567879875244,Laterite,26.995000370618175,17.931493169380204,231.41449711711948,14.479826271840238,1422.536905732702,0.5695007973213092,1,False
21.400000000000063,79.18000000000009,0.0837025409062751,0.1058936695698426,0.4192460741376471,0.2025520347137229,0.1738692020364082,0.5967028933972209,1.265118935420417,1.1649678736939948,Laterite,0.654701903264685,3.9258860462213407,342.5618943398659,17.264328754646993,1520.8260827257875,0.4693980754506105,0,False
21.400000000000063,79.1900000000001,0.0273422481543941,0.0558667973429723,0.2966199242530214,0.1879712900195629,0.1524163060595867,0.6830133224640711,2.043240805334799,1.2332754595348123,Laterite,19.913690585267673,0.4512902341069447,499.06072982599113,20.224946067575605,1407.0337932612417,0.5937685645360042,0,False
21.400000000000063,79.2000000000001,0.0661979789079881,0.0937193206066619,0.496870825769898,0.345686766359249,0.1117837655454013,0.6826248415562363,1.4157429276708406,3.092459485179905,Laterite,28.901833026406514,17.23329769398202,420.2762178779178,13.56733102495894,1424.0849492948832,0.5387047805738988,0,False
21.400000000000063,79.21000000000011,0.0726013081387439,0.134393320190807,0.1303507729800301,0.3544729315118204,0.1678517407667252,-0.0152696408098568,1.8511143042886324,2.1118215973301875,Laterite,16.805045503855258,11.54234164775813,526.717347829739,22.52261289618344,1412.9189618346406,0.5494468358814155,1,False
21.400000000000063,79.22000000000011,0.1049797578751576,0.1110960047093548,0.2381221227156772,0.2821632179067901,0.1685694862844291,0.3637443419864197,1.058261200560631,1.6738688831459454,Laterite,28.104673860992754,17.81316910923685,583.8368590436936,21.43868469933972,1435.6492388341933,0.49512365894140126,0,False
21.400000000000063,79.23000000000012,0.0247753880264247,0.1740626015739388,0.2979638836691015,0.3671261867177574,0.198935980290495,0.2624879873109635,5.0,1.84544890269281,Laterite,1.567736378580713,11.938904468263452,517.0649907006468,22.43408168764193,1410.843858433885,0.5928287975588055,1,False
21.400000000000063,79.24000000000012,0.01,0.1380851269496581,0.4093381097629062,0.1502354069656608,0.1891873506204618,0.4955087116737137,5.0,0.794109153669817,Laterite,12.563799572224841,16.20322179919405,441.52123153750136,19.219849419057788,1464.337075108003,0.4898337867035576,0,False
21.400000000000063,79.25000000000013,0.0693154863426088,0.1364717227423945,0.3364469372602338,0.1571429218650795,0.165263701036311,0.4228532967475687,1.968848950593301,0.9508616882267849,Laterite,7.804733728861535,8.593467267102959,397.3366352209522,14.672886796202294,1449.8656706146135,0.5853042273991773,1,False
21.400000000000063,79.26000000000013,0.1176953354453235,0.0350052579817647,0.3284472754180909,0.1309741217362603,0.0841404524395586,0.8073737018989375,0.297422644827624,1.5566129939066204,Laterite,21.924628949421894,14.997198625765375,216.02763453930666,11.243085486366533,1478.677380755451,0.5955343915787277,0,True
21.400000000000063,79.27000000000014,0.1007283905881809,0.1208944140653336,0.1855736207446014,0.2448232454754581,0.2627693494086996,0.2110471543901003,1.2002019811830362,0.9317039675030768,Laterite,29.4389127149174,18.26082933779712,593.7287915256165,25.0,1387.452941690652,0.47158648172538337,0,False
21.400000000000063,79.28000000000014,0.0697297824582365,0.0880357279321202,0.1835058602770695,0.2258922484863003,0.0699791894464061,0.3515856740008554,1.262526924683797,3.2279917779913943,Laterite,7.6959018733274345,11.442459274444126,353.392449030017,16.67633205082784,1422.982975855955,0.6,1,False
21.400000000000063,79.29000000000015,0.0485709144310363,0.0679407278584666,0.3323504660290075,0.2026634213569552,0.187443158714112,0.6605434797019661,1.3987944949040068,1.0811993493874974,Laterite,19.625238044222233,3.6157030112475907,260.8912855667467,10.888185639285572,1428.7138684194933,0.547344124668186,0,False
21.400000000000063,79.30000000000015,0.0874136778991169,0.0965206136212976,0.1645894006181817,0.269648103968625,0.1613641908443114,0.2606900664805035,1.1041820437102836,1.6710529293434353,Laterite,5.942928982792203,5.375952300603963,466.6835421585827,16.614099456113536,1462.7823455045298,0.5812380100777499,1,False
21.400000000000063,79.31000000000016,0.0338736140088635,0.1274284613844557,0.2487122249710851,0.2989630023650205,0.0809128813759406,0.3224425539537184,3.761879703031516,3.694875240031055,Laterite,16.959907637148298,3.9728915379481156,313.7153156381837,15.027216029346597,1400.3389401397483,0.4487710627856178,1,False
21.400000000000063,79.32000000000016,0.0772507330806841,0.1094732636401647,0.3528917329086042,0.1056036313499148,0.1332249530560713,0.5264638781757734,1.4171161765431328,0.7926715592551311,Laterite,13.917974600650085,4.937140551914658,434.31130837241903,17.555561717245876,1485.7826902130173,0.6,0,False
21.400000000000063,79.33000000000017,0.0780041047749963,0.0541210479463138,0.2054675727723413,0.1703119580469156,0.1353223556877641,0.5830244960227128,0.6938230755040941,1.258564832510218,Laterite,29.16015988894611,6.128308987020727,434.70716313783646,15.33323817769118,1499.3207795259805,0.5010174453109881,0,False
21.400000000000063,79.34000000000017,0.0945262972249638,0.1187783565437009,0.4651355962362,0.2692100515886077,0.2043591357905223,0.593164862706642,1.2565641509829066,1.3173379815660742,Laterite,18.255818180893996,11.10267573506377,378.29192836114765,18.46624241366314,1390.5563826183209,0.5727029651201668,0,False
21.400000000000063,79.35000000000018,0.1453898011673297,0.0633964983169574,0.4278936344238089,0.1787582921298926,0.1032344549859854,0.7419182917418571,0.436045016667914,1.7315758772689052,Laterite,10.485191162604563,11.759832589276655,534.447446218017,25.0,1415.4563552554218,0.4810575473241985,0,True
21.400000000000063,79.36000000000018,0.0742524790153603,0.0973873247585673,0.1492580001661902,0.1553255746549224,0.1256227496787782,0.2103047175226866,1.311570009767139,1.23644463226964,Laterite,3.422873546638001,8.529994944837222,305.9868246221772,12.666954767965644,1413.4034245854955,0.4990768440771766,0,False
21.400000000000063,79.37000000000019,0.0470910912287722,0.0764059973009104,0.214062875681822,0.2821976199355207,0.03,0.4739126671989516,1.6225148992082723,5.0,Laterite,4.537404862048037,12.308415596416708,379.45303664709365,20.128785502835484,1571.619310233975,0.6,1,False
21.400000000000063,79.3800000000002,0.0614727706342373,0.0796053499305707,0.0796222755505262,0.1203349951193143,0.2250981396561746,0.0001062982625894,1.2949692844450629,0.5345890252565422,Laterite,6.759507898537053,1.6314985122273185,415.0768514363886,17.477498267072225,1418.5049947397058,0.5833170087111476,0,False
21.400000000000063,79.3900000000002,0.01,0.118829719001616,0.2308408637452083,0.1891894134546154,0.084656587848992,0.3203333372560526,5.0,2.2347866602963875,Laterite,7.5289998402089395,1.7557647411631994,465.44988830691983,18.632833537788958,1523.8812721079069,0.50789126458476,1,False
21.400000000000063,79.4000000000002,0.0411586060673253,0.0463922512073596,0.3866388476572621,0.2330050818063292,0.1543455432119543,0.7857324734030251,1.1271579756310892,1.50963271634862,Mn_bearing_schist,25.518481735234133,3.436589207153169,513.5887402022358,20.13861393338887,1376.6684002447696,0.5707742585446383,0,True
21.400000000000063,79.41000000000021,0.0496015268566038,0.1656278029710728,0.2695105057725369,0.1695326060262841,0.1327496085139022,0.2387349049490376,3.3391674235347586,1.2770855432000854,Mn_bearing_schist,16.83668364847575,10.361549960806895,357.9229131513024,18.187619530623085,1390.517451691882,0.5736930691411154,0,False
21.400000000000063,79.42000000000021,0.0460373480619591,0.02,0.3578797243616198,0.2642208959209145,0.1327399516608284,0.894146212377524,0.4344298878736478,1.9905152323468465,Mn_bearing_schist,15.701727341230994,4.279893573966271,458.4187776386384,17.54049463883439,1405.66977340769,0.48022849458563904,0,True
21.400000000000063,79.43000000000022,0.0662106461610085,0.063553292669801,0.1604665681718491,0.1692786117361763,0.177953099243539,0.432610194001017,0.9598651615522376,0.951254079645915,Mn_bearing_schist,3.443066156076524,5.665688069851546,260.24438122740764,12.314054504425295,1397.715534427774,0.6,0,False
21.400000000000063,79.44000000000023,0.0368474020285307,0.1327150182769643,0.3933975254582145,0.3688840374494476,0.2208431230151769,0.4954881046571609,3.601746951224103,1.6703442346133754,Mn_bearing_schist,25.80419080048305,8.006256723459881,573.0592402169914,22.759140672256223,1426.6050632921751,0.46213401732216375,1,False
21.400000000000063,79.45000000000023,0.0950309200197308,0.1104725666574075,0.2589890772071895,0.1996977591752877,0.1496746834970946,0.4019808631718569,1.1624907610935629,1.334212001495516,Mn_bearing_schist,21.68442909625451,16.237322480207595,353.22352256840145,13.797033248534667,1404.5610898640252,0.49547177956012867,0,False
21.400000000000063,79.46000000000024,0.0612862119475425,0.1077712625302648,0.3166169682283155,0.3062266914832396,0.1696739008815213,0.4921100315989786,1.758491166767847,1.80479549130299,Mn_bearing_schist,2.0300508570000475,0.27724271825720237,491.80856879057535,22.55252308754644,1399.0329203633714,0.5485874763408637,1,False
21.400000000000063,79.47000000000024,0.0608809903658381,0.0844443718799332,0.3070125498607201,0.2601216767087886,0.1531845768363469,0.5685636542949816,1.387040047045835,1.6980931234146206,Mn_bearing_schist,21.23505291689306,12.987576404732447,208.13643275287106,7.9122776721242545,1497.9235998237664,0.5190430356987821,0,False
21.400000000000063,79.48000000000025,0.051203158504609,0.1029820034130995,0.1900451479107974,0.1636721998079063,0.1874365711965261,0.297116305006669,2.0112431775611133,0.8732137953429353,Mn_bearing_schist,16.30614652027938,13.377530620813706,282.0748571619228,10.943528289572864,1501.1896811257584,0.5761370847061265,0,False
21.400000000000063,79.49000000000025,0.0655757205157658,0.0771372209016875,0.202791566826048,0.063555941594079,0.1132341810256783,0.4488796843634621,1.1763076360786806,0.5612787672614368,Mn_bearing_schist,2.4517603724033474,15.97311560713273,394.83301772943116,18.716985133075912,1487.4648249188658,0.5698531132847394,0,False
21.410000000000064,79.0,0.0914729479400285,0.196049425412614,0.3713794469003464,0.2964634833917606,0.1988495277208199,0.3089903070003311,2.1432503227820203,1.4908935748587695,Laterite,13.749019245859694,18.655058781206264,551.3009870929386,25.0,1482.199947779319,0.5464712669211086,0,False
21.410000000000064,79.01,0.0405860935286724,0.1284739645692632,0.3153992157501739,0.2265601842987394,0.2004249932823683,0.4211231032347482,3.1654676043644074,1.1303988613162166,Laterite,14.540888613901409,0.40275697898579654,410.90205998027085,18.410298772413086,1460.63715328908,0.5893589594129329,0,False
21.410000000000064,79.02000000000001,0.0467365053277416,0.1296329740402244,0.3814049041553474,0.2601078219302573,0.1988468504341445,0.4926678448079816,2.7736984794605,1.3080811751936372,Laterite,4.973236204898273,3.0756741102643237,571.9481929175516,22.521635153650085,1431.148465466807,0.5252626349171707,1,False
21.410000000000064,79.03000000000002,0.0572482191366993,0.0726618503847369,0.309765823550257,0.2460516923198395,0.1115326066331751,0.619996902064739,1.269242106628822,2.2060964907641845,Laterite,28.37094441000847,17.723425881119862,393.5187586331185,15.375397944451448,1408.342124762348,0.5397053502265707,0,False
21.410000000000064,79.04000000000002,0.0258638722958027,0.0911844630237707,0.2924990634809273,0.1904700610839479,0.1359431182881393,0.5246891943436686,3.525553390781816,1.4011011615911702,Laterite,25.499261144419858,9.170371243740307,396.17963869437995,16.667315473079242,1474.149785171737,0.6,0,False
21.410000000000064,79.05000000000003,0.0415422642083542,0.0821613620511706,0.1064989381333294,0.3608931107687169,0.1561533494390205,0.1290021061424037,1.9777776541334984,2.311145497897468,Laterite,20.07067011987325,11.29181277866927,247.89871540021275,10.970973265526846,1397.3184803727627,0.563528740641078,1,False
21.410000000000064,79.06000000000003,0.0517133737936593,0.05377594497242,0.2529633303238896,0.1169352156942433,0.0754578977585483,0.6493703328147914,1.0398846743784704,1.5496749712461826,Laterite,13.868866830018217,13.260544074462947,521.0624976608879,19.73520558225745,1406.303953541333,0.5666648471187103,0,False
21.410000000000064,79.07000000000004,0.0921116754213808,0.1082265673578292,0.2781615679596326,0.2710765334854943,0.2235660104042993,0.43980387860047,1.1749495028207124,1.212512281603206,Laterite,12.352966247535255,13.581332089912747,298.786164986825,13.895499420277435,1513.645662810343,0.5101581434430396,0,False
21.410000000000064,79.08000000000004,0.0736368398700567,0.0721341696888058,0.477110719827265,0.1791778699271601,0.1430261733248897,0.7373333057710247,0.9795934985550449,1.2527628030351765,Laterite,19.529204014528624,18.634808066330166,559.8449957489261,23.49790148215112,1551.0324520862068,0.6,0,True
21.410000000000064,79.09000000000005,0.0714476973410252,0.1196761531940078,0.3513956632098757,0.1955954967581678,0.1576563943802344,0.4918984789529592,1.6750176350020465,1.2406442339558246,Laterite,16.362956082207162,19.938988348233394,564.3296881321585,20.08232036823035,1475.6647569084266,0.5094493442921848,0,False
21.410000000000064,79.10000000000005,0.091046938865038,0.050472337484225,0.4372061181709613,0.1966028017198196,0.1144297780136381,0.7930097713417873,0.5543551277831141,1.7181087384839362,Laterite,1.8681931764565685,14.403149218618804,577.3240447496598,22.197315566314366,1511.3228576148347,0.5026753226166617,1,True
21.410000000000064,79.11000000000006,0.0612788463480169,0.2104201118677723,0.3442537705894817,0.1947115209696108,0.076756122031647,0.2412835053719965,3.433813200877934,2.5367555780847604,Laterite,15.375079463109952,5.744424184103016,408.092195641236,15.995584137748171,1443.7075841279034,0.5378050267337153,1,False
21.410000000000064,79.12000000000006,0.0769939454978654,0.0570666936563156,0.2142696773050614,0.2581856947165336,0.1127185057262595,0.5793656892875079,0.7411841699134557,2.290535106227297,Laterite,24.192108516985186,17.595048045886873,470.8375139134577,19.472514368711963,1389.1162906957184,0.47570384967831486,0,False
21.410000000000064,79.13000000000007,0.0620633474120238,0.1015120934880154,0.2980124216149949,0.3152450517164937,0.1537002093816774,0.4918354710401982,1.6356206611051571,2.051038530003266,Laterite,13.777196327908742,0.9844182908152321,511.4063520246654,25.0,1486.6085809310318,0.5970091037911357,1,False
21.410000000000064,79.14000000000007,0.0730008704819874,0.1615046841401768,0.3108223646264336,0.3006011475447154,0.1762314406376826,0.3161319700926665,2.2123665492288955,1.7057180392240845,Laterite,1.5586973266280524,4.6216170574899245,252.40584746018624,10.99325292312035,1484.4644661636057,0.5974009477961183,1,False
21.410000000000064,79.15000000000008,0.0474372402716511,0.0695543827919933,0.1941844430229426,0.224536739734843,0.1504695770301338,0.4725510542431335,1.4662400731379734,1.492240119347528,Laterite,23.588345981520995,17.947714349274296,440.3828779989989,16.667742803494374,1459.5834276941148,0.45221247356372096,0,False
21.410000000000064,79.16000000000008,0.01,0.1262987457373157,0.250561262340719,0.147949165063049,0.1595362008120952,0.329731236816987,5.0,0.9273704915699306,Laterite,6.040913464079232,5.123830288787099,213.71916052132468,9.346226630336187,1443.881227094847,0.500040333181723,1,False
21.410000000000064,79.17000000000009,0.0606516251344093,0.042852656087981,0.2693233006322945,0.2528777686077076,0.1251686812659288,0.7254583179661594,0.7065376388903348,2.020295858741399,Laterite,7.758625046641163,4.41302119243497,399.0264333554903,15.921925894904337,1504.1105289291575,0.491052114752534,0,True
21.410000000000064,79.18000000000009,0.1072424440829965,0.1499247079673,0.451361983256524,0.3673444742210468,0.1666524283122689,0.5013203845000528,1.397997864646494,2.204255153800104,Laterite,4.941190602968877,2.762505862804945,261.937072648091,11.563561172737542,1406.713348328729,0.5043860417936289,0,False
21.410000000000064,79.1900000000001,0.092226462067246,0.0922259705986278,0.0836259474609147,0.1894513763343393,0.2158016433192928,-0.048904915156573,0.9999946699829232,0.8778958924156284,Laterite,9.906451946144927,17.18223515293833,273.1691703848339,12.543184140105975,1417.3109710555696,0.5542503976392797,0,False
21.410000000000064,79.2000000000001,0.0932819245377333,0.0879106067856148,0.4131818420716174,0.227377379334438,0.1767194721219467,0.6491242004601911,0.9424184495230092,1.2866571887950675,Laterite,22.70254517065905,10.001165183821733,346.01902667704064,16.835920739324568,1405.5946746620812,0.514983598089361,0,False
21.410000000000064,79.21000000000011,0.1012839216541847,0.0793327291028999,0.1998204765040752,0.1762237608313256,0.1817770944126443,0.4316187130863555,0.7832707080146425,0.9694497610042264,Laterite,15.58157578511812,13.497864061083096,372.9748666866012,15.492046453934998,1460.248648131894,0.5181052810161034,0,False
21.410000000000064,79.22000000000011,0.0667397277288412,0.1234767707757059,0.1571920812730525,0.1809410035853859,0.1558208199653287,0.1201248739902102,1.850123978515029,1.1612119837998889,Laterite,6.1464382245213764,4.781327681500594,449.2689698128749,21.997461464069453,1401.6053493946397,0.5906108323636468,1,False
21.410000000000064,79.23000000000012,0.0698794712221659,0.0675617883259795,0.4132942130038608,0.04,0.065782246520017,0.7189936772127935,0.9668331349345628,0.6080667969741904,Laterite,26.334902344561225,15.16080842022433,229.77136737540627,11.389852299047643,1421.7878909743404,0.4179276004855632,0,True
21.410000000000064,79.24000000000012,0.0453104431369675,0.0607856924230859,0.369389806923453,0.2429524770098949,0.0885266734684348,0.7173911924259173,1.3415382432960308,2.7443985774760016,Laterite,26.387455648545874,15.20011089924197,401.47670449497787,15.313316930999703,1420.7122218887425,0.5946106778841898,0,True
21.410000000000064,79.25000000000013,0.0542378143191864,0.0817185360966474,0.4225518702381343,0.1551113476551719,0.1633237900331891,0.6758939842438831,1.50667088952131,0.949716801996084,Laterite,26.117352751380206,6.251960498166003,273.05005210124045,15.79679683571528,1442.9695833834046,0.5138991791110024,0,False
21.410000000000064,79.26000000000013,0.0820731344931321,0.0433215154891981,0.3780701947545735,0.1012815816845687,0.1398530474019925,0.7943883827052203,0.5278403914260057,0.7242000334896219,Laterite,7.163886341446179,8.213652660205657,429.59007001269674,18.55357527706923,1381.6312776799036,0.5142062786243243,0,True
21.410000000000064,79.27000000000014,0.0995965331150623,0.2119542832129702,0.5,0.3197079557775276,0.1622121443236381,0.4045845688948639,2.1281291262948865,1.9709249077095523,Laterite,13.537180325429643,4.193805548604017,454.9618449044734,17.286494529741923,1460.360249601966,0.5212669267147318,1,False
21.410000000000064,79.28000000000014,0.0591766117295677,0.0673842163514077,0.3556723836944652,0.1376587550470588,0.2238611708922003,0.6814411292570631,1.138696763266514,0.6149291296785682,Laterite,29.54968968422625,19.531220466458088,422.68370262114155,20.91764704500841,1518.3651825333363,0.6,0,False
21.410000000000064,79.29000000000015,0.0497343220544553,0.1231246714472127,0.2850522623877013,0.1893931662281312,0.1761617999614632,0.3967093127469784,2.47564792508553,1.0751091676064364,Laterite,23.16037428929971,12.912051541168232,495.31820419132305,24.793813678368686,1462.7745686159406,0.48699153839071474,0,False
21.410000000000064,79.30000000000015,0.0631358387656955,0.0980588033459073,0.3358926377321519,0.3154509673831947,0.2026243102871375,0.5480655479345589,1.553140104061989,1.556826852515814,Laterite,0.8150226367667945,18.69087761431031,334.2436976963605,13.860770209909235,1533.0660572401687,0.57548658995116,0,False
21.410000000000064,79.31000000000016,0.081036202467871,0.0501186379807176,0.4268469128346145,0.113854894138278,0.1442340694735328,0.7898437824931536,0.6184721938166009,0.7893758698962101,Laterite,1.9561377378147615,6.067710872582664,506.0426366532524,20.077809339800986,1522.6999092939488,0.5973843985782307,0,True
21.410000000000064,79.32000000000016,0.0195643555159912,0.0890818116314871,0.2254624674740068,0.1049181235781504,0.0989592161257743,0.4335817398650614,4.553270926984915,1.060215789692402,Laterite,13.917941304369982,15.637818259937795,373.1068326832775,15.201368113562573,1494.8867523624954,0.4800323937416773,0,False
21.410000000000064,79.33000000000017,0.01,0.1566501445241539,0.2391111417468809,0.2769017199232287,0.1362466920392791,0.2083604436878093,5.0,2.0323555425489817,Laterite,27.276606175846805,15.31717287769484,393.67379932903873,17.83253842707868,1459.7342921319469,0.5014054510271724,1,False
21.410000000000064,79.34000000000017,0.0461238945152499,0.0814295465965438,0.2743039985402287,0.2920641154807193,0.0987224093140392,0.5421879789697923,1.765452533351788,2.958437878636148,Laterite,16.161053938581425,13.83311303733083,459.24085090442856,21.690748764412216,1457.1250194123745,0.539012955604729,1,False
21.410000000000064,79.35000000000018,0.0258986272225725,0.1365045178340371,0.0956417201234867,0.1010960797587559,0.2166947478386184,-0.1760217957976339,5.0,0.4665368252828753,Laterite,14.934375241028707,19.31277950533601,207.34335359968958,9.780281061714215,1494.1899886182655,0.5159879939976308,0,False
21.410000000000064,79.36000000000018,0.0471557940705779,0.1294606157112705,0.3208078408417751,0.2395382815785955,0.1781195538267694,0.4249625358010526,2.7453808803000763,1.3448174346825357,Laterite,3.1642109986989175,7.871106722126311,461.59768856809933,19.436683440614342,1436.416469524901,0.4978765875108803,1,False
21.410000000000064,79.37000000000019,0.057846590435473,0.125176594186329,0.1192871296049182,0.2513699677973114,0.1644456248314098,-0.0240913640996108,2.163940744434495,1.5285901823302246,Laterite,19.70340314172882,2.614346471795146,447.43405962884617,21.639109358477448,1361.8739624267293,0.49320960275620157,0,False
21.410000000000064,79.3800000000002,0.0485625477293067,0.0698537291090758,0.3141059312932832,0.0662587661415304,0.2000371601114009,0.6361402702165028,1.438428011532793,0.3312322873985395,Laterite,24.663094818006766,13.434177184881214,323.93884670131195,12.871778999784953,1480.6002027052505,0.5877041425967776,0,False
21.410000000000064,79.3900000000002,0.1056140260341194,0.0448663020887361,0.3962289756135468,0.2659950936534981,0.0370571792738343,0.7965686580809551,0.4248138597780598,5.0,Mn_bearing_schist,11.41260022522687,14.586196009544123,234.3177139597958,11.825076758391972,1399.446568503354,0.5076565743448505,0,True
21.410000000000064,79.4000000000002,0.0717223429380666,0.0633364957854837,0.2629123539356386,0.2711624115889451,0.1672868975671285,0.6117289248976033,0.8830790114018995,1.6209423174820932,Mn_bearing_schist,23.268355527759823,11.501211469176294,236.37417996521646,9.272798568514796,1407.8929385905833,0.581881161695116,0,False
21.410000000000064,79.41000000000021,0.0708142307883218,0.0955496376266642,0.4792115870187098,0.1876750098720706,0.0721677107847768,0.6675153661627266,1.3492999419474263,2.600539875398198,Mn_bearing_schist,28.934299617024347,4.136357862667925,569.2894987940915,24.582441699108934,1456.011197399892,0.49611630989199174,0,False
21.410000000000064,79.42000000000021,0.0803462143212989,0.1093514685412895,0.1663499100581744,0.2968642453608529,0.1371572150767123,0.2067397768765514,1.3610033693423351,2.1644085218438947,Mn_bearing_schist,6.112993773830673,10.089118833387108,475.71172849033485,19.594196890849716,1451.243756122429,0.4816202955222383,1,False
21.410000000000064,79.43000000000022,0.0273950064665737,0.02,0.4324260681632069,0.2884518902027312,0.1217546203766345,0.9115877644859108,0.730060054973783,2.369124794389934,Mn_bearing_schist,15.699888935842239,6.243794731382588,250.84104550829616,10.340005864206718,1385.396219684321,0.6,0,True
21.410000000000064,79.44000000000023,0.0926133536226048,0.0868354719355251,0.3817137056407161,0.2158182548001962,0.1702468306048425,0.6293431890492962,0.9376128651556496,1.2676785459481534,Mn_bearing_schist,8.614138742537266,8.54933056333378,342.6892677235626,13.523946453557356,1464.2745782067595,0.5162050604442592,0,False
21.410000000000064,79.45000000000023,0.0590470714039329,0.0933035690129224,0.1434966751689556,0.1766988226772464,0.1483893644480428,0.2119639120654165,1.580155740775524,1.1907782152408777,Mn_bearing_schist,23.78563257101518,12.904371516893278,436.9931975606386,20.897757960721332,1504.306983043155,0.4985695182875751,0,False
21.410000000000064,79.46000000000024,0.081314418517233,0.0756982297473729,0.5,0.1399020475191846,0.2040558586805844,0.7370211479808031,0.9309324352880533,0.6856066194581427,Mn_bearing_schist,17.327800976434727,14.90429485381669,534.2286820362594,20.793676341960406,1399.5829214868133,0.43774089846896347,0,True
21.410000000000064,79.47000000000024,0.0289242830087919,0.13827095356063,0.3105254714496289,0.2050705543443581,0.1065251419533642,0.3838143716200053,4.780445310971274,1.9250906442502291,Mn_bearing_schist,19.037472526509113,4.644493818026863,217.4643714852034,7.580550973452724,1519.6241665425405,0.6,0,False
21.410000000000064,79.48000000000025,0.0143472370195146,0.1033112029700296,0.2300515977844627,0.2472831243792838,0.171895719481659,0.3801875748870771,5.0,1.4385647588031538,Mn_bearing_schist,23.93742478847682,8.106507212939068,294.6532525880035,16.519205989523698,1377.9914587436053,0.499681571295849,0,False
21.410000000000064,79.49000000000025,0.0853766897407473,0.1386676763232306,0.1779912805216247,0.1844076197271463,0.1443711608449363,0.1241828261476972,1.6241866085682948,1.2773161794929393,Mn_bearing_schist,11.879114179873646,5.383231419832583,555.899596118152,25.0,1561.8662072186503,0.5730143409536739,0,False
21.420000000000066,79.0,0.0779322857829249,0.0863215791859899,0.2531981972340365,0.0677749296316565,0.0631954864964215,0.4915077989225863,1.1076484952034886,1.072464716736501,Laterite,27.452702052211297,3.9726322772373823,203.6662200735266,3.715865105677535,1451.4369784759308,0.536328781349142,0,False
21.420000000000066,79.01,0.0394584533692741,0.1322790997002761,0.2633593127610084,0.3101099726203584,0.0988491770738474,0.3313131609545823,3.3523640201276645,3.1372033787895224,Laterite,15.9908660173842,15.667744399916767,280.559641117555,10.559467568143983,1479.2808498414497,0.6,1,False
21.420000000000066,79.02000000000001,0.0403101075617585,0.2080034525154297,0.2872645528539713,0.2811787506349691,0.1371060983238906,0.1600367870793916,5.0,2.0508114071312087,Laterite,4.73864468506044,18.185053888739848,583.6096703891864,20.693090924425324,1377.3983213758215,0.507547878817137,1,False
21.420000000000066,79.03000000000002,0.1000430435324423,0.1468877379709054,0.2481203843776093,0.1941262852326198,0.2000346224945853,0.2562799108514498,1.4682453935584987,0.9704634263542464,Laterite,20.876973545064075,7.404643713691534,445.3607386088685,16.655316055205674,1468.8931966766397,0.6,0,False
21.420000000000066,79.04000000000002,0.0304776432139794,0.0505543362628495,0.3421225310115151,0.2804010871896283,0.1674261528778545,0.7425143138638071,1.658735084666517,1.6747747123277503,Laterite,23.797840513147634,15.025578487475338,304.6685466550026,6.4174934448236955,1483.4241088860147,0.5629720695349669,1,True
21.420000000000066,79.05000000000003,0.115320188597678,0.0839129568983035,0.2409370167336816,0.3268247017537908,0.085684958805963,0.4833740881411599,0.7276519215407171,3.8142598879281993,Laterite,9.5028503120258,17.93990578728822,226.79643775833904,9.175872417876242,1467.6918947951303,0.6,1,False
21.420000000000066,79.06000000000003,0.038901377960563,0.0800734117820068,0.0871035882759596,0.04,0.1368641885976406,0.0420522947971906,2.0583695430363846,0.2922605276122865,Laterite,25.71537770996259,16.92248421060463,211.27653617888888,6.5193053691310805,1443.8459461474863,0.5817042227005277,0,False
21.420000000000066,79.07000000000004,0.0849517577682505,0.1132701814030516,0.266563850435043,0.2498984554945426,0.24459032243965,0.4035806592943076,1.3333471165919772,1.0217021380886075,Laterite,27.184297642972993,3.656267770784518,297.8980318547709,12.532228507541664,1424.6717740737142,0.532429549264741,0,False
21.420000000000066,79.08000000000004,0.0558214457275294,0.1572663848607537,0.05,0.1432014662919277,0.1490811667420414,-0.5175290961004835,2.817311205923561,0.9605604069604348,Laterite,8.307134621334267,19.125837630267227,552.5943278355642,19.774521142050123,1528.5263309769705,0.5438488248153408,1,False
21.420000000000066,79.09000000000005,0.0836556229324692,0.0597842930389689,0.318677063089147,0.2538377354759232,0.1269737212463786,0.6840665917133468,0.7146476336177054,1.999135984866233,Laterite,29.505644181456663,7.533528808589249,366.3654617190038,15.431051277969239,1473.5403567500025,0.5691758302095786,0,False
21.420000000000066,79.10000000000005,0.049116579936573,0.0958735405566758,0.186269976971745,0.2275549041662177,0.1677469820378093,0.3203916828389447,1.9519587985418905,1.3565365007835095,Laterite,4.221345841462752,6.784813223476727,488.1333476663972,19.509056929859227,1549.0376188259436,0.6,1,False
21.420000000000066,79.11000000000006,0.0604362128178299,0.026,0.301436035491589,0.3153610282210026,0.1811496539790967,0.8411903564430531,0.4302056456672758,1.7408867260839715,Laterite,6.060470052074699,1.2486265455556067,567.3140141519831,25.0,1445.675882260359,0.5134991534413083,0,True
21.420000000000066,79.12000000000006,0.0664275752618703,0.1504778002320737,0.4174074981524699,0.1830526669853709,0.1199915826259951,0.4700415711284016,2.2652911748220816,1.525545899360107,Laterite,5.526745177140784,9.72347308209766,363.21618464112663,17.956721416871527,1450.260265331494,0.552164542796843,1,False
21.420000000000066,79.13000000000007,0.0350143763265545,0.0721250303729302,0.1920251304732099,0.086573192172656,0.1677487387185698,0.4539088663463925,2.059869051908389,0.5160884831825177,Laterite,26.819691300236112,2.180272312818574,276.5109484149588,13.091980723310517,1512.7797122299132,0.6,0,False
21.420000000000066,79.14000000000007,0.0871847303626024,0.0946745575937778,0.3939256258512221,0.1858742266120297,0.1259955251664574,0.6124661396691502,1.085907556190567,1.4752446661811187,Laterite,19.628776569748855,4.97079641854852,406.8471723427678,16.298737952959566,1390.8512518999269,0.6,0,False
21.420000000000066,79.15000000000008,0.049443593005851,0.0798740114404753,0.2453610433313955,0.2455793344597812,0.1782263800914697,0.5088228633783499,1.6154572599422057,1.3779067621524588,Laterite,4.563128496668186,6.338852435345627,563.2334748239418,25.0,1411.326831992459,0.5719660280146431,1,False
21.420000000000066,79.16000000000008,0.0578620025397979,0.1379211030005343,0.4649194802065698,0.2878774630072618,0.1505646578985619,0.5424292694631894,2.383621318106109,1.9119856335077747,Laterite,13.20970255105047,16.176526469833682,521.7497656550802,18.633503013282034,1526.8742485677633,0.6,1,False
21.420000000000066,79.17000000000009,0.034769518761743,0.02,0.2539847386801904,0.1344718089669193,0.1659983913526422,0.8540064666445134,0.575216472782602,0.8100789880562357,Laterite,18.458940752094062,17.50977300791793,226.3319373452615,6.623380130258571,1413.4033035389452,0.4985575282667816,0,True
21.420000000000066,79.18000000000009,0.01,0.0910555863069612,0.2073507014493431,0.2880942298811071,0.1037608226916223,0.3897207259867898,5.0,2.776522218406772,Laterite,2.5039225496814987,6.049326349229394,477.02912003103273,19.708647134848235,1381.0474492349776,0.5529869060660813,1,False
21.420000000000066,79.1900000000001,0.0586291671219932,0.1134994246101164,0.3610238450395415,0.2046587276696871,0.1004756807963545,0.5216275706774305,1.9358866923755316,2.036898141360221,Laterite,26.47249105222016,17.173962424891478,428.7590089835815,22.373034925491467,1565.4263594037595,0.6,1,False
21.420000000000066,79.2000000000001,0.1366184626483857,0.095178907845229,0.2496210270376495,0.2891657900539349,0.1886348652329671,0.4479180635578989,0.6966767589862499,1.532939255654126,Laterite,24.108106063246055,17.14461874739582,562.9852705385701,23.05304179203358,1402.3091176063947,0.4810492524537982,0,False
21.420000000000066,79.21000000000011,0.0876581286369389,0.1602290618254226,0.2099550485871127,0.1796074232994012,0.1372101809307226,0.1343277178829811,1.827885948903476,1.3089948715918205,Laterite,15.156203207299146,15.29301900769747,248.9925667401189,10.008199794419724,1481.2059699165136,0.5311727331164421,0,False
21.420000000000066,79.22000000000011,0.0634221886079662,0.0721588681394962,0.2472160149296349,0.2733023327278109,0.1552517371049652,0.5481243391874175,1.137754303493985,1.7603818008618723,Laterite,29.013798457775113,2.9339022803036308,413.61444528186263,14.35011450785399,1475.4542596363185,0.6,0,False
21.420000000000066,79.23000000000012,0.05599327512375,0.1216918470894235,0.2914393467817144,0.2771314344199144,0.1255002286456711,0.4108803744898278,2.17332968295105,2.2082145760987184,Laterite,12.532829378252991,13.80645693801458,551.785077404757,24.88290406240563,1331.4685841692008,0.45054577627410325,1,False
21.420000000000066,79.24000000000012,0.0644339767843593,0.1048901115482403,0.4310180131245004,0.1285090145897974,0.1855763387006792,0.6085518888420642,1.6278695902394509,0.6924859894332991,Laterite,29.523309571094934,18.900481291611374,364.00951469669724,17.073415621021095,1458.6341488417147,0.47993130418285745,0,False
21.420000000000066,79.25000000000013,0.0800535734552542,0.1409207701014175,0.1042912254540577,0.1665065872277166,0.110069500998514,-0.1493790895076137,1.7603307865344926,1.5127404554935748,Laterite,20.03759996410881,13.65080957534314,392.79796709314684,17.94473236501427,1494.4206624740605,0.6,0,False
21.420000000000066,79.26000000000013,0.0280956155407325,0.0635924366088966,0.300908065895058,0.2267473811139407,0.1334999380049527,0.6510707875319858,2.2634291920160448,1.6984830430084572,Laterite,19.040138197618244,6.632336982156679,228.1842710667833,8.249236615421246,1489.715469076048,0.6,1,False
21.420000000000066,79.27000000000014,0.0968296508400639,0.0607812440350463,0.3619903594654207,0.3816108562721192,0.1793996406351533,0.712462977326705,0.627713137917527,2.1271550751625483,Laterite,4.9786468588735495,10.011586348616625,311.2574561795643,11.555647137402502,1517.1760341902802,0.5905470250205435,0,True
21.420000000000066,79.28000000000014,0.084741439463235,0.1337627962990925,0.3197448574991964,0.1527767201483164,0.1985683849582099,0.4100968519526138,1.578481519649866,0.769390958704379,Laterite,26.45783274913932,12.914500867021072,329.80265966757895,11.155532985339182,1452.6254342548334,0.5424490001132711,0,False
21.420000000000066,79.29000000000015,0.0847055717712357,0.1067528523332009,0.4322865169433706,0.3557093720197785,0.1135520354486623,0.6039144506024988,1.2602813483802482,3.132567111642313,Laterite,12.824690637618454,10.21140817457007,578.0489794979547,24.253119149269985,1507.625222104713,0.5434332330090182,0,False
21.420000000000066,79.30000000000015,0.0761942721642894,0.0277625061329261,0.2947654670241653,0.352909631257256,0.2375441990977906,0.8278443515918151,0.3643647390794461,1.4856588055994022,Laterite,4.867002173474381,2.3990588346193964,313.06694421646364,10.883641350462314,1437.5335465961014,0.5531725236639905,0,True
21.420000000000066,79.31000000000016,0.0635084997308172,0.0881501392479052,0.2846448557814237,0.246585863341059,0.1550420846846771,0.5270851784513662,1.3880053769610643,1.5904447085029727,Laterite,0.3782255992727712,6.241280893040413,384.3474941078608,13.659645910662292,1401.4766291794663,0.6,1,False
21.420000000000066,79.32000000000016,0.0829858370790021,0.1046553061539187,0.363232954701353,0.1911293231660007,0.0870535869095593,0.552648292606241,1.2611224964589456,2.195536447510346,Laterite,16.792670509151478,16.04792061107265,468.5217694257119,18.674358958916645,1407.1135812160435,0.5395958992631201,0,False
21.420000000000066,79.33000000000017,0.0804344240122387,0.1225305688618597,0.3148313814951541,0.1632554360934651,0.1574726024294945,0.4396834531041232,1.5233598078713129,1.0367227915909212,Laterite,15.82198866368029,17.228360921910348,264.873348963151,10.05807718976286,1398.8944772403343,0.6,0,False
21.420000000000066,79.34000000000017,0.0519387786717666,0.0616707738722778,0.2667591261719725,0.2066258228767066,0.1196900392758232,0.6244509169524983,1.1873743536265318,1.7263410051015826,Laterite,21.580608671074756,2.7460006543114046,394.5769548567498,15.364749394720667,1522.4792983946647,0.5260326376159878,0,False
21.420000000000066,79.35000000000018,0.0452319468130903,0.02,0.358314403958658,0.1126296397208242,0.1603634243591548,0.8942678373573162,0.4421653580030163,0.7023399512743096,Laterite,26.707741590534063,19.04773504797449,495.41561579036306,21.575206518278986,1396.2713245471773,0.522617708988778,0,True
21.420000000000066,79.36000000000018,0.0653756888578568,0.1094089274294772,0.2423471706783559,0.2054632687875513,0.136337187616979,0.3779273306879044,1.673541482675701,1.507022935034207,Laterite,2.3821975392908854,6.576452356972187,546.7420852108264,22.939015821418327,1485.7019420325703,0.5384852948790181,1,False
21.420000000000066,79.37000000000019,0.1086706045448528,0.0394871724022367,0.2473822847980882,0.3152816191695529,0.142013684509503,0.7247028469057446,0.3633657191039388,2.22007914262972,Mn_bearing_schist,21.94489471021087,13.246274774614399,450.5037098649707,18.19467585001821,1458.7037902964835,0.49275684420306454,0,True
21.420000000000066,79.3800000000002,0.0249067877303801,0.02,0.25660059782346,0.1674240456266226,0.0925403311706884,0.855387152449075,0.8029939523395686,1.809200846027803,Mn_bearing_schist,5.622358322927466,15.036502919133623,467.62140612677916,19.85025111190543,1466.8675713275734,0.5424211525973572,1,True
21.420000000000066,79.3900000000002,0.0179342420274238,0.026,0.4456069160166626,0.2316591584649109,0.1874430615358136,0.8897386821037699,1.4497406589733994,1.2358908163536375,Mn_bearing_schist,25.74531159471492,16.238924692757667,250.5133890338276,8.455003794200218,1540.18036476009,0.5984341018680558,0,True
21.420000000000066,79.4000000000002,0.0667828252370925,0.1203192344079051,0.05,0.0905201668012856,0.0799536316424439,-0.4128672525512165,1.801649358208232,1.132158287604494,Mn_bearing_schist,24.571905415849685,18.914994044518604,578.3105988985388,24.30683220192514,1450.0786316393414,0.5699909958623545,0,False
21.420000000000066,79.41000000000021,0.0632466310556775,0.0927246980161941,0.351659883476317,0.2354843461691654,0.0821417552297456,0.5826826496369301,1.466081217637636,2.8668044068920744,Mn_bearing_schist,16.22381264956633,6.2583909605764525,253.02963099379295,10.844106277097307,1502.5800780775892,0.6,1,False
21.420000000000066,79.42000000000021,0.0668002499311091,0.1018858682029568,0.3164271814200455,0.2730164615359061,0.1557680174573696,0.5128726281887528,1.525231839035157,1.7527119226214305,Mn_bearing_schist,21.307283958699344,17.17012909103109,509.8691748727193,18.23845523431501,1473.8781675691607,0.5759276863246132,0,False
21.420000000000066,79.43000000000022,0.0687985959372518,0.1427809745185057,0.1458129540762117,0.213159165183596,0.2173622123588937,0.0105060406898346,2.0753472126261885,0.9806633948571324,Mn_bearing_schist,9.430503395512451,2.6337380687241407,305.92652871132753,14.738326205046036,1464.39905471847,0.6,1,False
21.420000000000066,79.44000000000023,0.0546639323609526,0.112532987320918,0.3457726779136244,0.1932221064844418,0.1194103451467747,0.5089173192359556,2.0586332203835185,1.6181353976083637,Mn_bearing_schist,14.135036967984439,14.100818127071854,573.4372574805006,22.130351651233532,1586.9984562194288,0.5984291333972346,1,False
21.420000000000066,79.45000000000023,0.1059359031580591,0.1515120017088717,0.3632751991831778,0.1876069456859199,0.1719086161351933,0.4113606497329692,1.430223343069908,1.0913178745459111,Mn_bearing_schist,24.64910693131415,14.839554590279718,487.9838157477918,20.513278587904196,1399.9329127143365,0.6,0,False
21.420000000000066,79.46000000000024,0.0130928806457011,0.0309705811133151,0.3755639231357651,0.2429330163590386,0.1903470088431722,0.8476361497880557,2.3654520128035053,1.2762639019537516,Mn_bearing_schist,13.777955915196417,13.55446482402641,501.52548519134757,23.22571869737669,1536.4565917719774,0.6,0,True
21.420000000000066,79.47000000000024,0.0361450892565892,0.0851179750418363,0.0523171936955306,0.2054828378887878,0.1772342218646983,-0.2386636668313064,2.354897347246962,1.1593857868471704,Mn_bearing_schist,10.733947959763254,5.04629472270306,287.62366922395336,13.835673066425796,1504.8203282746038,0.5908618796517738,0,False
21.420000000000066,79.48000000000025,0.0577823571955251,0.0216514650020742,0.4550389411854699,0.2292480310088645,0.1207595855413107,0.9091592162691278,0.3747071946431477,1.8983837166334312,Mn_bearing_schist,14.826373417508997,17.460862940304068,377.2159906540643,15.785999721057015,1448.0237502685159,0.49337595557811437,0,True
21.420000000000066,79.49000000000025,0.0114643356653714,0.076964706725776,0.2455263295315424,0.2219487972218095,0.0815876641402909,0.522686226289406,5.0,2.7203719984938983,Mn_bearing_schist,24.84747757311655,3.3771692674079,447.12527783571454,17.9052219040573,1553.4659258721856,0.5551094710632112,1,False
21.430000000000067,79.0,0.0612843678670373,0.0848953658493321,0.3444567746753216,0.300039910096702,0.0344626217164314,0.6045420163699664,1.3852695012697902,5.0,Laterite,10.056241421126181,1.0726958304166168,507.98944728264036,23.061250787261148,1395.5944943806808,0.5374446505530134,0,False
21.430000000000067,79.01,0.1162841049718399,0.1197245454905219,0.3508073780682331,0.2684895868162523,0.1315179750268794,0.4911097865174816,1.0295865063978995,2.04146685316005,Laterite,5.212847794072314,14.349299812238243,241.58375036495585,11.415379554157067,1461.911667135154,0.571041776938215,1,False
21.430000000000067,79.02000000000001,0.0669465946488782,0.0963025552456749,0.1899302914380756,0.2343003290205116,0.2033843684281077,0.3271033958696454,1.4384981880992334,1.1520075545438555,Laterite,21.360420609923423,9.509514304654674,584.9461265818113,23.136025234153877,1427.5758897866538,0.5702622153892138,0,False
21.430000000000067,79.03000000000002,0.0731210271715597,0.1192362855311955,0.3445459952351604,0.3267895421456508,0.0880917007619022,0.485809223420699,1.6306702733862188,3.7096518621878527,Laterite,24.779346381242455,16.98196039917352,556.0882682218223,21.580557215239217,1508.6041732436806,0.5887364490278822,0,False
21.430000000000067,79.04000000000002,0.0282750570448218,0.1222576053255546,0.24085067590877,0.2496187970339573,0.1791304923759371,0.326605248845931,4.323867665390178,1.3935025443392284,Laterite,3.019124355706,7.667942821165179,308.13943619823374,8.694432811534412,1432.3467949407486,0.5374792939155777,1,False
21.430000000000067,79.05000000000003,0.0474691577588148,0.1801371470953244,0.0731622820661905,0.3112473882153272,0.0964323734974051,-0.4223257247006637,3.794825002606901,3.2276234277375755,Laterite,7.196223382678342,3.3655717701542565,529.1040972129329,22.354067733906042,1509.6531973371734,0.5343100269413336,1,False
21.430000000000067,79.06000000000003,0.0545841085902809,0.0811481337885536,0.3979741925527846,0.2620859825870624,0.1490636288193405,0.6612634003458859,1.4866622490622912,1.7582154982210925,Laterite,4.259159692829817,16.728843849397393,407.3295692159294,16.806669893960258,1478.6781792090298,0.5745612302665977,0,False
21.430000000000067,79.07000000000004,0.056188547097312,0.0559390919733433,0.2045955036983832,0.0903656644747895,0.1789695807077494,0.5705822341355719,0.9955603902145282,0.5049219206243829,Laterite,10.438242347465,10.978192632801434,384.7225926248075,18.30249077531873,1464.0323028673033,0.6,0,False
21.430000000000067,79.08000000000004,0.104049313850112,0.1032433446126548,0.1975506537262022,0.3103384334323505,0.110425228158077,0.3135278948483325,0.992253967788354,2.8103943123128734,Laterite,13.510529367162379,3.7839158478070978,325.77364232456216,14.29201195048416,1507.432362301773,0.6,0,False
21.430000000000067,79.09000000000005,0.0822107318217526,0.0611287989144166,0.2435934131963359,0.2281623368939841,0.151744234034844,0.5987900027311525,0.7435622756965405,1.5035980654871726,Laterite,22.464790108899194,14.407679971728914,432.387434652637,20.684601498871924,1474.5689188032043,0.5796985420330114,0,False
21.430000000000067,79.10000000000005,0.0320162612918878,0.1523184307374597,0.3120236725327475,0.2147631660369426,0.1222854331637318,0.3439387482550967,4.757533331985268,1.7562448797459385,Laterite,19.534427546450225,10.22227276979001,491.9556470814391,19.103423505894288,1433.5682578471556,0.5890664428838208,1,False
21.430000000000067,79.11000000000006,0.0726351433529589,0.0815312784421888,0.2799729589177989,0.2377943843242673,0.178117432946907,0.5489332071731913,1.1224770072215993,1.3350427313964517,Laterite,18.627857024352934,12.086259644806397,364.3731619851033,17.458515744647876,1600.0,0.5814467985549574,0,False
21.430000000000067,79.12000000000006,0.0800666524549022,0.0700569452850384,0.3414066924707266,0.193651178663002,0.1544458584242299,0.6594744279221275,0.8749828180589906,1.2538450723987622,Laterite,10.571248398289633,9.217966764131639,451.68767720331687,17.762487125262226,1463.6416408486502,0.5234523580140779,0,False
21.430000000000067,79.13000000000007,0.0992044711556366,0.0736473711539532,0.1535510633471441,0.2333920202272228,0.1453253837214613,0.3516912091999286,0.7423795542861557,1.6059962416060445,Laterite,25.243426592542797,16.574179676360128,479.7251684621215,21.54374080950627,1377.1195459925068,0.4790305745288909,0,False
21.430000000000067,79.14000000000007,0.1122962205970498,0.1210566969388635,0.214161362956937,0.17576867535598,0.2202374980070968,0.2777435858295935,1.078012209025694,0.7980869600621211,Laterite,14.138615021944936,16.591254313660997,484.44872680611434,17.267846831860044,1445.8950655140382,0.5359463184292923,0,False
21.430000000000067,79.15000000000008,0.0343071742451624,0.0858301206707384,0.2777002927678575,0.3060990581114022,0.1752553071184129,0.5277967535905996,2.501812589028946,1.746589378488405,Laterite,29.373148140454635,14.187776436487724,220.7864392524721,9.669705567585382,1424.636165581471,0.5131382672575975,1,False
21.430000000000067,79.16000000000008,0.0403142746636883,0.0662933271947824,0.4799887292658819,0.2086488320465226,0.1074424066936832,0.757292678942602,1.6444132403069744,1.941959774292673,Laterite,19.024264148872106,2.1080275479292454,543.8991222740267,18.693087545192622,1529.3072808021334,0.6,1,True
21.430000000000067,79.17000000000009,0.0267926642325599,0.1583940767049388,0.279718746158636,0.1895191310094257,0.1374868049601095,0.2769256298708796,5.0,1.3784532335780697,Laterite,3.7879422469350823,16.777077238081375,383.3013259060192,15.436613607533959,1504.0826329796869,0.5402648164832731,0,False
21.430000000000067,79.18000000000009,0.0573794042267889,0.0573532063735275,0.4005222263661754,0.1512551928996467,0.1378050607460144,0.7494811806441415,0.9995434258412272,1.0976025987076163,Laterite,20.28532686226302,13.420259610658196,304.9664326784858,13.587642682692735,1507.9356400896247,0.5253397792223634,0,True
21.430000000000067,79.1900000000001,0.0782707512333883,0.1206954358497123,0.2967555168784445,0.2814171662884807,0.145435978631258,0.421750339377491,1.5420247511822047,1.9349900123991588,Laterite,9.75312046295097,13.94048332008599,296.70580299187264,11.320804688865834,1469.4988767082452,0.6,1,False
21.430000000000067,79.2000000000001,0.0937800354976712,0.1173322460644065,0.2454341362562564,0.228497497008752,0.2674654638303721,0.3531250314239516,1.2511431171531793,0.8543065472865519,Laterite,20.589815900582924,7.259656808077432,393.2056451375802,14.282693289887241,1474.0324876472614,0.5301934213136559,0,False
21.430000000000067,79.21000000000011,0.0617614692907224,0.0258065955833143,0.2700275575885696,0.2422897229574208,0.1596025946355471,0.8255333581474821,0.4178429664626937,1.5180813529935515,Laterite,2.0892344448721722,17.585591123140134,554.7326157875837,24.806095929741186,1469.4534448197242,0.5587214646699141,0,True
21.430000000000067,79.22000000000011,0.0543245743023527,0.1100904200562341,0.2787580287971261,0.1428923678746362,0.0390848714947583,0.4337618143903731,2.0265307417017917,3.655950807672589,Laterite,5.246443115278781,14.507432004697149,351.3390326730588,14.432200781683603,1483.9403407933341,0.5790437690346709,1,False
21.430000000000067,79.23000000000012,0.0683527397674602,0.0484956929807791,0.3568645738960885,0.102417316083185,0.1135600514141488,0.7607279401483787,0.709491573780582,0.9018780347279474,Laterite,25.67211776717359,2.2518093305838893,499.89029871341734,19.849621152331046,1529.7666717683494,0.5168278459670903,0,True
21.430000000000067,79.24000000000012,0.0386257129510973,0.1234313112333571,0.4348611267576705,0.2579913911754541,0.0439013956252065,0.5578256022760886,3.195573660221415,5.0,Laterite,6.815386710705447,8.155560688123254,238.72749239488743,10.03077069209553,1504.803770625375,0.6,1,False
21.430000000000067,79.25000000000013,0.1262461616508411,0.0518339595232378,0.3342680847686476,0.3178249303313503,0.1238500871477048,0.7315012426060741,0.4105784984222895,2.5662067536189004,Laterite,25.1112337572882,17.727607239202833,390.42268086042475,21.540949986408876,1513.0056414811509,0.5992330675759929,0,True
21.430000000000067,79.26000000000013,0.0152101691864561,0.1178707612739512,0.4179077678741915,0.1417552464327019,0.0407944885136753,0.560001922849133,5.0,3.474862689789471,Laterite,8.378282653632313,0.9439340339475799,596.6744561570943,25.0,1512.9779454125676,0.6,1,False
21.430000000000067,79.27000000000014,0.0688622173668695,0.1342133226517852,0.2036210262370479,0.3245608898493134,0.0964004764465753,0.2054489242819916,1.9490125004521808,3.3667975665297027,Laterite,19.286457301761228,19.22833239284099,508.1751211169348,23.499110716247962,1532.2221218691943,0.5406221988400429,1,False
21.430000000000067,79.28000000000014,0.1239081865768869,0.1242574610253088,0.2595369491186138,0.232873774111541,0.0637639235182906,0.3524790473298644,1.0028188157521236,3.652124287482546,Laterite,20.82451720529493,13.583251366391256,284.2113953762452,12.713234111994943,1502.4075020771202,0.5683591029027281,0,False
21.430000000000067,79.29000000000015,0.0632839953367976,0.0996726659295206,0.2294697465792506,0.2122055966814361,0.1588280088983704,0.3943493019357879,1.5750058959072009,1.336071628799511,Laterite,15.379642594351587,12.627519552867533,400.5765894791643,17.023661773452805,1505.9424036340536,0.5666961891124798,0,False
21.430000000000067,79.30000000000015,0.0572588289499527,0.0801879622828084,0.3342444590875031,0.1845715912417895,0.1394669681314403,0.6130227357776697,1.4004471207899174,1.32340720947988,Laterite,9.159320300901939,5.4111851297598275,293.44990545942665,7.434914817481944,1547.4403120597653,0.593484541739913,0,False
21.430000000000067,79.31000000000016,0.0521166373156847,0.0662032169466025,0.2678041614820769,0.1151837386402441,0.1544081153749328,0.6035823083416222,1.2702894935174465,0.7459694607758063,Laterite,6.379331291132884,4.975835774783541,363.82437090500366,13.80138809478222,1454.747704099952,0.4727996516086239,0,False
21.430000000000067,79.32000000000016,0.0573082495471252,0.1479213876326804,0.3775772937034383,0.2809409961147157,0.1338524305715699,0.4370247046921955,2.581153473426675,2.098886024745064,Laterite,0.9956806368727866,18.841164389771908,512.033609493986,20.373584902511137,1445.2128710025322,0.5474966455605607,1,False
21.430000000000067,79.33000000000017,0.1037854542402933,0.0609201911932904,0.212399828836775,0.1572075546993613,0.0691851124897752,0.5542207906007018,0.5869819772002384,2.2722743205103177,Laterite,9.118392037221714,5.965449084682454,508.4899261161615,17.437296126744997,1428.7039200407648,0.4644407744440995,1,False
21.430000000000067,79.34000000000017,0.01,0.0472373570571962,0.3107030973321478,0.1566135326983614,0.1643960684627328,0.7360602496044353,4.7237356584822665,0.9526598419754688,Laterite,19.59488371593849,15.510105934379988,291.24015116095404,9.820174717942217,1497.1457281811204,0.5793463516277663,0,True
21.430000000000067,79.35000000000018,0.108363011038887,0.1151547574013091,0.3759857911012458,0.2803348416920801,0.2346512280134686,0.5310720819978735,1.0626758724313892,1.1946872980205352,Laterite,28.14914455345448,7.862435964141583,568.8893272619441,19.742049027402402,1395.3133879391514,0.4168100642512558,0,False
21.430000000000067,79.36000000000018,0.0195212854264929,0.056514527872536,0.1016697224959595,0.0787911587329722,0.1588206289303232,0.2854594846812306,2.895020811812755,0.4961015405494261,Mn_bearing_schist,26.136134467891562,2.7850814156940795,437.0272731059307,18.132822041352366,1511.1077048030913,0.47408604758663,0,False
21.430000000000067,79.37000000000019,0.0541204301229647,0.0501774601013507,0.5,0.1036481532532213,0.1168837700341174,0.817595362292788,0.9271445163061371,0.8867625773389319,Mn_bearing_schist,22.98194329605908,0.214305953907179,351.9697163848058,16.30293679106454,1482.54034527508,0.5968800653001549,0,True
21.430000000000067,79.3800000000002,0.0491226673910372,0.0302558295132051,0.2816848115120339,0.208730602954427,0.0665966411947234,0.8060154684938415,0.6159239931081808,3.134251200908013,Mn_bearing_schist,23.65342029759896,10.885146740305016,400.7742323123442,18.912475383596334,1544.7319849911603,0.551932571611946,0,True
21.430000000000067,79.3900000000002,0.0795365980931186,0.0685036064215749,0.1083960086324046,0.2302299100303323,0.0924166514619973,0.2255086998132021,0.861284087801252,2.49121674653927,Mn_bearing_schist,19.94954710427986,19.515576370978653,442.02850137509745,19.247423148120877,1454.404134476858,0.49600864674720974,0,False
21.430000000000067,79.4000000000002,0.0138162694434845,0.0843313990441357,0.327609389857701,0.2433314253578171,0.1602919828285984,0.5905654339378383,5.0,1.5180511271496862,Mn_bearing_schist,7.80860572698009,7.382723876184089,423.95621273831415,15.738049515032618,1477.8340857292321,0.6,0,False
21.430000000000067,79.41000000000021,0.0755051799824552,0.0971836691064233,0.316044346797338,0.1879741054622546,0.1911159013399641,0.5296365909733536,1.287112606052912,0.9835607819441626,Mn_bearing_schist,27.215850921174894,7.143846679860896,394.5620142144713,12.57595360856305,1544.110166664776,0.5954226233657117,0,False
21.430000000000067,79.42000000000021,0.1222492886986024,0.1253322497719746,0.305410562042774,0.3859258768049105,0.1503233087360941,0.4180645788848124,1.0252186413816378,2.567305628069343,Mn_bearing_schist,20.121969357175022,6.881832356988841,401.97312163576004,13.235142669353666,1557.156782339015,0.6,0,False
21.430000000000067,79.43000000000022,0.0205047798622125,0.1406286920306151,0.4136191112926904,0.2310570250636603,0.1770943644852944,0.4925421762178451,5.0,1.304711336268274,Mn_bearing_schist,16.8132189294132,10.410876746097168,270.5647641711545,8.735566685955773,1453.9923817125166,0.5369350395261522,0,False
21.430000000000067,79.44000000000023,0.0669711850283086,0.0792851112178679,0.3901444971427299,0.1920449693528013,0.1723039122013572,0.662206602059602,1.1838690186826968,1.1145711480823328,Mn_bearing_schist,3.3296840764044324,8.813297668485871,525.0931617218718,20.101162342339975,1497.0890616294655,0.6,0,False
21.430000000000067,79.45000000000023,0.0413005346660984,0.0788121729448062,0.3460876191024092,0.1521109331830203,0.1620667195692909,0.6290317178244225,1.9082603504083264,0.9385698278672752,Mn_bearing_schist,13.411666314192763,17.59829253454029,416.70412797640614,17.043175003033753,1502.72094888431,0.5332946628036265,0,False
21.430000000000067,79.46000000000024,0.0738166161857877,0.1069662987566023,0.3622155633946899,0.2162734771564665,0.1036363202369321,0.544030545881113,1.4490815772762138,2.0868502128726654,Mn_bearing_schist,13.81074813605779,10.110415834469805,252.43194468188125,8.48966925882445,1506.682670281165,0.6,1,False
21.430000000000067,79.47000000000024,0.0614944333224691,0.1784676484722789,0.307664155056217,0.3004167434919187,0.1450761755987525,0.2657643577721374,2.90217566923821,2.070751741593517,Mn_bearing_schist,25.9369082856801,10.155156763771377,506.46284063311117,21.780570147049488,1474.8712170343265,0.5500084043828768,1,False
21.430000000000067,79.48000000000025,0.0415553927286672,0.1186283383731196,0.4965490849240309,0.3495005565808002,0.0937811098058878,0.6143280494006859,2.854703813346776,3.7267692494952818,Mn_bearing_schist,16.399446605633653,2.767431894411132,572.9775913509403,23.409519300690235,1552.0691699062893,0.4993004189692211,1,False
21.430000000000067,79.49000000000025,0.0753161685461286,0.0672547658315783,0.1719803981642499,0.1024501014891758,0.1368914476478997,0.4377518360583589,0.8929658404103552,0.7484039593024735,Mn_bearing_schist,11.41201646911229,19.65479081820772,578.9227596947849,24.14287307743142,1393.5148258190302,0.5467104969695418,0,False
21.44000000000007,79.0,0.1206104432936017,0.0715069679435505,0.2903651674215938,0.2447763915781194,0.1612631765533447,0.6047942851325829,0.5928754254736779,1.5178690923613436,Laterite,29.30400985531978,4.999457817376594,347.6070929644691,16.764129978861952,1482.9434882600558,0.5718419361702791,0,False
21.44000000000007,79.01,0.0606328862481804,0.03673178942351,0.2838024631188826,0.2521692527566386,0.2284791903693418,0.7708089592877908,0.6058063805932005,1.103685864076429,Laterite,3.32161779978947,1.4672813491920533,254.20674942430162,8.231484424278493,1526.3965366387574,0.5198326105275725,0,True
21.44000000000007,79.02000000000001,0.0878327382644447,0.1210107868817399,0.3595280406064643,0.2616940274216158,0.0788734012816173,0.496353759636507,1.3777412515550786,3.317899606680428,Laterite,12.676452849358338,13.262924979504175,407.3598506532261,17.810736267135823,1526.8612405975773,0.5264620013673558,0,False
21.44000000000007,79.03000000000002,0.0273218112638643,0.1172991409455811,0.1947146122575155,0.2207584060463159,0.1682553815495641,0.2481155734078534,4.293241739481454,1.3120436557928532,Laterite,1.2607402551421587,11.907327403137453,245.04369173968826,10.182207365534863,1571.637951530848,0.5881293496698184,1,False
21.44000000000007,79.04000000000002,0.0373069086954589,0.1522229033055448,0.1056327397603523,0.3095636134406941,0.2180618295811785,-0.1806831255394232,4.080287223477322,1.4196139411161388,Laterite,22.19712362300791,8.302913079854914,573.5949674050469,23.232817746604226,1563.9112696601744,0.6,0,False
21.44000000000007,79.05000000000003,0.0800521883364104,0.0886736221459165,0.2965823016098257,0.1630725274951918,0.1817623882919385,0.5396638094051992,1.107697664210073,0.8971742115511524,Laterite,27.542296565974517,8.443844677613562,273.4318509420584,13.163506430984356,1489.7229187347489,0.4351129303815608,0,False
21.44000000000007,79.06000000000003,0.110283480856078,0.1499173898356686,0.3099230492218673,0.3284533802622827,0.1852872721412506,0.3479590870244941,1.359382099077698,1.7726710328738855,Laterite,8.401119886514683,15.701278420928624,301.1063439804656,14.304125974966748,1568.9935621766404,0.6,1,False
21.44000000000007,79.07000000000004,0.0763084004635688,0.0740952602166058,0.4316599409447723,0.2885839672085576,0.1728447450933891,0.7069916035196133,0.9709974219008912,1.6696137732487757,Laterite,25.750250303973626,3.914252801992981,362.6546107539882,13.217627189439321,1468.2979128112372,0.525886818613465,0,True
21.44000000000007,79.08000000000004,0.0561282590843043,0.1314907694882866,0.1565637953674992,0.1246550549054353,0.2081967244887692,0.0870426263963601,2.342683906452895,0.5987368684673321,Laterite,8.766546913856933,16.405066378897793,353.2657874236503,14.355086641602915,1550.544369139702,0.5148667642074795,1,False
21.44000000000007,79.09000000000005,0.0653787421626995,0.0915502842004166,0.3999693766716803,0.1432427866318243,0.0887260915943799,0.6274806827895585,1.4003065986273755,1.6144381421107674,Laterite,27.323104849317456,12.974942277900363,517.8651569591557,22.14013823846628,1594.5261239211598,0.6,0,False
21.44000000000007,79.10000000000005,0.0277677679809073,0.0891617602366721,0.5,0.1738985729910163,0.0736236667014859,0.6973267231881398,3.2109804423920707,2.3619928284732845,Laterite,22.61885710790352,8.379395475590488,382.52672822038494,15.392600179804203,1564.7472053428585,0.5855993030326492,1,False
21.44000000000007,79.11000000000006,0.0832954597906597,0.1164412122927086,0.2485235112477614,0.2653578979627539,0.1424232929767353,0.3619042893722744,1.3979298805188014,1.8631636176238628,Laterite,24.14720330524316,9.160572331677372,268.3073040013347,12.34951366463121,1509.2885191763162,0.6,0,False
21.44000000000007,79.12000000000006,0.0915099918697009,0.1089454447473578,0.1581057780506872,0.127669056350774,0.0345018948214125,0.184085782382273,1.1905305901833076,3.7003491153623584,Laterite,0.540196668013635,5.132944143721916,306.8839581944296,13.349215627255118,1487.4110614115039,0.5796767611783017,1,False
21.44000000000007,79.13000000000007,0.0513572900150062,0.106658910370675,0.247402563362673,0.194128296605431,0.2039122902088985,0.3975119107656544,2.076801757488175,0.9520186169816142,Laterite,28.884310712220778,15.042286653939495,403.6453540750088,20.483678900504056,1427.5704351871457,0.5352631880477774,0,False
21.44000000000007,79.14000000000007,0.0506987355672135,0.0954511368822458,0.2904004967371486,0.2488293077491706,0.2032357597747699,0.5052443551312709,1.88271237193738,1.224338216377347,Laterite,21.800129762109698,10.257494846105356,258.98156697045397,7.730340351909341,1519.5269818958202,0.5621861209619248,0,False
21.44000000000007,79.15000000000008,0.0726563468895599,0.0905042767313245,0.3462787875007025,0.2120683845817458,0.1203524722457714,0.5855870606167716,1.2456485975592628,1.762060890385995,Laterite,9.142532861584,6.4170908549968715,444.66227025840567,18.28272261460544,1448.239138601564,0.5672253150033935,1,False
21.44000000000007,79.16000000000008,0.0514584079187806,0.1873748797148152,0.2316605270162067,0.2345221260998856,0.1233014701669722,0.1056847382809584,3.641287924150892,1.9020221380337037,Laterite,24.881839945765407,11.921002315219004,426.29892262045837,15.945450086161383,1464.3432668194132,0.5284521621168135,1,False
21.44000000000007,79.17000000000009,0.0624560215612237,0.1390302658078445,0.4472198534147461,0.1414938102055829,0.138042626242464,0.5256964177048071,2.2260506210590494,1.0250008562902666,Laterite,8.445635952447898,19.91468904102646,485.8809265529031,21.45325351724905,1444.4627099632764,0.49904488679890363,1,False
21.44000000000007,79.18000000000009,0.1273116536749938,0.120393075799418,0.1811467684992062,0.257439806137803,0.1440810325219785,0.2014781589509416,0.9456563655374122,1.7867709680651775,Laterite,26.18261518698384,8.705245593131076,575.0818461517471,20.727399809565043,1480.9803833672772,0.5858630998954611,0,False
21.44000000000007,79.1900000000001,0.0567892289776183,0.0957719663281329,0.1195794847827328,0.1725751675266759,0.1476586959597117,0.1105519295121363,1.6864459666679703,1.168743678034975,Laterite,3.3774117123581107,18.413828015572392,564.9018244404623,24.230201438802368,1502.6015292757609,0.5562511814061889,1,False
21.44000000000007,79.2000000000001,0.0533297954393615,0.1314062880238641,0.405071042428745,0.1924766227921396,0.1690316053439124,0.510114293409168,2.4640313486084158,1.138701974028204,Laterite,21.110579323823874,6.900336798491322,578.4302472275326,22.84116343845051,1517.6807290583954,0.5708086558003486,0,False
21.44000000000007,79.21000000000011,0.0445337458309433,0.1116597910556553,0.0678378968793938,0.2315412209534144,0.1323086823495733,-0.2441362596698445,2.507307407483787,1.7500077596318102,Laterite,16.22095429934731,1.0946541384997177,297.88623880948035,10.943602884819652,1473.974668229412,0.6,1,False
21.44000000000007,79.22000000000011,0.0861657591449962,0.0918081901109585,0.2757870231127426,0.2218154755071546,0.1879196651738868,0.5004930051680893,1.0654834462714962,1.180373938958787,Laterite,2.896034105863224,4.084842127368578,252.62612265574185,7.633092036907868,1557.464185319869,0.5783552391081639,0,False
21.44000000000007,79.23000000000012,0.0582832748034549,0.0784374269893604,0.5,0.2159786013310866,0.1628773888562622,0.7287954638964157,1.3457964934072502,1.3260195458381503,Laterite,7.2568148477651695,8.373902866553685,320.91068019857937,12.441126449205461,1493.5897371006117,0.5608478476898189,0,True
21.44000000000007,79.24000000000012,0.0441188088503552,0.1133122984415362,0.296795644704022,0.1937473469539464,0.1100518277063651,0.447402566286365,2.5683444575541743,1.760510032553412,Laterite,0.3721210883194437,4.39269857189138,558.0340691065259,25.0,1464.6138783368342,0.5192477288037661,1,False
21.44000000000007,79.25000000000013,0.1031191209681882,0.02,0.1868232349303906,0.1927315412160513,0.2069756333902017,0.8065981315197861,0.1939504506324763,0.9311798590300014,Laterite,14.063038963935174,0.00454076436511075,588.8213898493952,24.483847209999176,1515.3146133622818,0.5897799767099482,0,True
21.44000000000007,79.26000000000013,0.1059480901354069,0.0984640335719024,0.2940602536213367,0.2135528513585871,0.0721271506938724,0.4983034843479942,0.9293610989412304,2.960783131013814,Laterite,9.037957822800012,18.300030754950544,543.7299804281904,23.91077668692355,1600.0,0.6,1,False
21.44000000000007,79.27000000000014,0.0452272930278366,0.0703209567955823,0.2956199211380632,0.1168440336782985,0.1352517094589228,0.6156703934064627,1.5548345242952633,0.8639006047268855,Laterite,17.950724528932763,16.87758822461858,244.00708845101744,13.496245662724943,1520.758028326866,0.6,0,False
21.44000000000007,79.28000000000014,0.01,0.1994028399107055,0.3176649940353286,0.2165072308296693,0.1880258700537699,0.2287169039296579,5.0,1.1514757551852144,Laterite,8.917134231258515,14.845844629738941,578.9711992239172,24.65131113730837,1485.8572186314298,0.5282400151364423,1,False
21.44000000000007,79.29000000000015,0.0932254106951053,0.0902737628324666,0.3687262982159794,0.2396375915322934,0.1033463447543892,0.6066503230670766,0.9683385899030696,2.318781490239765,Laterite,8.99757334520954,3.3562919129205726,369.3432109403144,14.271701311721753,1427.6269321941747,0.5124692510933062,1,False
21.44000000000007,79.30000000000015,0.0423411052271974,0.0417614632185979,0.199488883163244,0.12277943773082,0.1547977823383539,0.6537914753068246,0.9863101800456016,0.7931601848347872,Laterite,22.2957959619481,2.407271524199721,203.72411630494148,9.423009276404809,1493.0293839515066,0.5994928889390885,0,False
21.44000000000007,79.31000000000016,0.0864787679748806,0.0871447938348716,0.4730548055236978,0.2928607156115906,0.1663069798499487,0.6888794852081412,1.007701610173428,1.7609646672660957,Laterite,1.4442850793506035,1.352094989447663,376.9574962992774,14.617970053174641,1515.746406254516,0.5810155525135867,0,False
21.44000000000007,79.32000000000016,0.01,0.047115156597496,0.3297114284372806,0.3004729283819827,0.0959338066009342,0.7499371938917487,4.71151561263445,3.132085952960068,Laterite,27.086849855759617,14.480583775458424,218.42766787018704,8.092307461330119,1484.6209554373315,0.5114219519793646,1,True
21.44000000000007,79.33000000000017,0.0892979201489767,0.1077162966284948,0.3787794046401997,0.1241394596827875,0.1351561140202943,0.5571747237418603,1.2062576186339478,0.9184894112322468,Laterite,25.567916231735445,18.576159213757705,417.551168464447,14.358179753447324,1420.7307680880601,0.5981017414197476,0,False
21.44000000000007,79.34000000000017,0.0260648421215739,0.1002378945735754,0.2441850600244555,0.3060333743135032,0.1307748084895355,0.4179372004316151,3.845712693039374,2.340155398537449,Mn_bearing_schist,20.034140496792194,8.61071641826074,335.4216109748205,15.828415439452973,1461.4717305249383,0.4631293705268392,1,False
21.44000000000007,79.35000000000018,0.084202923571993,0.1267335852443266,0.4365382136995736,0.2006492887901438,0.1108331074083813,0.5500091234482367,1.5050972070519668,1.810373211587256,Mn_bearing_schist,17.796647103221527,2.3828134399209633,389.3739734376195,15.45191040860193,1576.7269230444979,0.6,1,False
21.44000000000007,79.36000000000018,0.0625881920350902,0.0566047283322132,0.2830947591187142,0.2396960191409869,0.2533237426025346,0.6667364511480041,0.9043994785795648,0.9462043177786535,Mn_bearing_schist,26.769074944189565,10.247856414642131,445.2681442972468,18.91703583735034,1575.700050186633,0.5276269170200776,0,False
21.44000000000007,79.37000000000019,0.0334218174180978,0.0894203238491216,0.3374552513493744,0.1753344263510156,0.0999046823277219,0.5810473633372262,2.6755075124415586,1.755017103205997,Mn_bearing_schist,5.559905385861433,6.976638149172603,547.5204383271281,20.741427739750392,1459.66804153988,0.6,0,False
21.44000000000007,79.3800000000002,0.0497089106121937,0.0332791281829302,0.2172893922813107,0.2744131379058661,0.1881265147033898,0.7343710362499576,0.6694801335641988,1.4586627418928908,Mn_bearing_schist,2.3690748657248584,7.496498486999954,464.76063058877145,20.23692153396309,1537.6378393600812,0.49938420341474926,0,True
21.44000000000007,79.3900000000002,0.082389553708698,0.1504877286600794,0.2118068373598094,0.2855118975832792,0.1180599491559384,0.1692520794789909,1.8265389446033395,2.418363715914589,Mn_bearing_schist,7.185305097286143,12.426612483114145,373.61954739127225,14.043598665032844,1445.0713607616015,0.599514292879238,1,False
21.44000000000007,79.4000000000002,0.064856833593454,0.1082748472176003,0.3812205306453108,0.1522092720381602,0.0831881905557314,0.5576062527160193,1.669443928289218,1.8296980717860285,Mn_bearing_schist,23.83734836100571,14.374362265244047,527.771141468146,21.707046784435764,1574.2158140998577,0.5862492122868843,1,False
21.44000000000007,79.41000000000021,0.0790923894141714,0.1071722008410982,0.2689393169792844,0.1273358600024221,0.1424807121577488,0.430104127181848,1.355025451872276,0.893705947876443,Mn_bearing_schist,1.0401080017944997,2.212071977463217,562.232855029253,25.0,1516.261792394822,0.550268043656121,0,False
21.44000000000007,79.42000000000021,0.1207332175354614,0.1133921896305548,0.2288176912495857,0.1276545954424158,0.1696146692193703,0.3372944734629955,0.9391962862526212,0.7526153012275892,Mn_bearing_schist,17.484205052504688,0.7118046161295277,247.9039865728789,11.910851398335012,1551.4820749309367,0.5910756109224894,0,False
21.44000000000007,79.43000000000022,0.0143927516486652,0.1035709156315468,0.2507816657973208,0.2214559243502849,0.1830054787532791,0.4154358055771108,5.0,1.2101054336620851,Mn_bearing_schist,29.8631254857393,19.886606053714296,412.7731910211166,17.154822814179308,1418.2453326409832,0.5634370166982593,0,False
21.44000000000007,79.44000000000023,0.1097163772490554,0.1509735643323389,0.3858953071717665,0.2480729988245733,0.2149132555327486,0.4375775077767259,1.3760348999860472,1.1542936153202634,Mn_bearing_schist,25.670882815126184,4.654566978311037,313.80478389697765,9.538937263627298,1537.8818550963545,0.5314856705445894,0,False
21.44000000000007,79.45000000000023,0.064210678125693,0.0752162297183144,0.2539962138796637,0.2532675975145526,0.28388231449675,0.5430535436423638,1.1713975275878286,0.8921570118741456,Mn_bearing_schist,15.643370671307684,1.0766104981691815,218.82447915077896,15.103307771403738,1503.6162968158849,0.5230667250475282,0,False
21.44000000000007,79.46000000000024,0.0339964785503027,0.1195815495529178,0.3060345068398089,0.2389695880529701,0.1489657101877748,0.4380778272872263,3.517468699713485,1.6041919149804618,Mn_bearing_schist,1.9092272785992703,3.7975065819183995,467.41867804559416,22.967496192446028,1546.5964535396522,0.6,1,False
21.44000000000007,79.47000000000024,0.0209305912278268,0.0428149480327384,0.3202027750287355,0.1261102481034859,0.1031053913087254,0.7641164860499446,2.0455680091472948,1.2231198231289937,Mn_bearing_schist,24.941205431571294,0.7791569269692844,545.1083109836902,24.15819594076369,1549.7433899050025,0.49578662353189595,0,True
21.44000000000007,79.48000000000025,0.0550463882766855,0.0513495615360614,0.1278651113989963,0.1590547641383264,0.1587237163397393,0.4269491362906817,0.9328416096015882,1.0020856851516124,Mn_bearing_schist,17.969355245316315,7.836217892343433,265.1610617909576,9.541970011441292,1507.2892344738475,0.5360220082680885,0,False
21.44000000000007,79.49000000000025,0.0882495033577302,0.116756291240845,0.1733873594626748,0.3445972856727911,0.12258935247967,0.1951828622304726,1.323024908539786,2.810988706778914,Mn_bearing_schist,3.4479899117870048,16.048035689026484,524.9654630495602,21.646376636994415,1473.9585180453143,0.6,0,False
21.45000000000007,79.0,0.0625735263886734,0.1803845444284981,0.3106277889247605,0.2244912005735914,0.1908983064926106,0.2652545274785053,2.882761361726192,1.1759727185672224,Laterite,2.815718544700686,6.824888995154412,541.3582934147767,21.469754699395992,1558.9848091090873,0.5362186551864436,1,False
21.45000000000007,79.01,0.1116146479074198,0.0841687670299361,0.2041970638847349,0.2307392341477017,0.0795617851817129,0.4162361970295021,0.754101442172186,2.9001264027786524,Laterite,27.28880458309777,8.88366813756733,565.7361770665934,25.0,1516.9922750298563,0.6,0,False
21.45000000000007,79.02000000000001,0.0226247292984525,0.1102443404757682,0.384472491128047,0.1741253593797073,0.2626567271200208,0.5543133628743361,4.872736311414559,0.6629388907059935,Laterite,20.076007888142353,13.511735471348775,306.114035634421,13.279757266471208,1476.3607523237304,0.5243377436857083,0,False
21.45000000000007,79.03000000000002,0.0656773315646176,0.101119967285771,0.37638071042506,0.2923929758185566,0.1868624047387745,0.5764614710103879,1.5396479230024425,1.5647501490245417,Laterite,24.878603979502667,10.177881401397604,561.5812260759558,21.83089003644516,1473.9923884272282,0.5781994029000678,0,False
21.45000000000007,79.04000000000002,0.0283481966676056,0.0724897331662258,0.3525168666355498,0.1877620806824625,0.0596797991101905,0.6588771410468489,2.5571197265380268,3.1461580495800563,Laterite,26.36936700846802,17.228913720426483,328.2651018945729,12.736202380690974,1446.1417791844935,0.5750209517239959,1,False
21.45000000000007,79.05000000000003,0.0767089564787481,0.1054988582283515,0.4634771787312662,0.2927698899643012,0.10824855488425,0.6291623850327556,1.3753134305776686,2.7046078352445315,Laterite,17.153170561449667,17.32071350091513,420.93520538220116,19.78134317606486,1494.4854420219594,0.6,0,False
21.45000000000007,79.06000000000003,0.092286621702918,0.0437186024507086,0.2740910672256886,0.3280188473213695,0.1843240522056955,0.7248755676221686,0.4737263277885668,1.7795770178563606,Laterite,15.523390552651238,0.19821390982307285,220.20298833291287,12.375320207512326,1575.1346023038316,0.5806627845232981,0,True
21.45000000000007,79.07000000000004,0.0529371461895674,0.1445775830666676,0.3481881925903913,0.1842005837397545,0.2021572028085712,0.4131995758246548,2.7311178104657343,0.9111749721975632,Laterite,12.912822309629705,15.560926129663983,217.55243534749744,12.12134793311822,1528.8914899853842,0.6,0,False
21.45000000000007,79.08000000000004,0.01,0.06654310807482,0.2257599023404047,0.2097335180856609,0.0795481186384002,0.5446977572517744,5.0,2.636561636050562,Laterite,9.508397633733578,9.214672004833478,488.14928509288114,21.85361767564467,1493.5116147039605,0.5306000272847261,1,False
21.45000000000007,79.09000000000005,0.0712884444038937,0.1218561394175239,0.5,0.1797218631971532,0.1786312925216457,0.6080889719539705,1.709339294264841,1.006105148540896,Laterite,13.037878825761354,19.776810826073262,377.7919911911164,15.23608322869124,1560.2427969091166,0.5968020695208966,0,False
21.45000000000007,79.10000000000005,0.0783021565520041,0.0420000561042432,0.4843633652436108,0.1186396762418463,0.045433006366902,0.8404142292459656,0.5363844100859543,2.6113102668711865,Laterite,23.216389671904693,9.664641517508702,302.516950147687,6.121845272162052,1478.376168913943,0.566654909953609,0,True
21.45000000000007,79.11000000000006,0.0772088426488497,0.1551856867884009,0.2880880434517884,0.18921483591803,0.1381532067264458,0.2998200605332328,2.009947063877123,1.36960147552514,Laterite,18.057702930453946,19.737918907765952,276.1653984099641,12.101211648031615,1524.7675137167514,0.515689411646311,0,False
21.45000000000007,79.12000000000006,0.1020334657546633,0.1551131196063513,0.3264586229905289,0.277530255528545,0.1980423421051583,0.3558047289581711,1.5202180804805236,1.4013682752804577,Laterite,26.77569869864538,15.091387224114731,467.9813963436872,19.495567329965436,1511.0184813638368,0.5523383177624828,0,False
21.45000000000007,79.13000000000007,0.0327083896105271,0.1076280828802338,0.4246297599364908,0.2398681648760673,0.1146842134948489,0.5955791563711238,3.290534441858928,2.0915534698041567,Laterite,13.301400431375631,4.972097692266127,200.16061761013594,8.619989926398372,1558.95653127953,0.5926843741917441,1,False
21.45000000000007,79.14000000000007,0.085126483163512,0.0523028591280061,0.2748860495185999,0.2271983532514811,0.0667338850430971,0.6802895343954796,0.6144134835935935,3.404542576298394,Laterite,18.212687361562622,10.767899585739153,522.3564676787416,21.872647514013984,1441.1385814541375,0.5188209158888306,0,False
21.45000000000007,79.15000000000008,0.1003752253743377,0.1324465058590971,0.2248375929200406,0.2344544234674701,0.1492107398188757,0.2585927763110376,1.31951390627719,1.5712972376850385,Laterite,18.93922659275966,19.842712789571657,231.69984245197153,7.0016357782671665,1477.4901127093797,0.6,0,False
21.45000000000007,79.16000000000008,0.0111223724798029,0.0443977526106221,0.3787989751006999,0.2815146624004651,0.1114840566682237,0.7901791306835604,3.9917519658749536,2.5251562471012,Laterite,17.750914869189767,17.150612155038473,276.59584596324777,12.639644028837694,1438.087717045386,0.4973517102120431,1,True
21.45000000000007,79.17000000000009,0.0739495547775677,0.0814294697961501,0.3001439246083791,0.2203479333192616,0.1730179183032893,0.5731910504300969,1.1011488835999943,1.2735555678438473,Laterite,21.07901319256549,1.947337875824422,354.4945581196358,16.035039216381858,1507.020163909649,0.6,0,False
21.45000000000007,79.18000000000009,0.0491146050697681,0.1325365240382105,0.3114994449645386,0.2648277679667121,0.0970936783890944,0.4030369910977107,2.6985155144806403,2.727549023662313,Laterite,7.123004051244188,14.127439936199922,393.94349588644144,17.778989892721047,1580.571375181734,0.6,0,False
21.45000000000007,79.1900000000001,0.0616743198069489,0.1230480770828271,0.2106728656932164,0.0911357407458193,0.1025481555173423,0.2625690430310706,1.9951266145857112,0.8887116515863206,Laterite,15.370913326373719,6.911591717416261,341.99804632557675,16.143072604045805,1494.7276395174363,0.559829758093825,0,False
21.45000000000007,79.2000000000001,0.0744302945061483,0.0916073177016146,0.1232327851636737,0.04,0.0399498839561851,0.1472046746652734,1.230779996053481,1.0012544703194732,Laterite,3.12674408425043,0.13964523760696235,328.2848659937175,14.886639372914809,1494.46580309033,0.5171642234662613,0,False
21.45000000000007,79.21000000000011,0.0492631430765915,0.0518277369630835,0.3195142409879239,0.2345651619486609,0.1493172355525713,0.7208624929230892,1.052059077458756,1.5709181925550977,Laterite,11.535339829344377,8.069619380539992,585.5664048292754,23.578541378141985,1563.5862212093193,0.5479320669339062,0,True
21.45000000000007,79.22000000000011,0.0434887576251497,0.1164635084869648,0.3872962041494343,0.1146664042394909,0.1325947530861672,0.5376227769213996,2.678014148461489,0.864788398365173,Laterite,14.630012058637933,4.695088434499426,456.6318724973577,18.884654324891056,1573.4274779228776,0.5641369392602535,0,False
21.45000000000007,79.23000000000012,0.0646645725246387,0.091235249507918,0.2751193250924106,0.1992283808100811,0.0810407664629934,0.501929246372606,1.4109000617311005,2.45837236318859,Laterite,19.566727786364176,16.37738541040943,209.3731821469553,8.906132323963224,1515.571446636673,0.47905222839143924,0,False
21.45000000000007,79.24000000000012,0.0309026218341138,0.02,0.4422429519559019,0.1926532071282725,0.1499699356883515,0.9134654191651956,0.6471942750566964,1.2846121865395654,Laterite,28.515931577586105,6.74661217691531,372.07036337772524,15.718330705618456,1554.2357427026072,0.5326651322235132,0,True
21.45000000000007,79.25000000000013,0.0308252461334423,0.1214051930526575,0.2291083674584612,0.3246180421690823,0.1914535150322037,0.3072724895950492,3.938498727090295,1.6955449574531178,Laterite,18.019531996450677,16.550473879076343,550.003479897588,24.91324697434296,1466.1522729562153,0.47568327659039855,1,False
21.45000000000007,79.26000000000013,0.0836611984886929,0.088950686645209,0.1949295545034241,0.241199758706047,0.1291416028290492,0.3733224524259675,1.0632251048962504,1.867715385556758,Laterite,22.307817485296795,0.01195877669590617,320.58247456426716,14.644940612889446,1588.8987166963832,0.6,0,False
21.45000000000007,79.27000000000014,0.0286961789452381,0.1378380499193195,0.2945769692804035,0.2245101318759015,0.1531483474910953,0.3624733470519031,4.8033590012811365,1.4659650946763163,Laterite,15.187981784856083,6.156383000522383,237.82253790975528,14.063959292046377,1600.0,0.6,0,False
21.45000000000007,79.28000000000014,0.083029375027274,0.0457491792462844,0.293940742464888,0.2711893808243514,0.1532255624792547,0.7306415271176896,0.5509999223305775,1.769870354916013,Laterite,19.02312094128994,4.823304286155238,503.3539086359671,25.0,1546.0607895595488,0.6,0,True
21.45000000000007,79.29000000000015,0.0767977387856161,0.02,0.3800968731335398,0.2380948310787268,0.0791635086410484,0.9000242121946009,0.2604243339740553,3.0076336289938617,Laterite,2.1279664840132027,4.671347221372219,442.4055327744325,18.592863030829204,1415.7834189329726,0.5603603796769622,1,True
21.45000000000007,79.30000000000015,0.0110257981362796,0.1003633543338038,0.2265037175936195,0.1799626104908036,0.2420292910353761,0.3859072205634493,5.0,0.7435571523041139,Laterite,7.631747425255409,1.363732395309254,428.12500313060156,10.16523070018966,1492.0884868802234,0.5678815637467919,1,False
21.45000000000007,79.31000000000016,0.0423530604299278,0.1006825470672752,0.4417094236815083,0.286703315117813,0.1154775084938821,0.6287461742484199,2.377220106587812,2.48276325501711,Laterite,10.855592796154161,3.7424854082100345,221.43062384296317,11.699940925711331,1550.6412660835786,0.6,1,False
21.45000000000007,79.32000000000016,0.0983832820914186,0.0212131348957381,0.5,0.1337174910478144,0.1716458100930097,0.918600919580004,0.2156172717887676,0.7790314887235161,Laterite,14.174800650195408,11.110991397712397,256.19960391820695,9.594230818617847,1498.9258501417944,0.5315590610165859,0,True
21.45000000000007,79.33000000000017,0.0330050340658069,0.0495200181653318,0.3027855973031852,0.2337273031273428,0.1771207638614486,0.7188803355551333,1.500377727729618,1.3195929031686824,Mn_bearing_schist,1.369462365071512,5.82722145675489,449.0197584852455,17.106188759889882,1583.6099277126175,0.5991872056605838,1,True
21.45000000000007,79.34000000000017,0.0483878721307157,0.1986887097487921,0.4325710420184517,0.1024701144104515,0.1315002436442084,0.3705009412968972,4.106167528950946,0.7792389693951772,Mn_bearing_schist,4.20072292659953,8.347895646582959,283.12953658353433,11.000173474335195,1549.4078632219057,0.6,1,False
21.45000000000007,79.35000000000018,0.0760618267975541,0.0760755754338438,0.2028502929374943,0.2247760700261128,0.1686397512529776,0.4545104338957275,1.0001807547471628,1.3328771432758877,Mn_bearing_schist,8.304429233739173,7.537337606943771,401.6280318993697,15.841215235511195,1484.6762249618228,0.49069312276787713,0,False
21.45000000000007,79.36000000000018,0.085581715278475,0.1173583590550444,0.4169221541182124,0.2237092749240981,0.1504109610908152,0.560686357860775,1.371301784920306,1.487320293368079,Mn_bearing_schist,29.14598072703152,17.51809849999789,417.95267441175736,18.639234387367342,1521.6132405386752,0.6,0,False
21.45000000000007,79.37000000000019,0.0544138334186623,0.0619136069052604,0.4150276408559675,0.3272518473340193,0.0670580121386254,0.7403721853251203,1.1378284326177075,4.88013044838693,Mn_bearing_schist,9.940410213091523,18.10597998021031,313.4028761083758,9.939581612929873,1475.308338968158,0.5546689152519386,1,True
21.45000000000007,79.3800000000002,0.0439146941592478,0.02,0.3975437280190096,0.1000518274590681,0.1211463649374912,0.9042016502554217,0.4554284240698832,0.825875604506211,Mn_bearing_schist,14.461231743362475,9.859139433117202,579.3700622165971,21.984977767441677,1510.8707560794905,0.5736760060585885,0,True
21.45000000000007,79.3900000000002,0.1043910958509522,0.0807696701281593,0.3105436911129927,0.1672378976902257,0.1069524548822924,0.5871867502743239,0.773721833192638,1.563665815038228,Mn_bearing_schist,5.882931382151789,6.603119006312088,536.98564273423,23.06071888898775,1492.270337978485,0.6,0,False
21.45000000000007,79.4000000000002,0.1137669899139243,0.0767758175885512,0.05,0.2665877698601825,0.1143127479326891,-0.2112060334276929,0.6748514448624721,2.3320913410632778,Mn_bearing_schist,18.32340213227305,2.1360140800472727,488.9494030531194,21.618779854706588,1578.7380900117644,0.6,0,False
21.45000000000007,79.41000000000021,0.0908457415234507,0.0712248704532605,0.2497272856348101,0.2321722079478038,0.0720198411081634,0.5561651845608766,0.7840199131015145,3.2237256296739383,Mn_bearing_schist,8.420496465479228,19.0680575876419,231.19754656376364,10.91631439669551,1600.0,0.6,1,False
21.45000000000007,79.42000000000021,0.0639195442769475,0.0824543665797395,0.2522083982315633,0.2210213535936173,0.1933616858372968,0.5072390760197489,1.28997112516147,1.1430462685626872,Mn_bearing_schist,6.209777353152804,1.204538898005949,242.45200772360778,8.52809443061706,1448.440583338325,0.5496716906567739,0,False
21.45000000000007,79.43000000000022,0.036992028350769,0.0974307308658206,0.2178745061939762,0.1411705007928942,0.2169596327306658,0.3819910395814789,2.633830447970344,0.6506763444934291,Mn_bearing_schist,15.497178853379372,5.953005551365608,397.1125383459823,14.589824465883448,1423.8391856896249,0.45873226808621026,0,False
21.45000000000007,79.44000000000023,0.0362066678032997,0.1048779185347957,0.3288243004547311,0.1997312587603101,0.1855801487999155,0.516359778813369,2.8966465186717,1.0762533597708577,Mn_bearing_schist,0.16517397481262464,5.961324023400083,264.2853396763943,9.998619485607257,1507.7413789075433,0.5375797281978298,1,False
21.45000000000007,79.45000000000023,0.0766754231579694,0.0359397532821004,0.2756036554479015,0.2946528705756197,0.2000264612073521,0.769279321510464,0.4687258544525217,1.4730694561599456,Mn_bearing_schist,0.22992097947675982,6.4080257228042985,591.3061854117896,25.0,1444.0792150586785,0.5673902164549525,0,True
21.45000000000007,79.46000000000024,0.0734319466266571,0.1057673916624724,0.2359387990235232,0.2035943564372165,0.1190882581495871,0.3809454170602799,1.4403457402018869,1.709608986055705,Mn_bearing_schist,6.572064273055734,3.2857368654481856,263.40809361096376,13.946291972335256,1522.3105801836584,0.5930611095210163,1,False
21.45000000000007,79.47000000000024,0.1028079577883894,0.02,0.2134199851752438,0.2331751787301045,0.104327158250693,0.8286350671608824,0.1945374697716731,2.2350381474619705,Mn_bearing_schist,1.1016408750246343,15.663228618473944,394.9871341855896,12.362922886191399,1557.4468056904088,0.6,1,True
21.45000000000007,79.48000000000025,0.0801535027760806,0.02,0.2486487014515034,0.1985368169856377,0.0970306476594091,0.8511066687871875,0.2495212221843942,2.046124823137496,Mn_bearing_schist,3.2407726239207415,2.4499572393197844,345.64842273660213,13.960560100108356,1594.707094863454,0.5919901076626289,1,True
21.45000000000007,79.49000000000025,0.0154275909472018,0.1153472197880573,0.4332499211850196,0.1234840139325075,0.1679832461478557,0.5794829713751922,5.0,0.7350971998142566,Mn_bearing_schist,10.165819480162547,12.698133183063256,455.7545685816392,16.32441680885123,1530.0697279358767,0.5044118223044105,0,False
21.460000000000072,79.0,0.0978784285316869,0.1147608108854134,0.2114974945372549,0.2861667298252483,0.1558331526572066,0.2965033594987522,1.1724831762190857,1.8363661695987488,Laterite,24.077570387394385,2.476920534116349,251.61456355576996,7.179454793450102,1526.342238757636,0.6,0,False
21.460000000000072,79.01,0.0362581811805669,0.0920041853970376,0.2270061293566775,0.2557262669172731,0.1404389144200777,0.4231899022498573,2.537473809982532,1.8209074585286216,Laterite,17.161459301079024,1.4107127518591311,372.12657121695634,17.43918709139615,1437.0807541714607,0.6,1,False
21.460000000000072,79.02000000000001,0.0545608618414287,0.038302059809796,0.2337302384976806,0.3815945786157014,0.2088774272097661,0.7184006451879219,0.7020061349271469,1.826882796913211,Laterite,15.380031778692492,18.18859007371753,309.8820131228575,14.000999695784405,1537.309257459405,0.6,0,True
21.460000000000072,79.03000000000002,0.07346600618755,0.0656235623730358,0.3141993513809477,0.1488093034244599,0.164187067690766,0.654451798301649,0.8932507113042399,0.9063399780919228,Laterite,8.804664696243648,3.8025753263741136,555.1006098686753,24.028059109755997,1539.5643630275881,0.569154952592471,0,False
21.460000000000072,79.04000000000002,0.1257100246935181,0.0832501300925386,0.3268249488528594,0.2771801044840316,0.1018271181239695,0.5939761551161109,0.6622393896531248,2.7220656866118103,Laterite,27.952611582984492,16.425003091194085,216.23428485387802,10.85181354837357,1567.9478407107524,0.6,0,False
21.460000000000072,79.05000000000003,0.15,0.0297442412570341,0.05,0.1274919223774077,0.1095345585432139,0.2540090469012797,0.1982949415813643,1.1639424484530598,Laterite,11.91045123711575,10.892617422142717,565.4909976025838,22.602687106575384,1500.5755949236604,0.6,0,False
21.460000000000072,79.06000000000003,0.0838016917740845,0.0638388536790692,0.3851635213827679,0.2300142597371131,0.1774996649627058,0.715641353985892,0.7617847832355193,1.295857429679404,Laterite,2.6127830038731448,1.557130392175392,533.1976554212001,21.35129394321628,1514.2473699883221,0.5736003794676445,0,True
21.460000000000072,79.07000000000004,0.0599841014383873,0.1551071775851854,0.4275368034243829,0.3444665534813028,0.1953066426327283,0.4675747706522108,2.5858047983918406,1.7637216464403396,Laterite,18.511995483534037,19.10896382876135,319.0282865763262,17.66430650745874,1462.0998872349057,0.4827006231008334,1,False
21.460000000000072,79.08000000000004,0.0813951694544154,0.150132214571567,0.179781346263841,0.0733505418732432,0.1706240116127968,0.0898693936927279,1.844485556003401,0.4298957757288619,Laterite,3.415151804298042,4.9392233398378504,515.7162618708419,20.995035469432597,1421.4353596559117,0.5037240073933593,1,False
21.460000000000072,79.09000000000005,0.0918696627762139,0.0760826098936563,0.1884701755265249,0.2037547268030846,0.2377044373936023,0.4248209498602888,0.828158148312471,0.8571767904356793,Laterite,10.356694284050763,17.19290690705213,212.48542413549902,10.323823565087308,1480.575145460276,0.586489479562806,0,False
21.460000000000072,79.10000000000005,0.055499971233283,0.1229395341726421,0.2415746612221817,0.1783753186170135,0.2244303582865691,0.3254609244737197,2.2151278860015537,0.7947913994316746,Laterite,15.222358161534267,3.3762001156912835,586.7462201173574,24.460522253483187,1457.4837092874643,0.46631617543789594,0,False
21.460000000000072,79.11000000000006,0.1188563406773684,0.02,0.2118995980543489,0.1683629891193383,0.1645517917425362,0.827511559233593,0.1682703663026468,1.0231610803755276,Laterite,26.226675740555272,17.078857642837058,410.6379770359157,13.41339864967299,1552.8356147711456,0.5907835092847831,0,True
21.460000000000072,79.12000000000006,0.0717821227757407,0.1186980496445425,0.3107926873946705,0.2441648856581515,0.1003909670259229,0.4472614218170283,1.6535878975050111,2.432139988769004,Laterite,14.80639741020356,0.2645762581058797,321.3124104261781,9.298759093488218,1510.0932971667721,0.5853018189533337,1,False
21.460000000000072,79.13000000000007,0.0796922926727404,0.0599820634108987,0.0946474713641238,0.2953479994495782,0.0766406244134095,0.2241836139599271,0.7526708207774914,3.853674227274886,Laterite,21.06776298094993,10.235609131389614,345.0332850378708,13.218418436698142,1509.0881434963756,0.6,0,False
21.460000000000072,79.14000000000007,0.0846177275616324,0.1042538246683166,0.1784072391963367,0.2072704899339555,0.1225909127492621,0.262340392723113,1.2320565388520557,1.69074921718558,Laterite,29.78450516997211,15.388851588431136,226.56214138419895,11.5522917276816,1486.7793476913544,0.6,0,False
21.460000000000072,79.15000000000008,0.0771675983184321,0.0818699032704093,0.445019720017502,0.2306840499291976,0.1794406723208056,0.6892331915971919,1.0609362601448282,1.285572812546207,Laterite,3.944673596939449,18.695910349855666,595.7398056168156,25.0,1374.3717283744934,0.5586186377280234,0,False
21.460000000000072,79.16000000000008,0.0895682150140868,0.144416560391351,0.1991780032652099,0.2240016127141434,0.2329323539655945,0.1593780829217592,1.6123639419117777,0.9616595067384404,Laterite,8.241945765585585,18.18404272412974,215.716778060277,10.816353414292943,1600.0,0.4918660494742735,0,False
21.460000000000072,79.17000000000009,0.0457624044035906,0.0564425740664008,0.4172428278103046,0.2158262454449449,0.1622923517205375,0.7616875087099411,1.23338305053381,1.329860853107884,Laterite,11.837282267929393,16.392497390952897,461.96284925914364,17.274359694591688,1485.9864738612757,0.6,0,True
21.460000000000072,79.18000000000009,0.0474109473816174,0.1163442519024707,0.3293338195590263,0.1391460153601483,0.1996761397115593,0.4779000387214836,2.4539533184309543,0.6968585004270657,Laterite,12.654845356164941,17.763826993226083,377.09437108258334,18.944010442018932,1515.3789965076196,0.6,0,False
21.460000000000072,79.1900000000001,0.0310353730108474,0.079879701468136,0.1137732285411872,0.2926911221205981,0.1287946256906072,0.1750220203428742,2.573827650881912,2.272541422624666,Laterite,12.330632257966373,3.98439371674153,579.566487275486,22.218817036105815,1463.2553917356495,0.5615179907547858,1,False
21.460000000000072,79.2000000000001,0.077105036918605,0.0845477808796107,0.3591329195216342,0.235463675771114,0.1720184562613748,0.6188800602140525,1.0965273365890462,1.3688279778331116,Laterite,27.228330076696647,5.683685914234575,298.3998961227181,12.85897780245319,1584.5965171721468,0.5077125876322808,0,False
21.460000000000072,79.21000000000011,0.0871680951053615,0.0833458442736288,0.2847332697807286,0.2421417043001757,0.1818678414738558,0.5471308144440004,0.9561508035396692,1.331415725862909,Laterite,21.420979334005693,5.77937049842117,412.8347295752045,17.180742485818048,1543.1714468519813,0.5398505971101399,0,False
21.460000000000072,79.22000000000011,0.0774131859845546,0.0566930758202326,0.2518532943750404,0.1577443259682044,0.0415402862073706,0.6325150361290693,0.7323439156516505,3.797381770578098,Laterite,18.237156422721114,7.541078620033977,392.9424834331012,16.024855835750042,1494.6817357368216,0.5021645124246048,0,False
21.460000000000072,79.23000000000012,0.1137947730004241,0.1167088537728492,0.3227957093172153,0.2181054865688978,0.1196680598811714,0.4689072032575085,1.025608211985742,1.8225873019351568,Laterite,9.281181535883462,7.866413407703774,481.14657762004055,22.7249583440929,1516.3885194329139,0.46789527281198806,1,False
21.460000000000072,79.24000000000012,0.0632721194351265,0.087654071115124,0.3466633485566945,0.2012706061602404,0.1876450192138904,0.596359403630756,1.3853506372022433,1.072613634490118,Laterite,24.71371152663884,10.89110649309351,227.2040927809682,8.056616158875089,1600.0,0.5998542424292602,0,False
21.460000000000072,79.25000000000013,0.0833822496677732,0.099629609936266,0.3708591821974778,0.1059112714585751,0.1537034167818251,0.5764846617780048,1.1948539433001992,0.6890625700273468,Laterite,28.651815344549668,3.1975952673288277,277.5156520093419,8.863941655632058,1532.351528406051,0.5347407170801302,0,False
21.460000000000072,79.26000000000013,0.0304489737158184,0.0931802058277112,0.4188252847548165,0.094837597236157,0.07997424759245,0.6360187241215027,3.06020841264948,1.1858516956716578,Laterite,24.635948476506798,13.824933275719786,285.82592803713993,11.949404640627002,1526.9133231193198,0.6,0,False
21.460000000000072,79.27000000000014,0.0514670089257657,0.1215397819844861,0.3427135912778524,0.1706476448552946,0.03,0.4764075437761988,2.3615085524717414,5.0,Laterite,0.046953155744187125,3.35133078609013,495.2603019366759,19.836192445455108,1488.9309256931517,0.5499105001630363,1,False
21.460000000000072,79.28000000000014,0.083826132726971,0.1263803446418913,0.165236591121381,0.2489764536509615,0.1211509627348962,0.1332441353739065,1.5076485146077083,2.055092653207099,Laterite,19.09204110550221,6.20616964209095,275.65547853069603,18.24041077694429,1441.2709424764998,0.6,1,False
21.460000000000072,79.29000000000015,0.0883130633222919,0.0472350671268844,0.2563354542348985,0.1663803827048982,0.1356807153553025,0.6888033334104153,0.5348593435267626,1.2262640430998402,Laterite,1.5340614432630217,10.06690261212308,429.39670555639066,19.244544351062896,1527.998066321148,0.4945443236357692,0,False
21.460000000000072,79.30000000000015,0.0539009915700721,0.1238309000236272,0.5,0.140483636168644,0.0948838525085791,0.6029985047259212,2.297377027524762,1.4805852872371872,Laterite,7.728216610011655,15.928811230469545,286.0975282003815,11.102049191245314,1552.274255616346,0.5555983665558862,1,False
21.460000000000072,79.31000000000016,0.0604520224442555,0.0538805057902827,0.3779491060381914,0.1853664051280282,0.146054246851396,0.7504547888707215,0.8912936825370578,1.269161349273976,Mn_bearing_schist,1.7857410104331506,14.789384664774545,544.6499800335914,20.58152602969214,1590.9792232164984,0.6,0,True
21.460000000000072,79.32000000000016,0.0169437875995731,0.1459045061831572,0.5,0.2151912364557861,0.1640393373616409,0.5482164783993799,5.0,1.3118270275025137,Mn_bearing_schist,18.11386358848163,12.910687128210444,576.8741817958554,20.275847420356406,1423.5751732751323,0.48843299254779105,0,False
21.460000000000072,79.33000000000017,0.0516491239757991,0.1133295513881108,0.446843408219938,0.1861298726025862,0.1720743585363077,0.5953765726315101,2.1942202005554035,1.0816827915423814,Mn_bearing_schist,20.597697404778202,3.115465211603403,407.3971899768962,14.924444744229142,1479.7451836489636,0.5337944096281242,0,False
21.460000000000072,79.34000000000017,0.0889514949055909,0.02,0.3323802071555948,0.3621865016544523,0.03,0.8864862461727695,0.2248416398031638,5.0,Mn_bearing_schist,3.4346291419771537,10.940906912311554,340.92355368367134,14.435031613671237,1506.9629454722926,0.5542135592399329,1,True
21.460000000000072,79.35000000000018,0.0793761504831942,0.119468920819524,0.3392407069781321,0.3409481327929265,0.0724657451095898,0.4791087275971499,1.5050984450840614,4.7049558630331525,Mn_bearing_schist,11.515166491349385,1.748930035997709,293.62311000699964,15.08895355348119,1535.8259575714549,0.5642393348170508,1,False
21.460000000000072,79.36000000000018,0.0770199716414335,0.0900382021052581,0.3063419960123363,0.3380810254316568,0.122768867582259,0.5456977792526794,1.1690240864736827,2.7538009579647844,Mn_bearing_schist,13.68709526866626,7.547263535933015,219.9124006092175,11.406394976826567,1528.7483154236938,0.6,0,False
21.460000000000072,79.37000000000019,0.0633732106154259,0.0574693896825807,0.1371195384153714,0.2915006254991296,0.1664286565518689,0.4093251834542397,0.9068404304248364,1.751505007391143,Mn_bearing_schist,11.071590652827497,8.270330605799183,307.40003047899813,13.266524266584346,1529.9155657157517,0.5926296514149824,0,False
21.460000000000072,79.3800000000002,0.0619718947588423,0.1416740932279558,0.3136047252468442,0.1394825391466092,0.1621017006774974,0.3776381087903412,2.286102329945802,0.8604631442952257,Mn_bearing_schist,3.630750014555791,0.7962287889150765,461.69431197812713,18.590927667683662,1556.4048029286123,0.6,1,False
21.460000000000072,79.3900000000002,0.0418303658157936,0.0613128343744987,0.433767455254242,0.1235344769508858,0.1610534973938293,0.7523115514936266,1.465749415100127,0.7670400138663177,Mn_bearing_schist,12.568433705624262,5.479761989399437,413.44677252368433,17.764573567977823,1490.8353444611596,0.5860459928901883,0,True
21.460000000000072,79.4000000000002,0.082484852606073,0.0550249228352734,0.2536360005179023,0.1313190795926084,0.1181091029015488,0.6434603883790893,0.6670912419683841,1.1118455415827375,Mn_bearing_schist,22.535341434252544,19.112989345329787,577.6165113123709,23.0300786430463,1582.7070721117998,0.6,0,False
21.460000000000072,79.41000000000021,0.0740291883316786,0.0901277976001991,0.3556952999062042,0.3019154293336409,0.1207183281344973,0.595679101715054,1.217462996820205,2.5009908085138925,Mn_bearing_schist,2.130229935997664,19.07265215659379,358.5109049966802,18.374682366389425,1557.6726220850892,0.5799828840881651,0,False
21.460000000000072,79.42000000000021,0.0760405654397808,0.1143435898519319,0.4005591045893434,0.1698965747782177,0.1005035365789082,0.5558633073233374,1.503718298782415,1.6904536933959695,Mn_bearing_schist,2.4054004224571033,7.0465410850507855,477.54533693135784,19.51934200958975,1520.008386793711,0.5539658264736993,0,False
21.460000000000072,79.43000000000022,0.0453789547199693,0.0810740565595901,0.2253319560687765,0.1203050672432418,0.1751497064052875,0.4708063599165502,1.7866003499030083,0.6868699334052837,Mn_bearing_schist,10.643138755079526,0.8620021789664811,395.72909899004856,16.316036741425233,1600.0,0.6,0,False
21.460000000000072,79.44000000000023,0.01,0.1332148218267651,0.2720697135656581,0.1774302659846048,0.0905355606130161,0.3426108809461071,5.0,1.959785354917408,Mn_bearing_schist,28.25177134856775,3.581898786563631,405.0304863696847,12.444625415362193,1600.0,0.6,1,False
21.460000000000072,79.45000000000023,0.0938345813526075,0.1076190264785586,0.2163088509523091,0.1905976127799677,0.1788818197594734,0.3355371118479706,1.1469015453850897,1.06549459821964,Mn_bearing_schist,20.05717940168742,7.844355868670803,307.109725841647,12.405368883689764,1582.6447677598055,0.6,0,False
21.460000000000072,79.46000000000024,0.0464348763197444,0.02,0.2367834393310848,0.2257889291586108,0.1465926619068772,0.8442267141969054,0.4307107403325798,1.5402471451675952,Mn_bearing_schist,20.360098700176945,18.955593959384597,381.9803107367999,17.588814556629874,1385.0721614717254,0.5073821367674765,0,True
21.460000000000072,79.47000000000024,0.0347967270787029,0.0648413214597145,0.1911394716347198,0.2242665714498343,0.1337677760772371,0.4933891664249729,1.8634316131719464,1.6765365909401813,Mn_bearing_schist,10.857599725135948,2.8239812707436984,388.3139988050829,14.0443047961347,1600.0,0.6,1,False
21.460000000000072,79.48000000000025,0.0813643673574162,0.0633663160259267,0.2307551538622237,0.1484273605288456,0.1030044800111713,0.5691146513141006,0.7787968862302141,1.4409796580561345,Mn_bearing_schist,17.809823736256153,15.270316873364244,482.65700869957357,18.609268026829938,1575.7379261237118,0.5811724891444086,0,False
21.460000000000072,79.49000000000025,0.0486796208024225,0.1048344381371715,0.4636455680798108,0.2540959474759507,0.0678829069417882,0.6311763403382871,2.15355904983957,3.7431506479168735,Mn_bearing_schist,0.30393552083230135,2.1736507874938416,576.2559996744455,25.0,1600.0,0.6,0,False
21.470000000000077,79.0,0.098038091521398,0.02,0.1866522970909751,0.1758564526374874,0.1119773621810968,0.8064381541181975,0.2040023389810124,1.5704643247090864,Laterite,19.082881392286268,19.62515154782554,331.7285109930017,10.868706844338963,1600.0,0.5763238309222901,0,True
21.470000000000077,79.01,0.0846301784873002,0.1961403883487079,0.2917459219060738,0.2093606564306454,0.1276796565687547,0.1959586311980005,2.317617564121991,1.639733861235228,Laterite,27.3986084272871,7.6323299821827,216.8801874325194,11.152276491438812,1600.0,0.5909177430546882,1,False
21.470000000000077,79.02000000000001,0.0865070796960136,0.1152410437957673,0.2297131246329097,0.268074184935233,0.03,0.3318472170532009,1.3321573687091195,5.0,Laterite,18.377204050344574,15.504690777981121,398.51805020025586,15.540630977997791,1595.9327425091421,0.6,0,False
21.470000000000077,79.03000000000002,0.0249013286639832,0.0997750721567064,0.3987865937036997,0.1747725017238941,0.1339522422332656,0.5997483199415086,4.0068171904552825,1.304737409987285,Laterite,26.21095780399035,6.851821656222636,417.7845328596674,16.630552428170404,1600.0,0.6,0,False
21.470000000000077,79.04000000000002,0.1021183195615911,0.183173521253794,0.4129162296603679,0.2154544804191819,0.189857868401299,0.3854163035276137,1.7937381055701935,1.1348198635112547,Laterite,21.719191663982816,12.553377543176174,267.3762204527661,8.8929190419474,1600.0,0.6,0,False
21.470000000000077,79.05000000000003,0.0734775159370147,0.1872061621125036,0.3691069982139014,0.2605167634785169,0.1718208952716922,0.3269756120131576,2.5478019972558315,1.516211185577592,Laterite,3.6167524921107077,3.8403216948007346,504.1858425104267,21.76383595879021,1562.8277369190334,0.5136995123817396,1,False
21.470000000000077,79.06000000000003,0.0544416858226129,0.1281098657835347,0.3142134553102827,0.1587586776376462,0.1184697062129231,0.4207410747063029,2.3531575779199536,1.34007825779786,Laterite,27.07359921857525,2.920420385939251,593.9716433765966,25.0,1473.3884727962168,0.5370584819169448,0,False
21.470000000000077,79.07000000000004,0.0697016540202665,0.1310525238588633,0.2613940463159178,0.1915645583477125,0.1454468149207598,0.3321255231401122,1.8801924504221823,1.3170763369439895,Laterite,1.9933153306732465,18.761282791362625,578.3098868033844,25.0,1536.626954999366,0.5641693629375257,0,False
21.470000000000077,79.08000000000004,0.0119929430130493,0.0981476009785736,0.1662125295808831,0.2571019524629997,0.1151117715288984,0.2574704757200671,5.0,2.233498354033284,Laterite,16.019024176432914,18.35294555808867,278.8424155294609,9.889863456513131,1571.497279969295,0.5478543057163154,1,False
21.470000000000077,79.09000000000005,0.0774195843444189,0.0870789698653203,0.4806528881122283,0.3616864709005154,0.1501780366667831,0.6932390927992421,1.1247666916610235,2.4083845992885857,Laterite,4.26411371380373,17.749378804257645,550.1452959603043,25.0,1555.7443792187012,0.5844874127921912,1,False
21.470000000000077,79.10000000000005,0.0341588547545366,0.0735281822398021,0.2112326982247536,0.2599783153333892,0.2195653911871997,0.4835794710001735,2.152536510750062,1.1840587162178389,Laterite,0.35119832192712197,12.50866900333187,481.7974545646739,19.441534848326246,1489.671901692152,0.5371678486231742,0,False
21.470000000000077,79.11000000000006,0.0243398914246927,0.0593355203314164,0.3544646347032936,0.2503847834092976,0.1908049401312418,0.7132165387318421,2.437789021007789,1.3122552440510673,Laterite,12.661027803829171,16.165364224325565,381.5386255227646,18.646412692970312,1470.4466187403743,0.5554172747898195,0,True
21.470000000000077,79.12000000000006,0.0191292244134619,0.0841352668156235,0.3949565572623496,0.3049873330285053,0.1682397152846356,0.6487718528280751,4.398258107975807,1.812814128526266,Laterite,8.851221229624688,1.3807387382274983,416.2443977298916,18.956869376407546,1514.9418665683818,0.5741783504540899,1,False
21.470000000000077,79.13000000000007,0.0980606512496963,0.0379977614262786,0.2343719503094774,0.141576680815303,0.1173757543808119,0.720983943330733,0.3874924437404958,1.2061833505696211,Laterite,14.580014813928091,6.695780837813583,539.8400699929832,16.60705311876417,1592.3869777993307,0.5493573987836168,0,True
21.470000000000077,79.14000000000007,0.0456820981892148,0.0888051419725969,0.394601252731607,0.2244917717075899,0.1793369196472397,0.6325859857167755,1.9439812376911536,1.2517878193959844,Laterite,17.315996602036524,6.2740624951431245,392.0539758553493,14.327423061396164,1600.0,0.5800649108758406,0,False
21.470000000000077,79.15000000000008,0.1104518312974934,0.0242732969109422,0.3681213203338969,0.2140163458164481,0.057316152431345,0.8762811930235489,0.2197636436066655,3.733962179324698,Laterite,1.3121721692684207,12.712906439052265,349.2829476420508,16.442226597422895,1597.8283806890083,0.6,1,True
21.470000000000077,79.16000000000008,0.0482459561084295,0.099116660965746,0.4653963835381883,0.238310917826089,0.1288623259004531,0.6488419108710344,2.054403493166304,1.8493451517028416,Laterite,3.690098853712369,7.11915546941281,397.2989972103943,16.857439428056466,1600.0,0.6,1,False
21.470000000000077,79.17000000000009,0.0129792612722099,0.116800808381795,0.2465653533573411,0.2683866764079682,0.170485570991195,0.3571178568713104,5.0,1.5742486281399413,Laterite,16.75927189351276,2.970135632873616,431.65192161401967,15.937984838501785,1547.9592213419453,0.5933206666430165,0,False
21.470000000000077,79.18000000000009,0.0305842668015385,0.1260966355161044,0.1658135982720411,0.2901347729030323,0.178141060702385,0.1360588226966906,4.122924898675966,1.62867994383891,Laterite,10.295020595179746,11.929341508270873,275.63106151133957,10.217448531984857,1464.895877114825,0.516239194922188,1,False
21.470000000000077,79.1900000000001,0.1010343486002064,0.0700547371991976,0.244751024455562,0.1930972963570514,0.1744342245107844,0.5549335764459624,0.6933754520164939,1.1069920297344744,Laterite,21.87520462648344,16.28767841338163,560.3630921067963,19.53598893093775,1529.238970955988,0.5934148520706881,0,False
21.470000000000077,79.2000000000001,0.0591630546618981,0.2,0.3170853542534468,0.2187026242160209,0.155501534460482,0.2264333214384847,3.3804880563537565,1.4064338646829044,Laterite,19.56874945775819,7.642469889199464,469.67477953184556,19.393035905440772,1539.0617794065042,0.6,0,False
21.470000000000077,79.21000000000011,0.0472713811052801,0.1449846360072097,0.3029212727085197,0.1283520003760058,0.130793751045803,0.3526111926473509,3.067070018064445,0.9813312887778924,Laterite,25.368130889697206,2.645374301969634,453.3075669349956,23.309194740989675,1527.1473756583391,0.6,0,False
21.470000000000077,79.22000000000011,0.0684005467755816,0.0406182999966081,0.2586562103725595,0.1916064905397911,0.1672987984913215,0.7285548977563672,0.5938300474481808,1.1452950777479796,Laterite,20.77478480007676,3.933763946256461,239.79849047225525,11.601470551141954,1554.7347432688546,0.6,0,True
21.470000000000077,79.23000000000012,0.0785334820850243,0.0995347234970729,0.1079802541022906,0.31105834837236,0.0925769479706819,0.0406984146342109,1.2674176762284626,3.359997870472775,Laterite,12.897932321704443,4.74966610338768,441.6695752690367,22.783732971920045,1574.0709879947708,0.6,0,False
21.470000000000077,79.24000000000012,0.0968819644770717,0.0657197542825039,0.3468482996129261,0.2357165837739727,0.0978061368353344,0.6814113274352941,0.678348695439825,2.410038788566196,Laterite,20.188998671832973,5.997951859890724,248.38426489539694,12.114138550221499,1594.6507594122982,0.6,0,False
21.470000000000077,79.25000000000013,0.1066949768967856,0.0492808109317002,0.4979344479082359,0.2116355273831793,0.1429467338230116,0.8198850994134669,0.4618850138857514,1.480520202001692,Laterite,8.261435227662556,12.855901410126183,231.47907007815962,11.699919939962035,1538.0940067818065,0.6,0,True
21.470000000000077,79.26000000000013,0.0523269406263252,0.0360771171550393,0.3480251238123167,0.3455286293377988,0.1483398821354341,0.8121483639106761,0.6894558836092866,2.329303651390267,Laterite,9.18940496334638,12.01890969075438,410.92435825695736,21.070005636196605,1456.8120297178937,0.5746425302000929,1,True
21.470000000000077,79.27000000000014,0.0232185694175366,0.1067886676303667,0.3634135519053681,0.1172415515189188,0.0482192410717643,0.5457755696555587,4.599278502050311,2.4314267224008463,Laterite,23.6695547976238,13.921597231340783,361.114213618598,15.800952086126035,1527.8561140355664,0.6,1,False
21.470000000000077,79.28000000000014,0.0504760451662994,0.0620647905972135,0.3606445306155275,0.1345381111187588,0.1620773190474724,0.706347660115614,1.229589011377075,0.8300859850497898,Laterite,13.392585492047465,7.250039690630263,435.5241080624893,17.772383192923296,1554.1855198497224,0.5287370151304429,0,True
21.470000000000077,79.29000000000015,0.0705684151974842,0.1278530409610046,0.3440046669882577,0.3317897987893332,0.1777764188959661,0.4580864577180685,1.811760125575083,1.86633188284022,Laterite,23.951410215550574,16.479953037599564,235.68886722289545,11.885684500864668,1600.0,0.524886737382986,1,False
21.470000000000077,79.30000000000015,0.0337272322136792,0.1287112885812139,0.3983665966868277,0.2148172655234193,0.1350957381266815,0.5116042914935087,3.8162422396281417,1.5901113413583063,Mn_bearing_schist,24.672671210048353,4.081753223115205,372.39322513890335,18.42406485503141,1523.609607890918,0.5792085354912857,1,False
21.470000000000077,79.31000000000016,0.0338054725531462,0.1437365754084542,0.3456373681185852,0.1943191874597082,0.2575033141641958,0.4125695602298008,4.2518729698955084,0.7546279084405828,Mn_bearing_schist,25.726870129838513,9.380814950363078,269.9146860180632,10.286515965328215,1577.6271814200934,0.595044228515062,0,False
21.470000000000077,79.32000000000016,0.072713636446494,0.054504529357032,0.2757322830346915,0.1270556972432985,0.1044532446842368,0.6699063984067612,0.749577822616273,1.2163882271512994,Mn_bearing_schist,27.49905707523622,16.018774430828607,594.8400343696467,23.341863267388554,1566.5043949818948,0.5602436454425477,0,False
21.470000000000077,79.33000000000017,0.0608204294528838,0.1074346244276765,0.2283011089991442,0.2420387386476443,0.1203656418306526,0.3600048267183097,1.7664233090340349,2.010862358770889,Mn_bearing_schist,12.929556615398887,3.603172954652385,424.4600849740698,17.963548938781333,1554.1950266562926,0.6,1,False
21.470000000000077,79.34000000000017,0.0631439098623449,0.1475996192653944,0.2839026344719525,0.2982146290402988,0.1184866546936355,0.3158801929640371,2.3375115565921347,2.516862591485006,Mn_bearing_schist,9.566004549634165,2.197262274815659,474.9747443763469,21.45361208287778,1598.5266659663528,0.5063043204148205,1,False
21.470000000000077,79.35000000000018,0.0392851399589951,0.0690928729958373,0.3411129496450871,0.1334853947415504,0.134250619435445,0.6631307055362077,1.7587533833932965,0.9943000278394056,Mn_bearing_schist,17.465962397823414,17.673679353759795,330.16731227304314,15.353153442033253,1518.9579401624942,0.5428706147580451,0,False
21.470000000000077,79.36000000000018,0.0550079785738241,0.0570091217042808,0.2789917038877236,0.199980709011463,0.1214437593516812,0.660660823455605,1.0363791413300718,1.6466939916416967,Mn_bearing_schist,11.135172703128827,6.8585932551839175,237.89556591173766,7.063980045947204,1523.2406775179475,0.5469674768253496,0,False
21.470000000000077,79.37000000000019,0.034073005671948,0.1520808266310346,0.3429338683131644,0.1860138917576782,0.0673594727697521,0.3855502545537336,4.463381588607641,2.761510502277224,Mn_bearing_schist,18.03222500400699,13.67740249818064,590.3483451134147,25.0,1551.4049588454118,0.4999617703120564,1,False
21.470000000000077,79.3800000000002,0.0883859523337406,0.1256057855380611,0.3563150133700636,0.272542080299168,0.1101925851881718,0.4787285137035826,1.421105753566695,2.47332503894364,Mn_bearing_schist,21.16757587931474,0.5069720852787696,314.50361415327325,11.821987397592686,1519.9926747454383,0.6,0,False
21.470000000000077,79.3900000000002,0.0926174800417096,0.112778710028465,0.3966179431270406,0.1305524830445474,0.1324589652112917,0.5572067097115497,1.2176827727973998,0.9856069971385945,Mn_bearing_schist,20.652150554764106,13.800937768188993,369.5232740694297,14.866673092449078,1577.4006145528533,0.5235651670241538,0,False
21.470000000000077,79.4000000000002,0.01,0.0542769595268783,0.4424794968839208,0.2962363218159134,0.1985886041030952,0.7814745682094687,5.0,1.4917085650743305,Mn_bearing_schist,11.236586610603641,6.322026230939411,459.94556868103,17.359089975067278,1516.3403847818165,0.5392106414277968,0,True
21.470000000000077,79.41000000000021,0.0334346741942246,0.0382086213391076,0.322900741847909,0.2724076647118245,0.247092163668641,0.7883819957405055,1.1427843143579728,1.102453677838554,Mn_bearing_schist,5.005806050962585,1.1148170717488348,209.87891907444452,14.141612633309364,1563.31521038738,0.6,0,True
21.470000000000077,79.42000000000021,0.0163041223472944,0.0832286117264041,0.1852223434852576,0.2190932530664339,0.203573694892528,0.379934322231942,5.0,1.0762355768729135,Mn_bearing_schist,12.915880153866226,12.19625523096234,524.1036522069148,22.321793515864055,1546.9913615607854,0.6,0,False
21.470000000000077,79.43000000000022,0.0415792819677898,0.1061568878557138,0.2823895903181052,0.2310608282223671,0.0978510485163648,0.4535691669252383,2.5531197889044432,2.36135260162888,Mn_bearing_schist,4.277824322457262,4.8160763214634645,414.6312760114481,15.574353005780544,1562.7462982389586,0.5306211270153721,1,False
21.470000000000077,79.44000000000023,0.0584568609062858,0.0438711997273011,0.3222062567406846,0.1978504494805586,0.1016495194686867,0.7603173919060835,0.7504884622967292,1.946398274385024,Mn_bearing_schist,26.70291105551425,7.7361448410376,311.2868748275289,14.698133551071928,1529.0129302469713,0.6,0,True
21.470000000000077,79.45000000000023,0.0173506434090407,0.0858662076539796,0.1351231243823161,0.1526184012895363,0.1282935711245274,0.2228927353740184,4.948877406722009,1.1896028759105777,Mn_bearing_schist,10.376323822135722,1.6116162457302718,224.6431941169877,10.898404646827887,1535.0455852737819,0.5901313184105792,0,False
21.470000000000077,79.46000000000024,0.0330642056062372,0.026,0.4584664520102738,0.2109119288682467,0.2253079444426741,0.8926654263190058,0.7863488459695672,0.9361051573052686,Mn_bearing_schist,4.6337924166997135,2.9432650218989065,264.9993661897766,10.66618621074759,1556.8004633999758,0.6,0,True
21.470000000000077,79.47000000000024,0.0304812788375515,0.0410981031011999,0.3347377912510726,0.1875810742627686,0.1276287973909001,0.7812976154867028,1.3483063878454546,1.469739415794019,Mn_bearing_schist,0.7634327971725263,5.959544709916875,558.0135435413747,24.931777739790714,1562.1037253081888,0.6,0,True
21.470000000000077,79.48000000000025,0.0666980198819647,0.1463233849103906,0.359535283458055,0.3829209431393882,0.0693446254731231,0.4214851140006986,2.193819021163696,5.0,Mn_bearing_schist,19.374671588594527,1.7951900112031427,474.40968957435643,18.116486477269792,1551.7899042305655,0.5748591230330354,1,False
21.470000000000077,79.49000000000025,0.0624403301110839,0.1096916208111103,0.4588526462526535,0.2721632815831216,0.1104811431523428,0.6141316439322578,1.7567431248407903,2.4634365066397894,Mn_bearing_schist,19.1070695236423,18.216525293726306,299.9606886547559,11.512525477382992,1600.0,0.5571749021440289,1,False
21.480000000000075,79.0,0.0445078733998818,0.0785649293845244,0.2157857169857698,0.2858258295135621,0.1820928000909699,0.4661813698958314,1.7651917111864055,1.5696712292512505,Laterite,10.21812499743875,0.12094086367956836,226.2403059780118,5.406246106618366,1518.4631540630558,0.5322115144258673,0,False
21.480000000000075,79.01,0.0713446261641812,0.0693542559279971,0.3371041930884079,0.2951937514923668,0.1785570138448033,0.6587387658996117,0.9721020286964014,1.6532184593074508,Laterite,2.15135666542953,9.677204377286229,476.24612495465453,17.195686371338148,1564.7898102524844,0.5455077240712737,0,False
21.480000000000075,79.02000000000001,0.0495195974623813,0.0527838579389584,0.2696135876898118,0.1415871093748117,0.1338691666754161,0.672554117979179,1.065918556233521,1.057652876949205,Laterite,12.28886684685696,2.464949162651029,428.96309038710604,21.48872371080412,1489.3185488942709,0.6,0,False
21.480000000000075,79.03000000000002,0.0576503466902176,0.0787692701623462,0.2630913132984139,0.2165956226795815,0.1778707336780003,0.5391731366517937,1.3663277768124753,1.2177136624955598,Laterite,9.336524851901807,6.15358178955897,361.80780978329403,18.35818266308188,1586.6040739334894,0.5958750234758821,0,False
21.480000000000075,79.04000000000002,0.1158835627089552,0.1193007396658104,0.2051807612195684,0.2871341921729345,0.03,0.2646684673639616,1.029488020337178,5.0,Laterite,20.313619192050282,18.521191196365308,345.44457967602557,14.525101450465659,1512.2376731812794,0.5953514836417163,0,False
21.480000000000075,79.05000000000003,0.1057738315537095,0.1696107759499031,0.4498603213686595,0.156985771133145,0.1485314617516335,0.4524013252379362,1.60352303871517,1.0569193164607542,Laterite,18.173377483580712,3.233891065479737,286.72571037164334,15.272767493198147,1554.0844872062912,0.6,0,False
21.480000000000075,79.06000000000003,0.0264525628921711,0.0952883497549357,0.2466499959924502,0.3157904693773513,0.18619427106843,0.4426577132272561,3.6022350568879555,1.696026775666419,Laterite,10.9378118459262,19.316646394366654,467.84450261500706,19.17337196907535,1549.3967837335538,0.4631005867897094,1,False
21.480000000000075,79.07000000000004,0.0902119725363742,0.0468403029606071,0.355046424689578,0.3808826457683911,0.1013368362422716,0.7668979850475516,0.5192249054281374,3.758580389089072,Laterite,6.536776627649703,4.115887539788434,588.2672111175482,24.024313191428693,1582.0445563301787,0.6,1,True
21.480000000000075,79.08000000000004,0.0895418966347466,0.1035137455146517,0.0984992612528145,0.2923271652192785,0.1009830731751839,-0.024822581177295,1.1560369982031355,2.89481351416858,Laterite,29.641078984667757,14.831322169336591,270.28609833473035,11.37494206087821,1540.360454122861,0.5804050158852395,0,False
21.480000000000075,79.09000000000005,0.0306321013374203,0.0596786011749642,0.4048988529689873,0.3166820394893362,0.0492975923618244,0.7430843848327311,1.948237253551944,5.0,Laterite,13.620048635883446,10.933545297946235,438.84664800620135,18.03543380961126,1538.2347151154208,0.5985904367503051,1,True
21.480000000000075,79.10000000000005,0.0895233293126446,0.0717098944455501,0.3930211155957149,0.2326837125309482,0.2219347797405328,0.6913918248160271,0.8010190742014732,1.0484328445417108,Laterite,20.64822707340711,17.689574551935184,369.67402229839047,14.972691615312577,1600.0,0.5585798389125874,0,False
21.480000000000075,79.11000000000006,0.1109779575523753,0.1452710436174796,0.2984434110297398,0.2848552364135461,0.1062523011489197,0.3452048175881971,1.309008083141367,2.6809323945484165,Laterite,4.216589027350823,11.079865110062618,378.67548869786594,18.064941576710186,1582.2283395238464,0.5555794073990165,1,False
21.480000000000075,79.12000000000006,0.0310436558126662,0.1627140022854173,0.2669057533862176,0.199860329994257,0.1541321638931035,0.2425208564109503,5.0,1.2966815284783744,Laterite,14.567690989781934,10.691184383126174,301.65891205112575,12.869392643375981,1539.9474573990067,0.6,0,False
21.480000000000075,79.13000000000007,0.0370749153695706,0.0982189724900559,0.3305000005613671,0.2722104668638823,0.1720958520741666,0.5418025387676736,2.649202870622035,1.5817375225778043,Laterite,0.8261015960839646,3.9091600073679977,530.0539502645677,23.510544789891263,1555.4583164095586,0.6,0,False
21.480000000000075,79.14000000000007,0.0950098440053036,0.0408432399554889,0.5,0.2620071693842498,0.2173233974570704,0.848964590918069,0.4298842960969448,1.205609576923005,Laterite,15.163653537313499,3.3245872410331745,394.10224165889645,18.483687786342017,1600.0,0.6,0,True
21.480000000000075,79.15000000000008,0.0725048593247679,0.099995862698824,0.1159763301096628,0.2361937821826326,0.1338451113007159,0.0739931710449879,1.379160838213627,1.76467993272834,Laterite,28.920522213531072,18.329783022310284,417.36234087930563,18.166469127947202,1556.2417560875651,0.6,0,False
21.480000000000075,79.16000000000008,0.0807842882571841,0.1338662916314986,0.3714027387574247,0.3077205193802909,0.1143885103110766,0.4701187541537505,1.6570832565809688,2.6901348594753025,Laterite,11.526201389574007,6.556763977000681,321.9043651189303,11.472139228138952,1533.5361688425007,0.5654759998028668,0,False
21.480000000000075,79.17000000000009,0.0743376764920132,0.0761546533693761,0.202938269784622,0.1775850613506786,0.1498333824285252,0.4542702657489531,1.0244422056305975,1.185216927989129,Laterite,1.1698803772473476,7.441645099257919,272.7233862667799,8.65774264985442,1533.7501924938003,0.5451461109558937,0,False
21.480000000000075,79.18000000000009,0.0757208776278426,0.1885579326793058,0.2930081603700397,0.2422871686162072,0.2052040138271118,0.2168969725581182,2.4901709850356504,1.180713593167175,Laterite,0.9286737275803059,15.196473168567767,234.3641552811282,10.062734406328286,1540.5436759506413,0.5386636309025409,1,False
21.480000000000075,79.1900000000001,0.0240858361506657,0.1425298115807256,0.2711119880921469,0.2213823428950763,0.1323113734299581,0.3108539238104677,5.0,1.6731920846166002,Laterite,11.639602798406084,6.776469648456147,485.64765636996634,19.892806405765395,1538.275113878784,0.5524394814697096,1,False
21.480000000000075,79.2000000000001,0.0951795311986416,0.1571893132857362,0.2539681742202381,0.1423272320237373,0.0928965459207934,0.2353814872690541,1.6515033341835712,1.532104670413469,Laterite,4.800748093895821,19.041248932780054,278.49371267514226,11.778687552637837,1504.017607582658,0.4613674811849704,1,False
21.480000000000075,79.21000000000011,0.0987276997728313,0.1026697250612513,0.2966534870947412,0.2299852360660126,0.063422109584229,0.485781332213499,1.0399282591764785,3.626262784557013,Laterite,0.7005628898455774,14.758555379976006,476.0301416755191,19.802481157982786,1511.789995152771,0.5306752810377091,0,False
21.480000000000075,79.22000000000011,0.0566382776779572,0.1137756679922375,0.1851828854722355,0.0934748710932258,0.0792151307697358,0.2388532344320377,2.008812281303465,1.1800128342518206,Laterite,22.686408418505305,11.9485848514684,356.15057841878155,20.006754754449034,1526.5339812820516,0.5444325851777772,0,False
21.480000000000075,79.23000000000012,0.0620956915055821,0.1466674915332405,0.4024180436128118,0.2867868174099696,0.1833195748703302,0.4657754314452411,2.361959223593797,1.5644091333747927,Laterite,13.755690266456721,17.61790321089505,366.30992039586056,12.602460838544847,1597.5785509227749,0.5903240478762984,0,False
21.480000000000075,79.24000000000012,0.0173467749233262,0.1078157574827559,0.1209856488801555,0.2164646156596124,0.1238887761846563,0.0575603603185648,5.0,1.7472496068751766,Laterite,8.677343159179635,0.992118166989655,387.67099843710866,12.17306572857061,1548.9381356364763,0.5874393063510432,1,False
21.480000000000075,79.25000000000013,0.0785876426805329,0.0696906356883882,0.3552764512828502,0.1764374967267312,0.1093639545039612,0.6720186675223353,0.8867887268614129,1.6133057492814955,Laterite,27.00249549049442,5.141253843784175,347.0834032510173,15.126562135831605,1557.641915545418,0.6,0,False
21.480000000000075,79.26000000000013,0.0802017232514221,0.0931037725005469,0.2695464147465593,0.1850326165672032,0.1037616388407995,0.486536746435298,1.160869973985366,1.7832468574708251,Laterite,3.4841688060157683,9.3007266844182,240.24799088903603,9.257487844533443,1600.0,0.599253731377852,1,False
21.480000000000075,79.27000000000014,0.0610542694900184,0.0989221981509461,0.1860075106192715,0.1958794679266512,0.1436322930100057,0.3056378810536453,1.620233913454575,1.363756462320282,Laterite,28.677564868659577,4.539570789430421,323.8527240011383,14.125999239507331,1600.0,0.5709278456828621,0,False
21.480000000000075,79.28000000000014,0.0965306007961127,0.0488508060587921,0.3242383370598869,0.3122138157048758,0.1272272453117173,0.7381279675556833,0.5060654922408063,2.453985502040285,Mn_bearing_schist,9.419001521320585,14.878103746043038,465.4937442775754,20.56333872280031,1553.8937528432334,0.48454222515293655,1,True
21.480000000000075,79.29000000000015,0.0526576830705994,0.0832896433854287,0.14920489132937,0.2500417285116233,0.1253633928140338,0.2835131070777568,1.5817187230890588,1.9945354277630785,Mn_bearing_schist,26.652110169260435,18.384160621074503,466.31376058754836,21.997949414838974,1536.4568244659497,0.5474058787546414,1,False
21.480000000000075,79.30000000000015,0.0794981777768055,0.1327018847292065,0.3097713821719818,0.1620123436905016,0.2063061963905333,0.4001812327394228,1.6692443559504988,0.7853004245460743,Mn_bearing_schist,18.088286294383845,8.475402398618467,314.4897228959977,10.089286813232029,1524.7784843164432,0.5231693997343159,0,False
21.480000000000075,79.31000000000016,0.031850069839234,0.02,0.1644123092188633,0.1518772229160593,0.2155608140930779,0.7830947389155197,0.627942106191839,0.7045678663099816,Mn_bearing_schist,24.801220792244624,6.842652002237899,384.0410506230752,14.888274646913809,1600.0,0.6,0,True
21.480000000000075,79.32000000000016,0.0616134354737702,0.1948170692933098,0.3537272084318024,0.3081394913308427,0.0579789163545463,0.2896942791355788,3.161925113882891,5.0,Mn_bearing_schist,29.520394896313928,19.231014642751326,277.37889120477496,12.414976317960484,1557.7646383240058,0.6,1,False
21.480000000000075,79.33000000000017,0.0569693722629123,0.1331949687481224,0.2160642666369821,0.1599356816769413,0.1546796365571439,0.2372716007745883,2.3380101135682136,1.033980200195632,Mn_bearing_schist,8.652163134562372,8.897048656550817,284.1488326119343,13.380461883538384,1548.6752554839804,0.6,1,False
21.480000000000075,79.34000000000017,0.0688392376612255,0.0697294153667769,0.2643005982970892,0.2143936841855585,0.0992768950689263,0.5824961078732863,1.0129312530832928,2.1595526715531665,Mn_bearing_schist,28.834064562227788,9.780968008985663,209.21883536264295,13.104350574020227,1527.3167712432423,0.6,0,False
21.480000000000075,79.35000000000018,0.0508741921349965,0.1096756331148682,0.3396949387943368,0.2185628249766925,0.1255274443069411,0.511869979938866,2.15582062921526,1.7411556971409738,Mn_bearing_schist,11.68445684707261,7.032997446838108,558.6986199630978,25.0,1529.5166795495506,0.566892468058457,1,False
21.480000000000075,79.36000000000018,0.0578958221298471,0.1142516817991235,0.2339457888157974,0.2777332190650375,0.1532239192563305,0.3437535223070901,1.9734011436186685,1.8125970163911156,Mn_bearing_schist,11.56535714210767,18.19096946024277,284.28266602996246,11.731533892809214,1584.0029095747823,0.5679033128167486,1,False
21.480000000000075,79.37000000000019,0.0865014151432423,0.136779614737543,0.3063036000331913,0.2693789301127238,0.1269440041534497,0.382600783794316,1.5812413514035375,2.122029564900884,Mn_bearing_schist,10.211613127635172,11.379109665637015,291.0135507745853,10.3446931097224,1502.228086705757,0.5259803948313055,1,False
21.480000000000075,79.3800000000002,0.0484970728828505,0.1267073257107932,0.1616169498755366,0.12059259441928,0.1489229940313772,0.1210776445432635,2.6126798571039385,0.8097647722076778,Mn_bearing_schist,16.242228220427556,15.243491743632893,311.8405730580527,11.864777505314157,1600.0,0.5246250541699125,0,False
21.480000000000075,79.3900000000002,0.0132826869778366,0.0405823223944776,0.376987560359638,0.08990261667811,0.1708685103015914,0.8056262000166534,3.05527956479476,0.5261508774601731,Mn_bearing_schist,4.624351295354613,16.236134367017726,250.96322867817162,9.271395549009604,1541.3077678093741,0.6,1,True
21.480000000000075,79.4000000000002,0.1138475171261595,0.1105304965385624,0.4912913805551001,0.1686786903140077,0.1517688400270114,0.632680363485708,0.9708643563916484,1.1114184583136095,Mn_bearing_schist,16.611344560740335,6.836980838345164,455.7051532725451,20.2981819767169,1560.5182027875305,0.5764587741488252,0,False
21.480000000000075,79.41000000000021,0.1026836223607114,0.0786348858542654,0.5,0.3342069885482452,0.1045181847916141,0.7282055133105797,0.7657977384305125,3.197596560778581,Mn_bearing_schist,16.25114437230012,8.6738866264076,230.05718127103464,10.099710777464772,1501.1511020930923,0.500614648603866,0,True
21.480000000000075,79.42000000000021,0.0223521191468282,0.0899933028207192,0.3257168146666678,0.3493521870061086,0.105220019651479,0.5670381880864297,4.026164223040693,3.320206438197308,Mn_bearing_schist,22.8570543781461,16.969435488125292,253.6809705305401,7.922741297088147,1567.3817030880018,0.546443569872489,1,False
21.480000000000075,79.43000000000022,0.0816912341573525,0.0573731239612025,0.3963204140797429,0.335682399489604,0.0645147351690933,0.7470842355555928,0.7023167722066664,5.0,Mn_bearing_schist,25.009498858127568,7.265107033516205,457.90269063603716,18.207475838320683,1551.583952865592,0.5384953095029694,0,True
21.480000000000075,79.44000000000023,0.0457907568834564,0.1562454827648284,0.1403374327092758,0.1936913042567434,0.0936239851239591,-0.0536377829611625,3.412162040065812,2.068821400770455,Mn_bearing_schist,13.21324050937272,15.878702669037025,335.86424819257707,15.749438781593554,1565.4959700572967,0.5892122130222426,1,False
21.480000000000075,79.45000000000023,0.0686646164599284,0.127742472796098,0.469573432630584,0.0821519442610535,0.2342434180949213,0.5722783483106435,1.860382817176416,0.3507118573239583,Mn_bearing_schist,9.069997480544812,18.819846451488743,483.1791306804756,20.83578848830127,1600.0,0.6,1,False
21.480000000000075,79.46000000000024,0.0694667238704014,0.073279899473399,0.3978228504724363,0.051104715461235,0.0963598212952326,0.6889005656779997,1.0548921164703604,0.5303529491988399,Mn_bearing_schist,7.780046919512834,12.46420746136014,422.9698978680568,18.76103497652791,1576.884902289632,0.5739323608788329,0,False
21.480000000000075,79.47000000000024,0.0534877659905068,0.0323955757235854,0.2727066555049028,0.1633173286915324,0.0761110593778037,0.7876411743530857,0.6056632776319129,2.1457765771761546,Mn_bearing_schist,5.838715101146158,14.832545749037777,302.40846922460526,13.366196304473078,1528.26704079283,0.4604734645581287,0,True
21.480000000000075,79.48000000000025,0.0368870300324045,0.0912250231891449,0.4457180800289275,0.230561815067443,0.1515963930922333,0.6602059969653604,2.4730921101996097,1.520892484394908,Mn_bearing_schist,1.7294274659707465,16.1019462408227,460.33118019573124,22.43332731070652,1532.4340044727917,0.5652037349193508,1,False
21.480000000000075,79.49000000000025,0.0395637684305086,0.1028001058436468,0.2974523923354929,0.296743778073908,0.1299017620354015,0.4863237264695192,2.598339583459424,2.2843706905576897,Mn_bearing_schist,10.2734393650414,16.900792977932852,246.50947211715226,10.743314132530084,1597.7565592958085,0.5913490147310683,0,False
21.49000000000008,79.0,0.0385942425355621,0.103728233757848,0.2335974816985489,0.2809463821679697,0.1343403381575378,0.3849965832770561,2.6876608186701163,2.091303221444776,Laterite,8.107430763923498,7.901066757135919,414.56415323201213,16.501460788925776,1600.0,0.5887539884532239,1,False
21.49000000000008,79.01,0.0410053337530859,0.1440653129907287,0.3278334925427542,0.2358183555294117,0.2143922983206035,0.3894228537097752,3.513331058512687,1.099938557805718,Laterite,28.99252157599222,1.0252691835199634,374.8592420180139,13.787625001816792,1598.0959010376807,0.5679129045653452,0,False
21.49000000000008,79.02000000000001,0.0638246512985186,0.125356788887233,0.1748645500169736,0.1573108660341182,0.1712163337779171,0.1649042046576408,1.9640810586572603,0.9187842215234324,Laterite,16.731264787501317,8.03752542473479,307.1494331269763,13.297111963376768,1600.0,0.6,0,False
21.49000000000008,79.03000000000002,0.0442472003266766,0.132362761030115,0.3842624764400008,0.1520454309228557,0.117080353414825,0.4875869336052288,2.991438096732409,1.298641713646716,Laterite,10.418311170915226,13.475124595681795,441.6019990958,13.518675266108165,1600.0,0.6,0,False
21.49000000000008,79.04000000000002,0.0860615619713777,0.1064742160244162,0.1774010188073221,0.2367889380949983,0.1221762041204097,0.249852026718573,1.2371866540849985,1.938093752428449,Laterite,17.41402802981088,9.007007715615856,548.533436936113,22.486981868672622,1600.0,0.5987584842936676,0,False
21.49000000000008,79.05000000000003,0.1100973846600769,0.037648050791559,0.1788945210176882,0.2674935685187786,0.1180906743047143,0.6522803760053494,0.3419522713786641,2.265154042579504,Laterite,4.175901040370865,14.979263017207971,599.5618799052306,24.570065276208588,1486.5204913638265,0.5780772523335832,1,False
21.49000000000008,79.06000000000003,0.0479584027588977,0.0852120587541224,0.1938310211591739,0.2458316883571884,0.1867769810790114,0.3892551730717557,1.7767910037544763,1.3161776510435066,Laterite,13.321312476066087,7.1396485893732775,443.1051074973698,15.733771105155846,1600.0,0.5785083588426073,0,False
21.49000000000008,79.07000000000004,0.0724221350160602,0.135263589596345,0.36165000375162,0.1456781428275315,0.1274526185273415,0.4555850697994263,1.8677106022844825,1.1429984287218105,Laterite,18.787029642631914,12.69488282208059,361.88234973166806,13.221899561507511,1600.0,0.5756707165149673,0,False
21.49000000000008,79.08000000000004,0.0801105533090869,0.0906190828590125,0.2249224638480375,0.2633467340154433,0.0530223248772908,0.4256282012560139,1.1311753446048922,4.966714193091936,Laterite,14.666934953773541,3.7283960970794916,290.08284008648064,13.706100063899843,1517.0638146933495,0.6,0,False
21.49000000000008,79.09000000000005,0.079160068127577,0.1126236147449481,0.1527004215632918,0.2473137676970959,0.140084016063281,0.1510485343162791,1.422732663912906,1.765467427838652,Laterite,12.053364019629727,14.987388732899138,302.8384357580447,13.079691654735118,1539.7165907998074,0.6,0,False
21.49000000000008,79.10000000000005,0.0671586580374814,0.0795700673901528,0.2278320000064294,0.1422533515666844,0.0654686999436017,0.482306231131399,1.1848072846730184,2.172845214154928,Laterite,29.815451666990946,10.913919376260516,391.78199125990625,16.527826303244083,1541.4608625687206,0.6,0,False
21.49000000000008,79.11000000000006,0.0870404725507904,0.0509475260583242,0.286095762931961,0.1619975320789788,0.2513515300877431,0.6976796289530824,0.5853314499190237,0.6445058518560731,Laterite,26.40944286446781,4.081287770932011,346.91108051228366,15.067323422542533,1547.560490181259,0.6,0,False
21.49000000000008,79.12000000000006,0.0791074685804183,0.0870262374381535,0.1721027516335715,0.2647947182193063,0.0936766043076364,0.3283172387132559,1.1001014049599511,2.8266899712445226,Laterite,18.702178744783204,5.838223469956145,565.5258090499776,23.748830552980248,1559.914147453352,0.6,0,False
21.49000000000008,79.13000000000007,0.0273901273301796,0.104141897721304,0.1759318890965762,0.1998844725397841,0.1336867617321113,0.2563252782964709,3.802169156999097,1.4951702756538168,Laterite,17.081320835468482,14.972174171636647,347.3181870622838,16.957316253311788,1596.1301406528753,0.6,0,False
21.49000000000008,79.14000000000007,0.0904746819316767,0.06537249122154,0.5,0.3272403111145483,0.1545101367350546,0.7687454120071036,0.722550107428419,2.11792130806207,Laterite,18.61981439473752,9.652024713230414,349.3778364581742,14.804268215831222,1600.0,0.521032741896487,0,True
21.49000000000008,79.15000000000008,0.0908987251180007,0.0819915502057309,0.2068434596186228,0.2507790493245165,0.1269870919660362,0.4322603047518051,0.902009901779064,1.9748389009026648,Laterite,6.039363234672997,4.3206288078614445,353.4138049735908,11.809148979595449,1600.0,0.6,0,False
21.49000000000008,79.16000000000008,0.0412614168746409,0.0697599114167258,0.2614957631227113,0.2176029801920966,0.1267384799266879,0.5788152970199975,1.6906814290842187,1.7169448469499935,Laterite,11.854132297929558,19.345423807405954,534.6480841470632,25.0,1542.108846941739,0.5691548945124357,1,False
21.49000000000008,79.17000000000009,0.0651781350634264,0.1358297967025613,0.2579762999200838,0.2143856079726305,0.1621513643080414,0.3101691523672609,2.0839779530663827,1.322132618219269,Laterite,1.1837859867269795,14.30250039633776,460.31532833876076,19.920485882106057,1541.764850064979,0.6,0,False
21.49000000000008,79.18000000000009,0.0844198697843303,0.079101769696476,0.2534643192229687,0.2192368374846359,0.2171907979398113,0.5242944343501537,0.937004165072263,1.0094204702192289,Laterite,14.2663811246048,19.142696650795923,445.66754012755706,17.390973377058074,1600.0,0.6,0,False
21.49000000000008,79.1900000000001,0.0575205854126173,0.1488102218050446,0.3586346739969236,0.1635126780730758,0.1790754540908622,0.4134920932033855,2.587077660612522,0.9130937504075838,Laterite,16.290737518729895,8.542100907206864,333.6572089535449,11.395580269807668,1600.0,0.5684777404603409,0,False
21.49000000000008,79.2000000000001,0.0958693414329785,0.1516699140216335,0.3922142950472188,0.1503188261275615,0.2144456939286743,0.4422713088015148,1.5820481459076254,0.7009645346735748,Laterite,6.832492083096287,9.50200681383441,527.1616707329758,22.756898055790085,1588.143242093578,0.6,1,False
21.49000000000008,79.21000000000011,0.1344761748385789,0.0870981614111273,0.267704556846855,0.2629972925666602,0.088009044595322,0.5090332911528109,0.6476847028918609,2.98829845815426,Laterite,28.920865414965412,17.959104323700384,215.34554454228046,8.738387012646267,1600.0,0.6,0,False
21.49000000000008,79.22000000000011,0.0398604190209485,0.049822050698103,0.1755521713407798,0.2727691307929418,0.1560281316627651,0.5578726770499856,1.24991286586646,1.748204812242942,Laterite,27.28363832811726,10.500986804907694,548.3188689352453,25.0,1582.5098109075561,0.6,0,False
21.49000000000008,79.23000000000012,0.0218886619053847,0.02,0.4275440227849055,0.255564702868702,0.1477423026029109,0.9106233173618168,0.9137150546287336,1.7298004579135795,Laterite,21.664297063677175,14.145578238113343,405.0999599175718,16.18735043523184,1600.0,0.5490578765312674,0,True
21.49000000000008,79.24000000000012,0.0723145578681441,0.0309185170789252,0.2914658908803474,0.3190722666026609,0.1573545645838336,0.8081885081536533,0.4275559160929305,2.02772806269561,Laterite,16.001598862960876,5.043457549910599,359.3000939453651,13.296075668358615,1567.1966651748412,0.6,0,True
21.49000000000008,79.25000000000013,0.0847268751537821,0.0346666070040503,0.4749321814857329,0.1747758734791825,0.2084315985317754,0.863945488763882,0.4091571523228444,0.838528680998841,Laterite,26.09907478943055,8.934529374052811,398.8669122870743,18.41104711509995,1597.4402467220898,0.5876325250563719,0,True
21.49000000000008,79.26000000000013,0.0560340087846547,0.1445787850984568,0.0782414102435002,0.3295989536249736,0.1284005425103939,-0.2977170661006666,2.580197062039063,2.5669591959986984,Laterite,3.919570314703887,2.468997316207102,466.9662122135324,21.307489294330846,1508.4726974816535,0.5797997497584001,1,False
21.49000000000008,79.27000000000014,0.1064378198996287,0.0938929834890744,0.323240322128349,0.1490355217012036,0.1189848316722922,0.5498178531796265,0.8821392949367238,1.252558998330317,Mn_bearing_schist,23.71529382824655,4.1196007175392335,205.10617060715896,8.883393177185347,1549.6107852588566,0.5448847862159627,0,False
21.49000000000008,79.28000000000014,0.0225618260083002,0.1360634352527788,0.4964606333876383,0.1690944126770396,0.1657790398709296,0.5697762598228711,5.0,1.019998744755014,Mn_bearing_schist,3.744624419005449,0.01886830535262174,548.620742583299,24.21191170298728,1550.149441160611,0.5520528818653991,1,False
21.49000000000008,79.29000000000015,0.0833875586909459,0.02,0.2701735864562021,0.0883028782495464,0.049989863621704,0.862151477759494,0.2398439322362266,1.7664156626057803,Mn_bearing_schist,23.826319876482163,0.7853010329732046,378.69581012455717,15.70361784703874,1565.2804983397825,0.6,0,True
21.49000000000008,79.30000000000015,0.0443041753772307,0.0408013428313058,0.2838506576665548,0.1799943280321166,0.1268773975438874,0.7486456710190084,0.9209367377184324,1.4186476974986115,Mn_bearing_schist,8.273027047540708,19.545676463538587,337.18660788003126,14.517172197019796,1537.6743372611409,0.5240504985559198,0,True
21.49000000000008,79.31000000000016,0.1139413371862163,0.1240231910578477,0.3368511691590528,0.1756394364219319,0.1318301155357235,0.4617917515629705,1.08848284574988,1.332316486069567,Mn_bearing_schist,26.312717430545668,4.8470739027352465,255.29822625362283,12.967407859028796,1557.3228187089742,0.5351083369637629,0,False
21.49000000000008,79.32000000000016,0.1220154605950409,0.0998309644952995,0.2523204181115236,0.247415609617819,0.0923420691846498,0.4330224474602621,0.8181829083513593,2.679337939191572,Mn_bearing_schist,28.321262814761933,13.266214190080039,375.7861497433769,16.908392907350375,1508.2792968802223,0.5630256734693044,0,False
21.49000000000008,79.33000000000017,0.0391203023664969,0.0822917888525721,0.2778928067947465,0.2273723659134249,0.1910329505678248,0.5430576994453002,2.103557070476328,1.1902259014403669,Mn_bearing_schist,4.463879082153469,16.78199397599223,398.52910851375157,16.266830644741066,1600.0,0.5614054812407022,1,False
21.49000000000008,79.34000000000017,0.0455132859227398,0.1105936943440008,0.2762184905808799,0.1264918640286536,0.0848879841328317,0.4281788491906625,2.429921106745505,1.4901032834247816,Mn_bearing_schist,13.880268151961806,11.013209184731284,361.45867779739115,17.765503333410265,1579.8743240545584,0.5482014399073194,0,False
21.49000000000008,79.35000000000018,0.0876676366093913,0.1532519122454284,0.2481579265573834,0.1822091633101858,0.131026347581806,0.2364317092260742,1.7481013290393803,1.3906299498836363,Mn_bearing_schist,29.42962134488055,3.062890001679124,471.46403753075884,14.914624151531928,1498.7396196113275,0.5672811559146625,0,False
21.49000000000008,79.36000000000018,0.0501460805063117,0.0787983014585137,0.4346856550200771,0.1833976585238549,0.1522978612661442,0.6930836864561187,1.5713750806796982,1.2042037680551714,Mn_bearing_schist,14.502223079194398,14.562328746723328,368.35861150369044,19.452422102164306,1542.2585044727946,0.5030936463321127,0,False
21.49000000000008,79.37000000000019,0.0602776634620299,0.0902347921063184,0.3588078032296651,0.0847812427126602,0.2051325780738016,0.5981014136589521,1.496985562711144,0.41329974725335,Mn_bearing_schist,25.906425675436353,12.00502820199166,584.5670311386293,20.94504144099475,1600.0,0.5496018882543181,0,False
21.49000000000008,79.3800000000002,0.0622816526162693,0.0949838767492477,0.3386628232103523,0.1401337291090567,0.1367521782559529,0.5619296686164416,1.5250699460715478,1.0247275823592512,Mn_bearing_schist,17.661945663939594,14.625011786947502,439.7110071294367,17.067106314181938,1556.8489026808388,0.6,0,False
21.49000000000008,79.3900000000002,0.01,0.1827843854109551,0.3953571006890342,0.1545430458570062,0.183907679706406,0.3676828602549833,5.0,0.8403294849877337,Mn_bearing_schist,11.259897237588056,15.394932457141744,522.9911742607635,21.709463857141674,1549.1529269932234,0.6,0,False
21.49000000000008,79.4000000000002,0.0608648676171698,0.02,0.2889644166796763,0.3085537513874586,0.1719497698638517,0.8705352528394097,0.3285967874429151,1.7944411990334417,Mn_bearing_schist,8.573506665776106,19.508207353694903,243.74236124379155,9.862970377034992,1580.2703661497244,0.5552732196926511,1,True
21.49000000000008,79.41000000000021,0.0404681667780716,0.1140689205915476,0.2388796181647334,0.2213015501170068,0.1429128778084524,0.3536229331834919,2.818732089724522,1.5485067081132384,Mn_bearing_schist,6.096692732582618,11.471265600534199,358.91651717836226,16.967676962484873,1600.0,0.6,1,False
21.49000000000008,79.42000000000021,0.0462463153280036,0.0819679100496326,0.2569375695385681,0.2539518127763169,0.0820843295863224,0.5162786380731015,1.7724203385941188,3.093791637779951,Mn_bearing_schist,22.853945741330918,6.8328222538120365,334.7390805788611,11.83178845356541,1512.1823771481702,0.5954349152798953,1,False
21.49000000000008,79.43000000000022,0.1042289601040611,0.1090508690473623,0.3182783041104853,0.102395515199547,0.0646509569547776,0.4896165489194826,1.0462626589947814,1.5838205629777302,Mn_bearing_schist,11.596215204690836,12.969291138004742,427.7929552546367,18.346240103909324,1600.0,0.6,0,False
21.49000000000008,79.44000000000023,0.023104793171619,0.059905097840206,0.2130788291627346,0.2905950138109711,0.1415252700709543,0.5611089742465594,2.5927562794422867,2.053308313490228,Mn_bearing_schist,15.338263866022535,1.3688141848525226,544.4454080245703,21.528801137917586,1543.9853359197593,0.5726366994970733,1,False
21.49000000000008,79.45000000000023,0.0850761556024359,0.0840613987656569,0.2698738983413578,0.2977771444116781,0.1088851563048642,0.5249900223063092,0.988072369650455,2.7347818035404448,Mn_bearing_schist,14.769764400035458,17.947946366431726,231.33528710480266,10.229252254708278,1583.1036015876382,0.6,0,False
21.49000000000008,79.46000000000024,0.0521911120900423,0.1142964231786146,0.2691883358128823,0.0665158522998675,0.1818030545840594,0.4039063064754327,2.1899595234228717,0.3658676275569736,Mn_bearing_schist,17.31837087699394,2.3876202267639357,229.0299192178843,9.413368781149426,1582.2289929655528,0.49141354611797367,0,False
21.49000000000008,79.47000000000024,0.0520471949451214,0.2,0.5,0.1567278293258818,0.1729528259049236,0.4285714285102041,3.8426662537071055,0.9061883112648308,Mn_bearing_schist,25.967314368736567,6.556856757716365,540.1270832630396,22.69116644132594,1557.6466940881396,0.5313021037592647,0,False
21.49000000000008,79.48000000000025,0.0840311568815477,0.1178014475760775,0.05,0.2405035901110768,0.1262494502781421,-0.4040575842167992,1.4018782057462955,1.9049872248213424,Mn_bearing_schist,29.42218030750288,16.31490761252242,285.14003441534294,10.780985102377265,1532.8170126935925,0.5829999498469199,0,False
21.49000000000008,79.49000000000025,0.0704015388370631,0.0513773760787742,0.3055380278594638,0.2506071917476636,0.0774143538029311,0.7121033413101445,0.7297763210077565,3.2372186695751144,Mn_bearing_schist,12.227526257214508,11.946247566614236,467.5013017799255,18.45909300730473,1569.7156725955151,0.6,0,True
